signal_id,patient_id,decision_datetime,risk_score,priority_level,confidence_score,evidence_start,evidence_end,explanation,model_version
SIG-PAT-0001-08db769e39,PAT-0001,2026-07-13 03:00:00,0.9637,CRITICAL,0.4242,2026-07-12 00:00:00,2026-07-13 03:00:00,"Riesgo CRITICAL para PAT-0001: evidencia sostenida durante 9 ventana(s) (27h). Variable con mayor aporte: SpO2 (contribución=0.67, concordancia=0.43 con 3/7 variables disponibles). risk_score=0.964, confidence_score=0.424.",risa-vigia-0.1.0
SIG-PAT-0001-7702fcdc32,PAT-0001,2026-07-19 12:00:00,0.4455,MEDIUM,0.4242,2026-07-19 03:00:00,2026-07-19 12:00:00,"Riesgo MEDIUM para PAT-0001: evidencia sostenida durante 3 ventana(s) (9h). Variable con mayor aporte: TEMP (contribución=0.33, concordancia=0.14 con 1/7 variables disponibles). risk_score=0.445, confidence_score=0.424.",risa-vigia-0.1.0
SIG-PAT-0002-1493b74413,PAT-0002,2026-07-15 18:00:00,0.8318,CRITICAL,1.0,2026-07-11 15:00:00,2026-07-15 18:00:00,"Riesgo CRITICAL para PAT-0002: evidencia sostenida durante 33 ventana(s) (99h). Variable con mayor aporte: LAB_A (contribución=0.68, concordancia=0.18 con 2/11 variables disponibles). risk_score=0.832, confidence_score=1.000.",risa-vigia-0.1.0
SIG-PAT-0002-cb439b8b83,PAT-0002,2026-07-20 12:00:00,0.4776,MEDIUM,0.4242,2026-07-20 00:00:00,2026-07-20 12:00:00,"Riesgo MEDIUM para PAT-0002: evidencia sostenida durante 4 ventana(s) (12h). Variable con mayor aporte: DBP (contribución=0.27, concordancia=0.14 con 1/7 variables disponibles). risk_score=0.478, confidence_score=0.424.",risa-vigia-0.1.0
SIG-PAT-0003-def4de284c,PAT-0003,2026-07-14 12:00:00,0.5632,HIGH,0.4242,2026-07-13 00:00:00,2026-07-14 12:00:00,"Riesgo HIGH para PAT-0003: evidencia sostenida durante 12 ventana(s) (36h). Variable con mayor aporte: TEMP (contribución=0.27, concordancia=0.14 con 1/7 variables disponibles). risk_score=0.563, confidence_score=0.424.",risa-vigia-0.1.0
SIG-PAT-0004-61dc80dd1b,PAT-0004,2026-07-15 12:00:00,0.5822,HIGH,0.4242,2026-07-13 12:00:00,2026-07-15 12:00:00,"Riesgo HIGH para PAT-0004: evidencia sostenida durante 16 ventana(s) (48h). Variable con mayor aporte: SBP (contribución=0.29, concordancia=0.14 con 1/7 variables disponibles). risk_score=0.582, confidence_score=0.424.",risa-vigia-0.1.0
SIG-PAT-0004-8ec577da5d,PAT-0004,2026-07-16 00:00:00,0.9968,CRITICAL,0.3636,2026-07-15 12:00:00,2026-07-16 00:00:00,"Riesgo CRITICAL para PAT-0004: evidencia sostenida durante 4 ventana(s) (12h). Variable con mayor aporte: SpO2 (contribución=0.83, concordancia=0.67 con 4/6 variables disponibles). risk_score=0.997, confidence_score=0.364.",risa-vigia-0.1.0
SIG-PAT-0004-5f1dd3a146,PAT-0004,2026-07-22 09:00:00,0.4444,MEDIUM,0.4242,2026-07-21 21:00:00,2026-07-22 09:00:00,"Riesgo MEDIUM para PAT-0004: evidencia sostenida durante 4 ventana(s) (12h). Variable con mayor aporte: DBP (contribución=0.33, concordancia=0.14 con 1/7 variables disponibles). risk_score=0.444, confidence_score=0.424.",risa-vigia-0.1.0
SIG-PAT-0005-74fce88e5c,PAT-0005,2026-07-15 12:00:00,0.4475,MEDIUM,0.4242,2026-07-14 21:00:00,2026-07-15 12:00:00,"Riesgo MEDIUM para PAT-0005: evidencia sostenida durante 5 ventana(s) (15h). Variable con mayor aporte: HR (contribución=0.32, concordancia=0.14 con 1/7 variables disponibles). risk_score=0.448, confidence_score=0.424.",risa-vigia-0.1.0
SIG-PAT-0005-988fe06fa0,PAT-0005,2026-07-16 21:00:00,0.4341,MEDIUM,0.4242,2026-07-16 00:00:00,2026-07-16 21:00:00,"Riesgo MEDIUM para PAT-0005: evidencia sostenida durante 7 ventana(s) (21h). Variable con mayor aporte: SpO2 (contribución=0.29, concordancia=0.14 con 1/7 variables disponibles). risk_score=0.434, confidence_score=0.424.",risa-vigia-0.1.0
SIG-PAT-0005-ce1e4ad329,PAT-0005,2026-07-17 15:00:00,0.667,HIGH,0.4242,2026-07-17 00:00:00,2026-07-17 15:00:00,"Riesgo HIGH para PAT-0005: evidencia sostenida durante 5 ventana(s) (15h). Variable con mayor aporte: HR (contribución=0.29, concordancia=0.14 con 1/7 variables disponibles). risk_score=0.667, confidence_score=0.424.",risa-vigia-0.1.0
SIG-PAT-0005-c6ed970f38,PAT-0005,2026-07-20 18:00:00,0.3702,MEDIUM,0.4242,2026-07-20 00:00:00,2026-07-20 18:00:00,"Riesgo MEDIUM para PAT-0005: evidencia sostenida durante 6 ventana(s) (18h). Variable con mayor aporte: HR (contribución=0.23, concordancia=0.00 con 0/7 variables disponibles). risk_score=0.370, confidence_score=0.424.",risa-vigia-0.1.0
SIG-PAT-0006-f8c90f88a4,PAT-0006,2026-07-16 12:00:00,0.7498,HIGH,0.4242,2026-07-15 21:00:00,2026-07-16 12:00:00,"Riesgo HIGH para PAT-0006: evidencia sostenida durante 5 ventana(s) (15h). Variable con mayor aporte: HR (contribución=0.69, concordancia=0.14 con 1/7 variables disponibles). risk_score=0.750, confidence_score=0.424.",risa-vigia-0.1.0
SIG-PAT-0006-1858dc1cda,PAT-0006,2026-07-18 00:00:00,0.7239,HIGH,0.4242,2026-07-17 00:00:00,2026-07-18 00:00:00,"Riesgo HIGH para PAT-0006: evidencia sostenida durante 8 ventana(s) (24h). Variable con mayor aporte: HR (contribución=0.69, concordancia=0.14 con 1/7 variables disponibles). risk_score=0.724, confidence_score=0.424.",risa-vigia-0.1.0
SIG-PAT-0006-ba59a4b8c2,PAT-0006,2026-07-19 12:00:00,0.6517,HIGH,0.4242,2026-07-19 00:00:00,2026-07-19 12:00:00,"Riesgo HIGH para PAT-0006: evidencia sostenida durante 4 ventana(s) (12h). Variable con mayor aporte: DBP (contribución=0.49, concordancia=0.14 con 1/7 variables disponibles). risk_score=0.652, confidence_score=0.424.",risa-vigia-0.1.0
SIG-PAT-0006-c83ef8a799,PAT-0006,2026-07-20 12:00:00,0.5822,HIGH,0.4131,2026-07-19 12:00:00,2026-07-20 12:00:00,"Riesgo HIGH para PAT-0006: evidencia sostenida durante 8 ventana(s) (24h). Variable con mayor aporte: DBP (contribución=0.24, concordancia=0.00 con 0/7 variables disponibles). risk_score=0.582, confidence_score=0.413.",risa-vigia-0.1.0
SIG-PAT-0006-c1f2e35947,PAT-0006,2026-07-24 12:00:00,0.3555,MEDIUM,0.4242,2026-07-24 06:00:00,2026-07-24 12:00:00,"Riesgo MEDIUM para PAT-0006: evidencia sostenida durante 2 ventana(s) (6h). Variable con mayor aporte: DBP (contribución=0.26, concordancia=0.14 con 1/7 variables disponibles). risk_score=0.356, confidence_score=0.424.",risa-vigia-0.1.0
SIG-PAT-0007-1e84828cf6,PAT-0007,2026-07-19 12:00:00,0.941,CRITICAL,0.4242,2026-07-16 18:00:00,2026-07-19 12:00:00,"Riesgo CRITICAL para PAT-0007: evidencia sostenida durante 22 ventana(s) (66h). Variable con mayor aporte: SpO2 (contribución=0.58, concordancia=0.57 con 4/7 variables disponibles). risk_score=0.941, confidence_score=0.424.",risa-vigia-0.1.0
SIG-PAT-0007-4eaa0aebcb,PAT-0007,2026-07-21 12:00:00,0.7258,HIGH,0.4242,2026-07-21 00:00:00,2026-07-21 12:00:00,"Riesgo HIGH para PAT-0007: evidencia sostenida durante 4 ventana(s) (12h). Variable con mayor aporte: DBP (contribución=0.36, concordancia=0.29 con 2/7 variables disponibles). risk_score=0.726, confidence_score=0.424.",risa-vigia-0.1.0
SIG-PAT-0007-f71d4bc6f2,PAT-0007,2026-07-23 12:00:00,0.5177,MEDIUM,0.4242,2026-07-22 21:00:00,2026-07-23 12:00:00,"Riesgo MEDIUM para PAT-0007: evidencia sostenida durante 5 ventana(s) (15h). Variable con mayor aporte: SBP (contribución=0.40, concordancia=0.14 con 1/7 variables disponibles). risk_score=0.518, confidence_score=0.424.",risa-vigia-0.1.0
SIG-PAT-0007-f02f5de5c5,PAT-0007,2026-07-25 12:00:00,0.5418,MEDIUM,0.4242,2026-07-25 03:00:00,2026-07-25 12:00:00,"Riesgo MEDIUM para PAT-0007: evidencia sostenida durante 3 ventana(s) (9h). Variable con mayor aporte: SBP (contribución=0.34, concordancia=0.14 con 1/7 variables disponibles). risk_score=0.542, confidence_score=0.424.",risa-vigia-0.1.0
SIG-PAT-0008-1b23f5e149,PAT-0008,2026-07-10 18:00:00,0.6137,HIGH,0.4242,2026-07-10 00:00:00,2026-07-10 18:00:00,"Riesgo HIGH para PAT-0008: evidencia sostenida durante 6 ventana(s) (18h). Variable con mayor aporte: HR (contribución=0.41, concordancia=0.29 con 2/7 variables disponibles). risk_score=0.614, confidence_score=0.424.",risa-vigia-0.1.0
SIG-PAT-0008-7346228349,PAT-0008,2026-07-11 12:00:00,0.4634,MEDIUM,0.4242,2026-07-11 00:00:00,2026-07-11 12:00:00,"Riesgo MEDIUM para PAT-0008: evidencia sostenida durante 4 ventana(s) (12h). Variable con mayor aporte: HR (contribución=0.26, concordancia=0.14 con 1/7 variables disponibles). risk_score=0.463, confidence_score=0.424.",risa-vigia-0.1.0
SIG-PAT-0008-f9725b5fe6,PAT-0008,2026-07-12 00:00:00,0.7456,HIGH,0.7273,2026-07-11 12:00:00,2026-07-12 00:00:00,"Riesgo HIGH para PAT-0008: evidencia sostenida durante 4 ventana(s) (12h). Variable con mayor aporte: LAB_B (contribución=0.70, concordancia=0.12 con 1/8 variables disponibles). risk_score=0.746, confidence_score=0.727.",risa-vigia-0.1.0
SIG-PAT-0008-b003bf7590,PAT-0008,2026-07-13 15:00:00,0.4281,MEDIUM,0.4242,2026-07-13 03:00:00,2026-07-13 15:00:00,"Riesgo MEDIUM para PAT-0008: evidencia sostenida durante 4 ventana(s) (12h). Variable con mayor aporte: DBP (contribución=0.25, concordancia=0.00 con 0/7 variables disponibles). risk_score=0.428, confidence_score=0.424.",risa-vigia-0.1.0
SIG-PAT-0008-3f50065210,PAT-0008,2026-07-14 12:00:00,0.5828,HIGH,0.4242,2026-07-14 00:00:00,2026-07-14 12:00:00,"Riesgo HIGH para PAT-0008: evidencia sostenida durante 4 ventana(s) (12h). Variable con mayor aporte: DBP (contribución=0.42, concordancia=0.14 con 1/7 variables disponibles). risk_score=0.583, confidence_score=0.424.",risa-vigia-0.1.0
SIG-PAT-0009-6663789961,PAT-0009,2026-07-11 15:00:00,0.6666,HIGH,0.4242,2026-07-10 21:00:00,2026-07-11 15:00:00,"Riesgo HIGH para PAT-0009: evidencia sostenida durante 6 ventana(s) (18h). Variable con mayor aporte: HR (contribución=0.58, concordancia=0.14 con 1/7 variables disponibles). risk_score=0.667, confidence_score=0.424.",risa-vigia-0.1.0
SIG-PAT-0009-c3b62f353a,PAT-0009,2026-07-13 15:00:00,0.9983,CRITICAL,0.4242,2026-07-12 00:00:00,2026-07-13 15:00:00,"Riesgo CRITICAL para PAT-0009: evidencia sostenida durante 13 ventana(s) (39h). Variable con mayor aporte: SpO2 (contribución=0.84, concordancia=0.57 con 4/7 variables disponibles). risk_score=0.998, confidence_score=0.424.",risa-vigia-0.1.0
SIG-PAT-0009-4d6aa4bb53,PAT-0009,2026-07-15 12:00:00,0.4556,MEDIUM,0.4242,2026-07-14 00:00:00,2026-07-15 12:00:00,"Riesgo MEDIUM para PAT-0009: evidencia sostenida durante 12 ventana(s) (36h). Variable con mayor aporte: DBP (contribución=0.29, concordancia=0.14 con 1/7 variables disponibles). risk_score=0.456, confidence_score=0.424.",risa-vigia-0.1.0
SIG-PAT-0009-67258cb4bc,PAT-0009,2026-07-19 15:00:00,0.5005,MEDIUM,0.4242,2026-07-18 21:00:00,2026-07-19 15:00:00,"Riesgo MEDIUM para PAT-0009: evidencia sostenida durante 6 ventana(s) (18h). Variable con mayor aporte: SBP (contribución=0.31, concordancia=0.14 con 1/7 variables disponibles). risk_score=0.500, confidence_score=0.424.",risa-vigia-0.1.0
SIG-PAT-0010-cdc3f390c2,PAT-0010,2026-07-12 12:00:00,0.4829,MEDIUM,0.4242,2026-07-12 00:00:00,2026-07-12 12:00:00,"Riesgo MEDIUM para PAT-0010: evidencia sostenida durante 4 ventana(s) (12h). Variable con mayor aporte: HR (contribución=0.25, concordancia=0.14 con 1/7 variables disponibles). risk_score=0.483, confidence_score=0.424.",risa-vigia-0.1.0
SIG-PAT-0010-80a99a2e49,PAT-0010,2026-07-13 21:00:00,0.9602,CRITICAL,0.4242,2026-07-13 00:00:00,2026-07-13 21:00:00,"Riesgo CRITICAL para PAT-0010: evidencia sostenida durante 7 ventana(s) (21h). Variable con mayor aporte: DBP (contribución=0.76, concordancia=0.43 con 3/7 variables disponibles). risk_score=0.960, confidence_score=0.424.",risa-vigia-0.1.0
SIG-PAT-0010-527498784b,PAT-0010,2026-07-16 12:00:00,0.3736,MEDIUM,0.4242,2026-07-16 00:00:00,2026-07-16 12:00:00,"Riesgo MEDIUM para PAT-0010: evidencia sostenida durante 4 ventana(s) (12h). Variable con mayor aporte: DBP (contribución=0.14, concordancia=0.00 con 0/7 variables disponibles). risk_score=0.374, confidence_score=0.424.",risa-vigia-0.1.0
SIG-PAT-0011-745371c5e9,PAT-0011,2026-07-15 15:00:00,0.9577,CRITICAL,0.4242,2026-07-12 12:00:00,2026-07-15 15:00:00,"Riesgo CRITICAL para PAT-0011: evidencia sostenida durante 25 ventana(s) (75h). Variable con mayor aporte: TEMP (contribución=0.76, concordancia=0.43 con 3/7 variables disponibles). risk_score=0.958, confidence_score=0.424.",risa-vigia-0.1.0
SIG-PAT-0011-fc72b1fec2,PAT-0011,2026-07-16 12:00:00,0.3721,MEDIUM,0.4242,2026-07-16 00:00:00,2026-07-16 12:00:00,"Riesgo MEDIUM para PAT-0011: evidencia sostenida durante 4 ventana(s) (12h). Variable con mayor aporte: HR (contribución=0.23, concordancia=0.00 con 0/7 variables disponibles). risk_score=0.372, confidence_score=0.424.",risa-vigia-0.1.0
SIG-PAT-0011-d2bbd1c85b,PAT-0011,2026-07-18 12:00:00,0.5561,HIGH,0.4242,2026-07-17 00:00:00,2026-07-18 12:00:00,"Riesgo HIGH para PAT-0011: evidencia sostenida durante 12 ventana(s) (36h). Variable con mayor aporte: DBP (contribución=0.41, concordancia=0.14 con 1/7 variables disponibles). risk_score=0.556, confidence_score=0.424.",risa-vigia-0.1.0
SIG-PAT-0012-651ccff4d8,PAT-0012,2026-07-14 12:00:00,0.5993,HIGH,0.4242,2026-07-13 21:00:00,2026-07-14 12:00:00,"Riesgo HIGH para PAT-0012: evidencia sostenida durante 5 ventana(s) (15h). Variable con mayor aporte: HR (contribución=0.46, concordancia=0.14 con 1/7 variables disponibles). risk_score=0.599, confidence_score=0.424.",risa-vigia-0.1.0
SIG-PAT-0012-1897bad9d1,PAT-0012,2026-07-17 12:00:00,0.6756,HIGH,0.4242,2026-07-16 21:00:00,2026-07-17 12:00:00,"Riesgo HIGH para PAT-0012: evidencia sostenida durante 5 ventana(s) (15h). Variable con mayor aporte: SBP (contribución=0.53, concordancia=0.14 con 1/7 variables disponibles). risk_score=0.676, confidence_score=0.424.",risa-vigia-0.1.0
SIG-PAT-0012-0cc09fc93e,PAT-0012,2026-07-19 18:00:00,0.4925,MEDIUM,0.4242,2026-07-18 00:00:00,2026-07-19 18:00:00,"Riesgo MEDIUM para PAT-0012: evidencia sostenida durante 14 ventana(s) (42h). Variable con mayor aporte: HR (contribución=0.27, concordancia=0.14 con 1/7 variables disponibles). risk_score=0.493, confidence_score=0.424.",risa-vigia-0.1.0
SIG-PAT-0012-7ca15bcf00,PAT-0012,2026-07-21 12:00:00,0.4922,MEDIUM,0.4242,2026-07-21 00:00:00,2026-07-21 12:00:00,"Riesgo MEDIUM para PAT-0012: evidencia sostenida durante 4 ventana(s) (12h). Variable con mayor aporte: DBP (contribución=0.22, concordancia=0.00 con 0/7 variables disponibles). risk_score=0.492, confidence_score=0.424.",risa-vigia-0.1.0
SIG-PAT-0012-932d523c91,PAT-0012,2026-07-22 12:00:00,0.3766,MEDIUM,0.4242,2026-07-22 00:00:00,2026-07-22 12:00:00,"Riesgo MEDIUM para PAT-0012: evidencia sostenida durante 4 ventana(s) (12h). Variable con mayor aporte: HR (contribución=0.23, concordancia=0.00 con 0/7 variables disponibles). risk_score=0.377, confidence_score=0.424.",risa-vigia-0.1.0
SIG-PAT-0013-65391fa753,PAT-0013,2026-07-17 15:00:00,0.6509,HIGH,0.4242,2026-07-17 03:00:00,2026-07-17 15:00:00,"Riesgo HIGH para PAT-0013: evidencia sostenida durante 4 ventana(s) (12h). Variable con mayor aporte: DBP (contribución=0.28, concordancia=0.14 con 1/7 variables disponibles). risk_score=0.651, confidence_score=0.424.",risa-vigia-0.1.0
SIG-PAT-0013-e087d7013d,PAT-0013,2026-07-19 21:00:00,0.5913,HIGH,0.7095,2026-07-19 00:00:00,2026-07-19 21:00:00,"Riesgo HIGH para PAT-0013: evidencia sostenida durante 7 ventana(s) (21h). Variable con mayor aporte: LAB_C (contribución=0.43, concordancia=0.12 con 1/8 variables disponibles). risk_score=0.591, confidence_score=0.710.",risa-vigia-0.1.0
SIG-PAT-0013-3443853354,PAT-0013,2026-07-20 18:00:00,0.8525,CRITICAL,0.4131,2026-07-20 00:00:00,2026-07-20 18:00:00,"Riesgo CRITICAL para PAT-0013: evidencia sostenida durante 6 ventana(s) (18h). Variable con mayor aporte: DBP (contribución=0.81, concordancia=0.14 con 1/7 variables disponibles). risk_score=0.852, confidence_score=0.413.",risa-vigia-0.1.0
SIG-PAT-0013-6db6f57503,PAT-0013,2026-07-23 12:00:00,0.5458,MEDIUM,0.4242,2026-07-23 00:00:00,2026-07-23 12:00:00,"Riesgo MEDIUM para PAT-0013: evidencia sostenida durante 4 ventana(s) (12h). Variable con mayor aporte: SBP (contribución=0.23, concordancia=0.00 con 0/7 variables disponibles). risk_score=0.546, confidence_score=0.424.",risa-vigia-0.1.0
SIG-PAT-0014-042d8b8edb,PAT-0014,2026-07-16 18:00:00,0.7742,HIGH,0.4242,2026-07-16 00:00:00,2026-07-16 18:00:00,"Riesgo HIGH para PAT-0014: evidencia sostenida durante 6 ventana(s) (18h). Variable con mayor aporte: HR (contribución=0.61, concordancia=0.29 con 2/7 variables disponibles). risk_score=0.774, confidence_score=0.424.",risa-vigia-0.1.0
SIG-PAT-0014-8b541b3cfa,PAT-0014,2026-07-17 12:00:00,0.5025,MEDIUM,0.4242,2026-07-17 00:00:00,2026-07-17 12:00:00,"Riesgo MEDIUM para PAT-0014: evidencia sostenida durante 4 ventana(s) (12h). Variable con mayor aporte: DBP (contribución=0.31, concordancia=0.14 con 1/7 variables disponibles). risk_score=0.502, confidence_score=0.424.",risa-vigia-0.1.0
SIG-PAT-0014-93fa7ae0d5,PAT-0014,2026-07-18 15:00:00,0.7099,HIGH,0.4242,2026-07-17 12:00:00,2026-07-18 15:00:00,"Riesgo HIGH para PAT-0014: evidencia sostenida durante 9 ventana(s) (27h). Variable con mayor aporte: HR (contribución=0.65, concordancia=0.14 con 1/7 variables disponibles). risk_score=0.710, confidence_score=0.424.",risa-vigia-0.1.0
SIG-PAT-0015-88c5930477,PAT-0015,2026-07-19 12:00:00,0.9744,CRITICAL,0.4242,2026-07-18 09:00:00,2026-07-19 12:00:00,"Riesgo CRITICAL para PAT-0015: evidencia sostenida durante 9 ventana(s) (27h). Variable con mayor aporte: SpO2 (contribución=0.83, concordancia=0.43 con 3/7 variables disponibles). risk_score=0.974, confidence_score=0.424.",risa-vigia-0.1.0
SIG-PAT-0015-b6847e1700,PAT-0015,2026-07-25 09:00:00,0.6233,HIGH,0.4131,2026-07-25 00:00:00,2026-07-25 09:00:00,"Riesgo HIGH para PAT-0015: evidencia sostenida durante 3 ventana(s) (9h). Variable con mayor aporte: SBP (contribución=0.40, concordancia=0.14 con 1/7 variables disponibles). risk_score=0.623, confidence_score=0.413.",risa-vigia-0.1.0
SIG-PAT-0016-3f23af698b,PAT-0016,2026-07-12 09:00:00,0.7796,HIGH,0.7273,2026-07-09 15:00:00,2026-07-12 09:00:00,"Riesgo HIGH para PAT-0016: evidencia sostenida durante 22 ventana(s) (66h). Variable con mayor aporte: LAB_B (contribución=0.70, concordancia=0.12 con 1/8 variables disponibles). risk_score=0.780, confidence_score=0.727.",risa-vigia-0.1.0
SIG-PAT-0016-a3c22847b8,PAT-0016,2026-07-15 15:00:00,0.7041,HIGH,0.4242,2026-07-15 00:00:00,2026-07-15 15:00:00,"Riesgo HIGH para PAT-0016: evidencia sostenida durante 5 ventana(s) (15h). Variable con mayor aporte: DBP (contribución=0.66, concordancia=0.14 con 1/7 variables disponibles). risk_score=0.704, confidence_score=0.424.",risa-vigia-0.1.0
SIG-PAT-0017-96f7760145,PAT-0017,2026-07-11 12:00:00,0.7688,HIGH,0.7972,2026-07-11 00:00:00,2026-07-11 12:00:00,"Riesgo HIGH para PAT-0017: evidencia sostenida durante 4 ventana(s) (12h). Variable con mayor aporte: LAB_B (contribución=0.38, concordancia=0.33 con 3/9 variables disponibles). risk_score=0.769, confidence_score=0.797.",risa-vigia-0.1.0
SIG-PAT-0017-d85923cd73,PAT-0017,2026-07-13 00:00:00,0.7497,HIGH,0.7273,2026-07-11 21:00:00,2026-07-13 00:00:00,"Riesgo HIGH para PAT-0017: evidencia sostenida durante 9 ventana(s) (27h). Variable con mayor aporte: LAB_A (contribución=0.68, concordancia=0.12 con 1/8 variables disponibles). risk_score=0.750, confidence_score=0.727.",risa-vigia-0.1.0
SIG-PAT-0017-5eabc551f1,PAT-0017,2026-07-16 15:00:00,0.4479,MEDIUM,0.4242,2026-07-16 00:00:00,2026-07-16 15:00:00,"Riesgo MEDIUM para PAT-0017: evidencia sostenida durante 5 ventana(s) (15h). Variable con mayor aporte: SBP (contribución=0.31, concordancia=0.14 con 1/7 variables disponibles). risk_score=0.448, confidence_score=0.424.",risa-vigia-0.1.0
SIG-PAT-0018-c4c5bb84e2,PAT-0018,2026-07-12 21:00:00,0.7256,HIGH,0.4242,2026-07-12 00:00:00,2026-07-12 21:00:00,"Riesgo HIGH para PAT-0018: evidencia sostenida durante 7 ventana(s) (21h). Variable con mayor aporte: HR (contribución=0.61, concordancia=0.14 con 1/7 variables disponibles). risk_score=0.726, confidence_score=0.424.",risa-vigia-0.1.0
SIG-PAT-0018-a98adb993d,PAT-0018,2026-07-13 12:00:00,0.4971,MEDIUM,0.4242,2026-07-12 21:00:00,2026-07-13 12:00:00,"Riesgo MEDIUM para PAT-0018: evidencia sostenida durante 5 ventana(s) (15h). Variable con mayor aporte: HR (contribución=0.31, concordancia=0.14 con 1/7 variables disponibles). risk_score=0.497, confidence_score=0.424.",risa-vigia-0.1.0
SIG-PAT-0018-9c725944b0,PAT-0018,2026-07-14 00:00:00,0.7779,HIGH,0.7086,2026-07-13 12:00:00,2026-07-14 00:00:00,"Riesgo HIGH para PAT-0018: evidencia sostenida durante 4 ventana(s) (12h). Variable con mayor aporte: LAB_C (contribución=0.70, concordancia=0.12 con 1/8 variables disponibles). risk_score=0.778, confidence_score=0.709.",risa-vigia-0.1.0
SIG-PAT-0019-2daeb20254,PAT-0019,2026-07-13 12:00:00,0.4524,MEDIUM,0.4242,2026-07-12 12:00:00,2026-07-13 12:00:00,"Riesgo MEDIUM para PAT-0019: evidencia sostenida durante 8 ventana(s) (24h). Variable con mayor aporte: HR (contribución=0.25, concordancia=0.00 con 0/7 variables disponibles). risk_score=0.452, confidence_score=0.424.",risa-vigia-0.1.0
SIG-PAT-0019-808817b129,PAT-0019,2026-07-15 09:00:00,0.9868,CRITICAL,0.4242,2026-07-14 09:00:00,2026-07-15 09:00:00,"Riesgo CRITICAL para PAT-0019: evidencia sostenida durante 8 ventana(s) (24h). Variable con mayor aporte: SpO2 (contribución=0.82, concordancia=0.57 con 4/7 variables disponibles). risk_score=0.987, confidence_score=0.424.",risa-vigia-0.1.0
SIG-PAT-0020-847598b7e5,PAT-0020,2026-07-14 12:00:00,0.6568,HIGH,0.4242,2026-07-14 00:00:00,2026-07-14 12:00:00,"Riesgo HIGH para PAT-0020: evidencia sostenida durante 4 ventana(s) (12h). Variable con mayor aporte: HR (contribución=0.53, concordancia=0.14 con 1/7 variables disponibles). risk_score=0.657, confidence_score=0.424.",risa-vigia-0.1.0
SIG-PAT-0020-4fcaee5d04,PAT-0020,2026-07-16 15:00:00,0.9919,CRITICAL,0.4242,2026-07-15 00:00:00,2026-07-16 15:00:00,"Riesgo CRITICAL para PAT-0020: evidencia sostenida durante 13 ventana(s) (39h). Variable con mayor aporte: SpO2 (contribución=0.79, concordancia=0.57 con 4/7 variables disponibles). risk_score=0.992, confidence_score=0.424.",risa-vigia-0.1.0
SIG-PAT-0021-5632e98059,PAT-0021,2026-07-20 21:00:00,0.5475,MEDIUM,0.4242,2026-07-19 15:00:00,2026-07-20 21:00:00,"Riesgo MEDIUM para PAT-0021: evidencia sostenida durante 10 ventana(s) (30h). Variable con mayor aporte: HR (contribución=0.36, concordancia=0.14 con 1/7 variables disponibles). risk_score=0.547, confidence_score=0.424.",risa-vigia-0.1.0
SIG-PAT-0021-47b22235db,PAT-0021,2026-07-21 12:00:00,0.4609,MEDIUM,0.4242,2026-07-20 21:00:00,2026-07-21 12:00:00,"Riesgo MEDIUM para PAT-0021: evidencia sostenida durante 5 ventana(s) (15h). Variable con mayor aporte: DBP (contribución=0.31, concordancia=0.14 con 1/7 variables disponibles). risk_score=0.461, confidence_score=0.424.",risa-vigia-0.1.0
SIG-PAT-0021-631fa260f9,PAT-0021,2026-07-22 12:00:00,0.7383,HIGH,0.4242,2026-07-22 00:00:00,2026-07-22 12:00:00,"Riesgo HIGH para PAT-0021: evidencia sostenida durante 4 ventana(s) (12h). Variable con mayor aporte: SBP (contribución=0.59, concordancia=0.14 con 1/7 variables disponibles). risk_score=0.738, confidence_score=0.424.",risa-vigia-0.1.0
SIG-PAT-0021-a65c0bbc62,PAT-0021,2026-07-23 15:00:00,0.5214,MEDIUM,0.4242,2026-07-23 00:00:00,2026-07-23 15:00:00,"Riesgo MEDIUM para PAT-0021: evidencia sostenida durante 5 ventana(s) (15h). Variable con mayor aporte: HR (contribución=0.20, concordancia=0.00 con 0/7 variables disponibles). risk_score=0.521, confidence_score=0.424.",risa-vigia-0.1.0
SIG-PAT-0022-0f283dcbd8,PAT-0022,2026-07-06 12:00:00,0.6768,HIGH,0.4242,2026-07-05 21:00:00,2026-07-06 12:00:00,"Riesgo HIGH para PAT-0022: evidencia sostenida durante 5 ventana(s) (15h). Variable con mayor aporte: HR (contribución=0.40, concordancia=0.29 con 2/7 variables disponibles). risk_score=0.677, confidence_score=0.424.",risa-vigia-0.1.0
SIG-PAT-0022-160f6ab26d,PAT-0022,2026-07-07 12:00:00,0.5909,HIGH,0.4242,2026-07-07 00:00:00,2026-07-07 12:00:00,"Riesgo HIGH para PAT-0022: evidencia sostenida durante 4 ventana(s) (12h). Variable con mayor aporte: HR (contribución=0.41, concordancia=0.14 con 1/7 variables disponibles). risk_score=0.591, confidence_score=0.424.",risa-vigia-0.1.0
SIG-PAT-0022-7d586c04b8,PAT-0022,2026-07-08 21:00:00,0.8722,CRITICAL,0.4242,2026-07-07 12:00:00,2026-07-08 21:00:00,"Riesgo CRITICAL para PAT-0022: evidencia sostenida durante 11 ventana(s) (33h). Variable con mayor aporte: DBP (contribución=0.54, concordancia=0.43 con 3/7 variables disponibles). risk_score=0.872, confidence_score=0.424.",risa-vigia-0.1.0
SIG-PAT-0022-2443dcc283,PAT-0022,2026-07-13 12:00:00,0.3525,MEDIUM,0.4242,2026-07-13 00:00:00,2026-07-13 12:00:00,"Riesgo MEDIUM para PAT-0022: evidencia sostenida durante 4 ventana(s) (12h). Variable con mayor aporte: SBP (contribución=0.18, concordancia=0.00 con 0/7 variables disponibles). risk_score=0.352, confidence_score=0.424.",risa-vigia-0.1.0
SIG-PAT-0023-765bd91551,PAT-0023,2026-07-28 12:00:00,0.561,HIGH,0.4136,2026-07-28 00:00:00,2026-07-28 12:00:00,"Riesgo HIGH para PAT-0023: evidencia sostenida durante 4 ventana(s) (12h). Variable con mayor aporte: HR (contribución=0.26, concordancia=0.14 con 1/7 variables disponibles). risk_score=0.561, confidence_score=0.414.",risa-vigia-0.1.0
SIG-PAT-0023-32fec93c14,PAT-0023,2026-07-29 15:00:00,0.4044,MEDIUM,0.8182,2026-07-29 03:00:00,2026-07-29 15:00:00,"Riesgo MEDIUM para PAT-0023: evidencia sostenida durante 4 ventana(s) (12h). Variable con mayor aporte: HR (contribución=0.24, concordancia=0.00 con 0/9 variables disponibles). risk_score=0.404, confidence_score=0.818.",risa-vigia-0.1.0
SIG-PAT-0024-da73f6e671,PAT-0024,2026-07-23 15:00:00,0.9676,CRITICAL,0.4242,2026-07-22 12:00:00,2026-07-23 15:00:00,"Riesgo CRITICAL para PAT-0024: evidencia sostenida durante 9 ventana(s) (27h). Variable con mayor aporte: RR (contribución=0.70, concordancia=0.57 con 4/7 variables disponibles). risk_score=0.968, confidence_score=0.424.",risa-vigia-0.1.0
SIG-PAT-0025-7dbaea7ed3,PAT-0025,2026-07-13 18:00:00,0.5586,HIGH,0.4242,2026-07-11 15:00:00,2026-07-13 18:00:00,"Riesgo HIGH para PAT-0025: evidencia sostenida durante 17 ventana(s) (51h). Variable con mayor aporte: DBP (contribución=0.45, concordancia=0.14 con 1/7 variables disponibles). risk_score=0.559, confidence_score=0.424.",risa-vigia-0.1.0
SIG-PAT-0025-20b4ee171f,PAT-0025,2026-07-15 21:00:00,0.5485,MEDIUM,0.4242,2026-07-15 00:00:00,2026-07-15 21:00:00,"Riesgo MEDIUM para PAT-0025: evidencia sostenida durante 7 ventana(s) (21h). Variable con mayor aporte: DBP (contribución=0.46, concordancia=0.14 con 1/7 variables disponibles). risk_score=0.548, confidence_score=0.424.",risa-vigia-0.1.0
SIG-PAT-0025-ac9951312a,PAT-0025,2026-07-16 18:00:00,0.6989,HIGH,0.4242,2026-07-15 21:00:00,2026-07-16 18:00:00,"Riesgo HIGH para PAT-0025: evidencia sostenida durante 7 ventana(s) (21h). Variable con mayor aporte: SBP (contribución=0.64, concordancia=0.14 con 1/7 variables disponibles). risk_score=0.699, confidence_score=0.424.",risa-vigia-0.1.0
SIG-PAT-0025-578b6d6a9a,PAT-0025,2026-07-19 12:00:00,0.6497,HIGH,0.4242,2026-07-18 18:00:00,2026-07-19 12:00:00,"Riesgo HIGH para PAT-0025: evidencia sostenida durante 6 ventana(s) (18h). Variable con mayor aporte: DBP (contribución=0.46, concordancia=0.14 con 1/7 variables disponibles). risk_score=0.650, confidence_score=0.424.",risa-vigia-0.1.0
SIG-PAT-0026-189157bf9e,PAT-0026,2026-07-26 09:00:00,0.6446,HIGH,0.4242,2026-07-24 00:00:00,2026-07-26 09:00:00,"Riesgo HIGH para PAT-0026: evidencia sostenida durante 19 ventana(s) (57h). Variable con mayor aporte: HR (contribución=0.56, concordancia=0.14 con 1/7 variables disponibles). risk_score=0.645, confidence_score=0.424.",risa-vigia-0.1.0
SIG-PAT-0027-4f1d7b168d,PAT-0027,2026-07-31 03:00:00,0.6724,HIGH,0.7095,2026-07-29 21:00:00,2026-07-31 03:00:00,"Riesgo HIGH para PAT-0027: evidencia sostenida durante 10 ventana(s) (30h). Variable con mayor aporte: LAB_B (contribución=0.39, concordancia=0.25 con 2/8 variables disponibles). risk_score=0.672, confidence_score=0.710.",risa-vigia-0.1.0
SIG-PAT-0028-ec6ac7a867,PAT-0028,2026-07-18 12:00:00,0.6314,HIGH,0.4242,2026-07-18 00:00:00,2026-07-18 12:00:00,"Riesgo HIGH para PAT-0028: evidencia sostenida durante 4 ventana(s) (12h). Variable con mayor aporte: HR (contribución=0.44, concordancia=0.14 con 1/7 variables disponibles). risk_score=0.631, confidence_score=0.424.",risa-vigia-0.1.0
SIG-PAT-0028-e1c1e647d2,PAT-0028,2026-07-19 12:00:00,0.6577,HIGH,0.4242,2026-07-18 21:00:00,2026-07-19 12:00:00,"Riesgo HIGH para PAT-0028: evidencia sostenida durante 5 ventana(s) (15h). Variable con mayor aporte: DBP (contribución=0.34, concordancia=0.29 con 2/7 variables disponibles). risk_score=0.658, confidence_score=0.424.",risa-vigia-0.1.0
SIG-PAT-0028-9ff57e838b,PAT-0028,2026-07-21 00:00:00,0.6129,HIGH,0.4242,2026-07-20 00:00:00,2026-07-21 00:00:00,"Riesgo HIGH para PAT-0028: evidencia sostenida durante 8 ventana(s) (24h). Variable con mayor aporte: RR (contribución=0.25, concordancia=0.00 con 0/7 variables disponibles). risk_score=0.613, confidence_score=0.424.",risa-vigia-0.1.0
SIG-PAT-0028-fc6bb024ae,PAT-0028,2026-07-21 12:00:00,0.4869,MEDIUM,0.4242,2026-07-21 00:00:00,2026-07-21 12:00:00,"Riesgo MEDIUM para PAT-0028: evidencia sostenida durante 4 ventana(s) (12h). Variable con mayor aporte: DBP (contribución=0.22, concordancia=0.00 con 0/7 variables disponibles). risk_score=0.487, confidence_score=0.424.",risa-vigia-0.1.0
SIG-PAT-0029-1acf4e5877,PAT-0029,2026-07-11 09:00:00,0.3769,MEDIUM,0.4242,2026-07-10 00:00:00,2026-07-11 09:00:00,"Riesgo MEDIUM para PAT-0029: evidencia sostenida durante 11 ventana(s) (33h). Variable con mayor aporte: TEMP (contribución=0.15, concordancia=0.00 con 0/7 variables disponibles). risk_score=0.377, confidence_score=0.424.",risa-vigia-0.1.0
SIG-PAT-0029-52b145cf60,PAT-0029,2026-07-12 21:00:00,0.5668,HIGH,0.4242,2026-07-12 00:00:00,2026-07-12 21:00:00,"Riesgo HIGH para PAT-0029: evidencia sostenida durante 7 ventana(s) (21h). Variable con mayor aporte: SBP (contribución=0.42, concordancia=0.14 con 1/7 variables disponibles). risk_score=0.567, confidence_score=0.424.",risa-vigia-0.1.0
SIG-PAT-0030-616b0ba45a,PAT-0030,2026-07-26 15:00:00,0.84,CRITICAL,0.4242,2026-07-25 15:00:00,2026-07-26 15:00:00,"Riesgo CRITICAL para PAT-0030: evidencia sostenida durante 8 ventana(s) (24h). Variable con mayor aporte: HR (contribución=0.58, concordancia=0.29 con 2/7 variables disponibles). risk_score=0.840, confidence_score=0.424.",risa-vigia-0.1.0
SIG-PAT-0030-fc412bdedc,PAT-0030,2026-07-29 18:00:00,0.584,HIGH,0.4242,2026-07-28 15:00:00,2026-07-29 18:00:00,"Riesgo HIGH para PAT-0030: evidencia sostenida durante 9 ventana(s) (27h). Variable con mayor aporte: RR (contribución=0.30, concordancia=0.14 con 1/7 variables disponibles). risk_score=0.584, confidence_score=0.424.",risa-vigia-0.1.0
SIG-PAT-0031-1b6b142fdf,PAT-0031,2026-07-13 15:00:00,0.5215,MEDIUM,0.4242,2026-07-13 00:00:00,2026-07-13 15:00:00,"Riesgo MEDIUM para PAT-0031: evidencia sostenida durante 5 ventana(s) (15h). Variable con mayor aporte: HR (contribución=0.34, concordancia=0.14 con 1/7 variables disponibles). risk_score=0.522, confidence_score=0.424.",risa-vigia-0.1.0
SIG-PAT-0031-5b3fc61420,PAT-0031,2026-07-14 15:00:00,0.4302,MEDIUM,0.4134,2026-07-14 00:00:00,2026-07-14 15:00:00,"Riesgo MEDIUM para PAT-0031: evidencia sostenida durante 5 ventana(s) (15h). Variable con mayor aporte: HR (contribución=0.18, concordancia=0.00 con 0/7 variables disponibles). risk_score=0.430, confidence_score=0.413.",risa-vigia-0.1.0
SIG-PAT-0031-cc7db69c7e,PAT-0031,2026-07-15 15:00:00,0.4483,MEDIUM,0.4242,2026-07-14 21:00:00,2026-07-15 15:00:00,"Riesgo MEDIUM para PAT-0031: evidencia sostenida durante 6 ventana(s) (18h). Variable con mayor aporte: DBP (contribución=0.27, concordancia=0.14 con 1/7 variables disponibles). risk_score=0.448, confidence_score=0.424.",risa-vigia-0.1.0
SIG-PAT-0031-75e29b7637,PAT-0031,2026-07-17 15:00:00,0.3978,MEDIUM,0.4242,2026-07-17 00:00:00,2026-07-17 15:00:00,"Riesgo MEDIUM para PAT-0031: evidencia sostenida durante 5 ventana(s) (15h). Variable con mayor aporte: SBP (contribución=0.17, concordancia=0.00 con 0/7 variables disponibles). risk_score=0.398, confidence_score=0.424.",risa-vigia-0.1.0
SIG-PAT-0031-165d4f33da,PAT-0031,2026-07-18 18:00:00,0.6572,HIGH,0.4242,2026-07-18 00:00:00,2026-07-18 18:00:00,"Riesgo HIGH para PAT-0031: evidencia sostenida durante 6 ventana(s) (18h). Variable con mayor aporte: DBP (contribución=0.48, concordancia=0.14 con 1/7 variables disponibles). risk_score=0.657, confidence_score=0.424.",risa-vigia-0.1.0
SIG-PAT-0031-23b163b4cb,PAT-0031,2026-07-19 09:00:00,0.808,CRITICAL,0.4242,2026-07-19 00:00:00,2026-07-19 09:00:00,"Riesgo CRITICAL para PAT-0031: evidencia sostenida durante 3 ventana(s) (9h). Variable con mayor aporte: SBP (contribución=0.50, concordancia=0.29 con 2/7 variables disponibles). risk_score=0.808, confidence_score=0.424.",risa-vigia-0.1.0
SIG-PAT-0032-51e19fef2c,PAT-0032,2026-07-14 18:00:00,0.4527,MEDIUM,0.4242,2026-07-13 21:00:00,2026-07-14 18:00:00,"Riesgo MEDIUM para PAT-0032: evidencia sostenida durante 7 ventana(s) (21h). Variable con mayor aporte: HR (contribución=0.37, concordancia=0.14 con 1/7 variables disponibles). risk_score=0.453, confidence_score=0.424.",risa-vigia-0.1.0
SIG-PAT-0032-9e90ac6e3b,PAT-0032,2026-07-15 18:00:00,0.7687,HIGH,0.4131,2026-07-15 00:00:00,2026-07-15 18:00:00,"Riesgo HIGH para PAT-0032: evidencia sostenida durante 6 ventana(s) (18h). Variable con mayor aporte: DBP (contribución=0.59, concordancia=0.14 con 1/7 variables disponibles). risk_score=0.769, confidence_score=0.413.",risa-vigia-0.1.0
SIG-PAT-0032-8578fbfd3e,PAT-0032,2026-07-16 09:00:00,0.4759,MEDIUM,0.8182,2026-07-16 00:00:00,2026-07-16 09:00:00,"Riesgo MEDIUM para PAT-0032: evidencia sostenida durante 3 ventana(s) (9h). Variable con mayor aporte: DBP (contribución=0.32, concordancia=0.11 con 1/9 variables disponibles). risk_score=0.476, confidence_score=0.818.",risa-vigia-0.1.0
SIG-PAT-0033-387ac34af8,PAT-0033,2026-07-26 09:00:00,0.5005,MEDIUM,0.4242,2026-07-25 21:00:00,2026-07-26 09:00:00,"Riesgo MEDIUM para PAT-0033: evidencia sostenida durante 4 ventana(s) (12h). Variable con mayor aporte: DBP (contribución=0.29, concordancia=0.14 con 1/7 variables disponibles). risk_score=0.500, confidence_score=0.424.",risa-vigia-0.1.0
SIG-PAT-0033-fc2f88cf49,PAT-0033,2026-07-29 03:00:00,0.696,HIGH,0.4242,2026-07-27 00:00:00,2026-07-29 03:00:00,"Riesgo HIGH para PAT-0033: evidencia sostenida durante 17 ventana(s) (51h). Variable con mayor aporte: SBP (contribución=0.65, concordancia=0.14 con 1/7 variables disponibles). risk_score=0.696, confidence_score=0.424.",risa-vigia-0.1.0
SIG-PAT-0034-0aa9f9e864,PAT-0034,2026-07-09 21:00:00,0.9828,CRITICAL,0.4242,2026-07-08 06:00:00,2026-07-09 21:00:00,"Riesgo CRITICAL para PAT-0034: evidencia sostenida durante 13 ventana(s) (39h). Variable con mayor aporte: TEMP (contribución=0.74, concordancia=0.57 con 4/7 variables disponibles). risk_score=0.983, confidence_score=0.424.",risa-vigia-0.1.0
SIG-PAT-0034-2e11d2056f,PAT-0034,2026-07-10 12:00:00,0.6631,HIGH,0.4242,2026-07-10 00:00:00,2026-07-10 12:00:00,"Riesgo HIGH para PAT-0034: evidencia sostenida durante 4 ventana(s) (12h). Variable con mayor aporte: DBP (contribución=0.51, concordancia=0.14 con 1/7 variables disponibles). risk_score=0.663, confidence_score=0.424.",risa-vigia-0.1.0
SIG-PAT-0034-f55fd5dd8e,PAT-0034,2026-07-11 12:00:00,0.6733,HIGH,0.4131,2026-07-11 00:00:00,2026-07-11 12:00:00,"Riesgo HIGH para PAT-0034: evidencia sostenida durante 4 ventana(s) (12h). Variable con mayor aporte: DBP (contribución=0.29, concordancia=0.29 con 2/7 variables disponibles). risk_score=0.673, confidence_score=0.413.",risa-vigia-0.1.0
SIG-PAT-0034-08107a5538,PAT-0034,2026-07-13 12:00:00,0.5288,MEDIUM,0.4136,2026-07-13 00:00:00,2026-07-13 12:00:00,"Riesgo MEDIUM para PAT-0034: evidencia sostenida durante 4 ventana(s) (12h). Variable con mayor aporte: DBP (contribución=0.26, concordancia=0.14 con 1/7 variables disponibles). risk_score=0.529, confidence_score=0.414.",risa-vigia-0.1.0
SIG-PAT-0034-b23bbf03b2,PAT-0034,2026-07-14 18:00:00,0.614,HIGH,0.4131,2026-07-14 00:00:00,2026-07-14 18:00:00,"Riesgo HIGH para PAT-0034: evidencia sostenida durante 6 ventana(s) (18h). Variable con mayor aporte: DBP (contribución=0.45, concordancia=0.14 con 1/7 variables disponibles). risk_score=0.614, confidence_score=0.413.",risa-vigia-0.1.0
SIG-PAT-0034-c5b784f834,PAT-0034,2026-07-15 15:00:00,0.5759,HIGH,0.4242,2026-07-15 00:00:00,2026-07-15 15:00:00,"Riesgo HIGH para PAT-0034: evidencia sostenida durante 5 ventana(s) (15h). Variable con mayor aporte: HR (contribución=0.33, concordancia=0.14 con 1/7 variables disponibles). risk_score=0.576, confidence_score=0.424.",risa-vigia-0.1.0
SIG-PAT-0035-493df786ad,PAT-0035,2026-07-08 00:00:00,0.9574,CRITICAL,0.4242,2026-07-04 21:00:00,2026-07-08 00:00:00,"Riesgo CRITICAL para PAT-0035: evidencia sostenida durante 25 ventana(s) (75h). Variable con mayor aporte: SpO2 (contribución=0.74, concordancia=0.43 con 3/7 variables disponibles). risk_score=0.957, confidence_score=0.424.",risa-vigia-0.1.0
SIG-PAT-0035-fa756dceab,PAT-0035,2026-07-09 21:00:00,0.6812,HIGH,0.4242,2026-07-09 00:00:00,2026-07-09 21:00:00,"Riesgo HIGH para PAT-0035: evidencia sostenida durante 7 ventana(s) (21h). Variable con mayor aporte: SBP (contribución=0.31, concordancia=0.29 con 2/7 variables disponibles). risk_score=0.681, confidence_score=0.424.",risa-vigia-0.1.0
SIG-PAT-0035-aa18888ef3,PAT-0035,2026-07-11 15:00:00,0.5003,MEDIUM,0.4242,2026-07-11 03:00:00,2026-07-11 15:00:00,"Riesgo MEDIUM para PAT-0035: evidencia sostenida durante 4 ventana(s) (12h). Variable con mayor aporte: DBP (contribución=0.35, concordancia=0.14 con 1/7 variables disponibles). risk_score=0.500, confidence_score=0.424.",risa-vigia-0.1.0
SIG-PAT-0035-665dffe581,PAT-0035,2026-07-13 15:00:00,0.6752,HIGH,0.4242,2026-07-12 18:00:00,2026-07-13 15:00:00,"Riesgo HIGH para PAT-0035: evidencia sostenida durante 7 ventana(s) (21h). Variable con mayor aporte: DBP (contribución=0.55, concordancia=0.14 con 1/7 variables disponibles). risk_score=0.675, confidence_score=0.424.",risa-vigia-0.1.0
SIG-PAT-0036-2c07e4da9c,PAT-0036,2026-07-21 15:00:00,0.5966,HIGH,0.4242,2026-07-19 09:00:00,2026-07-21 15:00:00,"Riesgo HIGH para PAT-0036: evidencia sostenida durante 18 ventana(s) (54h). Variable con mayor aporte: HR (contribución=0.44, concordancia=0.14 con 1/7 variables disponibles). risk_score=0.597, confidence_score=0.424.",risa-vigia-0.1.0
SIG-PAT-0036-a98075fdfd,PAT-0036,2026-07-23 12:00:00,0.4923,MEDIUM,0.4242,2026-07-22 21:00:00,2026-07-23 12:00:00,"Riesgo MEDIUM para PAT-0036: evidencia sostenida durante 5 ventana(s) (15h). Variable con mayor aporte: DBP (contribución=0.26, concordancia=0.14 con 1/7 variables disponibles). risk_score=0.492, confidence_score=0.424.",risa-vigia-0.1.0
SIG-PAT-0037-ef7f9943c2,PAT-0037,2026-07-02 12:00:00,0.6057,HIGH,0.4242,2026-07-02 00:00:00,2026-07-02 12:00:00,"Riesgo HIGH para PAT-0037: evidencia sostenida durante 4 ventana(s) (12h). Variable con mayor aporte: HR (contribución=0.50, concordancia=0.14 con 1/7 variables disponibles). risk_score=0.606, confidence_score=0.424.",risa-vigia-0.1.0
SIG-PAT-0037-1dc093ff90,PAT-0037,2026-07-04 09:00:00,0.503,MEDIUM,0.4128,2026-07-03 21:00:00,2026-07-04 09:00:00,"Riesgo MEDIUM para PAT-0037: evidencia sostenida durante 4 ventana(s) (12h). Variable con mayor aporte: DBP (contribución=0.30, concordancia=0.14 con 1/7 variables disponibles). risk_score=0.503, confidence_score=0.413.",risa-vigia-0.1.0
SIG-PAT-0037-5a2cca1852,PAT-0037,2026-07-06 12:00:00,0.6891,HIGH,0.4242,2026-07-06 00:00:00,2026-07-06 12:00:00,"Riesgo HIGH para PAT-0037: evidencia sostenida durante 4 ventana(s) (12h). Variable con mayor aporte: SBP (contribución=0.38, concordancia=0.29 con 2/7 variables disponibles). risk_score=0.689, confidence_score=0.424.",risa-vigia-0.1.0
SIG-PAT-0037-fa877f500f,PAT-0037,2026-07-07 12:00:00,0.3652,MEDIUM,0.4242,2026-07-06 21:00:00,2026-07-07 12:00:00,"Riesgo MEDIUM para PAT-0037: evidencia sostenida durante 5 ventana(s) (15h). Variable con mayor aporte: SBP (contribución=0.21, concordancia=0.00 con 0/7 variables disponibles). risk_score=0.365, confidence_score=0.424.",risa-vigia-0.1.0
SIG-PAT-0038-113472789c,PAT-0038,2026-07-16 15:00:00,0.4281,MEDIUM,0.4242,2026-07-15 21:00:00,2026-07-16 15:00:00,"Riesgo MEDIUM para PAT-0038: evidencia sostenida durante 6 ventana(s) (18h). Variable con mayor aporte: HR (contribución=0.29, concordancia=0.14 con 1/7 variables disponibles). risk_score=0.428, confidence_score=0.424.",risa-vigia-0.1.0
SIG-PAT-0038-65d819cee7,PAT-0038,2026-07-18 12:00:00,0.3743,MEDIUM,0.4242,2026-07-18 00:00:00,2026-07-18 12:00:00,"Riesgo MEDIUM para PAT-0038: evidencia sostenida durante 4 ventana(s) (12h). Variable con mayor aporte: HR (contribución=0.17, concordancia=0.00 con 0/7 variables disponibles). risk_score=0.374, confidence_score=0.424.",risa-vigia-0.1.0
SIG-PAT-0039-8e4939a4c4,PAT-0039,2026-07-20 15:00:00,0.544,MEDIUM,0.4242,2026-07-20 00:00:00,2026-07-20 15:00:00,"Riesgo MEDIUM para PAT-0039: evidencia sostenida durante 5 ventana(s) (15h). Variable con mayor aporte: HR (contribución=0.37, concordancia=0.14 con 1/7 variables disponibles). risk_score=0.544, confidence_score=0.424.",risa-vigia-0.1.0
SIG-PAT-0039-401c5e3ac1,PAT-0039,2026-07-21 12:00:00,0.3837,MEDIUM,0.4242,2026-07-21 00:00:00,2026-07-21 12:00:00,"Riesgo MEDIUM para PAT-0039: evidencia sostenida durante 4 ventana(s) (12h). Variable con mayor aporte: HR (contribución=0.24, concordancia=0.00 con 0/7 variables disponibles). risk_score=0.384, confidence_score=0.424.",risa-vigia-0.1.0
SIG-PAT-0040-28d0a8e897,PAT-0040,2026-07-25 18:00:00,0.7747,HIGH,0.4242,2026-07-25 00:00:00,2026-07-25 18:00:00,"Riesgo HIGH para PAT-0040: evidencia sostenida durante 6 ventana(s) (18h). Variable con mayor aporte: DBP (contribución=0.52, concordancia=0.29 con 2/7 variables disponibles). risk_score=0.775, confidence_score=0.424.",risa-vigia-0.1.0
SIG-PAT-0040-ca9d844215,PAT-0040,2026-07-28 09:00:00,0.617,HIGH,0.4242,2026-07-27 21:00:00,2026-07-28 09:00:00,"Riesgo HIGH para PAT-0040: evidencia sostenida durante 4 ventana(s) (12h). Variable con mayor aporte: DBP (contribución=0.54, concordancia=0.14 con 1/7 variables disponibles). risk_score=0.617, confidence_score=0.424.",risa-vigia-0.1.0
SIG-PAT-0040-5a8011b7fe,PAT-0040,2026-07-29 15:00:00,0.5791,HIGH,0.4128,2026-07-29 00:00:00,2026-07-29 15:00:00,"Riesgo HIGH para PAT-0040: evidencia sostenida durante 5 ventana(s) (15h). Variable con mayor aporte: SBP (contribución=0.33, concordancia=0.14 con 1/7 variables disponibles). risk_score=0.579, confidence_score=0.413.",risa-vigia-0.1.0
SIG-PAT-0040-615948ec69,PAT-0040,2026-07-31 09:00:00,0.5149,MEDIUM,0.4242,2026-07-31 00:00:00,2026-07-31 09:00:00,"Riesgo MEDIUM para PAT-0040: evidencia sostenida durante 3 ventana(s) (9h). Variable con mayor aporte: DBP (contribución=0.42, concordancia=0.14 con 1/7 variables disponibles). risk_score=0.515, confidence_score=0.424.",risa-vigia-0.1.0
SIG-PAT-0041-45d6825b8a,PAT-0041,2026-07-21 15:00:00,0.6352,HIGH,0.4134,2026-07-20 18:00:00,2026-07-21 15:00:00,"Riesgo HIGH para PAT-0041: evidencia sostenida durante 7 ventana(s) (21h). Variable con mayor aporte: HR (contribución=0.31, concordancia=0.29 con 2/7 variables disponibles). risk_score=0.635, confidence_score=0.413.",risa-vigia-0.1.0
SIG-PAT-0041-f9321d6fce,PAT-0041,2026-07-23 15:00:00,0.3553,MEDIUM,0.7273,2026-07-23 00:00:00,2026-07-23 15:00:00,"Riesgo MEDIUM para PAT-0041: evidencia sostenida durante 5 ventana(s) (15h). Variable con mayor aporte: HR (contribución=0.18, concordancia=0.00 con 0/8 variables disponibles). risk_score=0.355, confidence_score=0.727.",risa-vigia-0.1.0
SIG-PAT-0041-f846b5bcdb,PAT-0041,2026-07-24 18:00:00,0.5094,MEDIUM,0.4242,2026-07-24 00:00:00,2026-07-24 18:00:00,"Riesgo MEDIUM para PAT-0041: evidencia sostenida durante 6 ventana(s) (18h). Variable con mayor aporte: DBP (contribución=0.29, concordancia=0.14 con 1/7 variables disponibles). risk_score=0.509, confidence_score=0.424.",risa-vigia-0.1.0
SIG-PAT-0041-162f18491a,PAT-0041,2026-07-27 03:00:00,0.3627,MEDIUM,0.4242,2026-07-26 21:00:00,2026-07-27 03:00:00,"Riesgo MEDIUM para PAT-0041: evidencia sostenida durante 2 ventana(s) (6h). Variable con mayor aporte: DBP (contribución=0.26, concordancia=0.14 con 1/7 variables disponibles). risk_score=0.363, confidence_score=0.424.",risa-vigia-0.1.0
SIG-PAT-0042-f5ecdc91fe,PAT-0042,2026-07-05 15:00:00,0.6061,HIGH,0.4242,2026-07-04 21:00:00,2026-07-05 15:00:00,"Riesgo HIGH para PAT-0042: evidencia sostenida durante 6 ventana(s) (18h). Variable con mayor aporte: HR (contribución=0.46, concordancia=0.14 con 1/7 variables disponibles). risk_score=0.606, confidence_score=0.424.",risa-vigia-0.1.0
SIG-PAT-0042-4285f46e84,PAT-0042,2026-07-06 12:00:00,0.5927,HIGH,0.4242,2026-07-06 00:00:00,2026-07-06 12:00:00,"Riesgo HIGH para PAT-0042: evidencia sostenida durante 4 ventana(s) (12h). Variable con mayor aporte: HR (contribución=0.26, concordancia=0.14 con 1/7 variables disponibles). risk_score=0.593, confidence_score=0.424.",risa-vigia-0.1.0
SIG-PAT-0042-ab7ca73ea9,PAT-0042,2026-07-08 12:00:00,0.6101,HIGH,0.4242,2026-07-07 00:00:00,2026-07-08 12:00:00,"Riesgo HIGH para PAT-0042: evidencia sostenida durante 12 ventana(s) (36h). Variable con mayor aporte: DBP (contribución=0.39, concordancia=0.14 con 1/7 variables disponibles). risk_score=0.610, confidence_score=0.424.",risa-vigia-0.1.0
SIG-PAT-0042-d7eb192c8c,PAT-0042,2026-07-09 21:00:00,0.6086,HIGH,0.4242,2026-07-08 21:00:00,2026-07-09 21:00:00,"Riesgo HIGH para PAT-0042: evidencia sostenida durante 8 ventana(s) (24h). Variable con mayor aporte: DBP (contribución=0.43, concordancia=0.14 con 1/7 variables disponibles). risk_score=0.609, confidence_score=0.424.",risa-vigia-0.1.0
SIG-PAT-0042-77f205c63b,PAT-0042,2026-07-11 12:00:00,0.7029,HIGH,0.4242,2026-07-11 00:00:00,2026-07-11 12:00:00,"Riesgo HIGH para PAT-0042: evidencia sostenida durante 4 ventana(s) (12h). Variable con mayor aporte: DBP (contribución=0.51, concordancia=0.14 con 1/7 variables disponibles). risk_score=0.703, confidence_score=0.424.",risa-vigia-0.1.0
SIG-PAT-0042-abc4371fc9,PAT-0042,2026-07-12 09:00:00,0.5468,MEDIUM,0.4242,2026-07-12 00:00:00,2026-07-12 09:00:00,"Riesgo MEDIUM para PAT-0042: evidencia sostenida durante 3 ventana(s) (9h). Variable con mayor aporte: DBP (contribución=0.35, concordancia=0.14 con 1/7 variables disponibles). risk_score=0.547, confidence_score=0.424.",risa-vigia-0.1.0
SIG-PAT-0043-171da26d3f,PAT-0043,2026-07-12 12:00:00,0.8457,CRITICAL,0.7086,2026-07-10 06:00:00,2026-07-12 12:00:00,"Riesgo CRITICAL para PAT-0043: evidencia sostenida durante 18 ventana(s) (54h). Variable con mayor aporte: SBP (contribución=0.44, concordancia=0.38 con 3/8 variables disponibles). risk_score=0.846, confidence_score=0.709.",risa-vigia-0.1.0
SIG-PAT-0044-97c2af419f,PAT-0044,2026-07-06 15:00:00,0.8664,CRITICAL,0.4242,2026-07-06 00:00:00,2026-07-06 15:00:00,"Riesgo CRITICAL para PAT-0044: evidencia sostenida durante 5 ventana(s) (15h). Variable con mayor aporte: SBP (contribución=0.57, concordancia=0.29 con 2/7 variables disponibles). risk_score=0.866, confidence_score=0.424.",risa-vigia-0.1.0
SIG-PAT-0044-411a24e9da,PAT-0044,2026-07-07 21:00:00,0.6908,HIGH,0.4242,2026-07-07 00:00:00,2026-07-07 21:00:00,"Riesgo HIGH para PAT-0044: evidencia sostenida durante 7 ventana(s) (21h). Variable con mayor aporte: SBP (contribución=0.42, concordancia=0.29 con 2/7 variables disponibles). risk_score=0.691, confidence_score=0.424.",risa-vigia-0.1.0
SIG-PAT-0044-180bf7715f,PAT-0044,2026-07-08 15:00:00,0.6255,HIGH,0.4242,2026-07-08 00:00:00,2026-07-08 15:00:00,"Riesgo HIGH para PAT-0044: evidencia sostenida durante 5 ventana(s) (15h). Variable con mayor aporte: DBP (contribución=0.45, concordancia=0.14 con 1/7 variables disponibles). risk_score=0.625, confidence_score=0.424.",risa-vigia-0.1.0
SIG-PAT-0045-0c31678aa5,PAT-0045,2026-07-26 12:00:00,0.6036,HIGH,0.4242,2026-07-26 00:00:00,2026-07-26 12:00:00,"Riesgo HIGH para PAT-0045: evidencia sostenida durante 4 ventana(s) (12h). Variable con mayor aporte: HR (contribución=0.55, concordancia=0.14 con 1/7 variables disponibles). risk_score=0.604, confidence_score=0.424.",risa-vigia-0.1.0
SIG-PAT-0045-8921728d87,PAT-0045,2026-07-27 12:00:00,0.3764,MEDIUM,0.4242,2026-07-27 00:00:00,2026-07-27 12:00:00,"Riesgo MEDIUM para PAT-0045: evidencia sostenida durante 4 ventana(s) (12h). Variable con mayor aporte: HR (contribución=0.14, concordancia=0.00 con 0/7 variables disponibles). risk_score=0.376, confidence_score=0.424.",risa-vigia-0.1.0
SIG-PAT-0045-00cc44f3aa,PAT-0045,2026-07-28 12:00:00,0.5501,HIGH,0.7273,2026-07-27 21:00:00,2026-07-28 12:00:00,"Riesgo HIGH para PAT-0045: evidencia sostenida durante 5 ventana(s) (15h). Variable con mayor aporte: DBP (contribución=0.26, concordancia=0.12 con 1/8 variables disponibles). risk_score=0.550, confidence_score=0.727.",risa-vigia-0.1.0
SIG-PAT-0045-bc96439a9d,PAT-0045,2026-07-29 09:00:00,0.686,HIGH,0.4242,2026-07-29 00:00:00,2026-07-29 09:00:00,"Riesgo HIGH para PAT-0045: evidencia sostenida durante 3 ventana(s) (9h). Variable con mayor aporte: DBP (contribución=0.51, concordancia=0.14 con 1/7 variables disponibles). risk_score=0.686, confidence_score=0.424.",risa-vigia-0.1.0
SIG-PAT-0046-df8b990f08,PAT-0046,2026-07-21 12:00:00,0.5567,HIGH,0.4242,2026-07-21 00:00:00,2026-07-21 12:00:00,"Riesgo HIGH para PAT-0046: evidencia sostenida durante 4 ventana(s) (12h). Variable con mayor aporte: HR (contribución=0.37, concordancia=0.14 con 1/7 variables disponibles). risk_score=0.557, confidence_score=0.424.",risa-vigia-0.1.0
SIG-PAT-0046-4bfcde0e95,PAT-0046,2026-07-22 12:00:00,0.6636,HIGH,0.4242,2026-07-22 00:00:00,2026-07-22 12:00:00,"Riesgo HIGH para PAT-0046: evidencia sostenida durante 4 ventana(s) (12h). Variable con mayor aporte: HR (contribución=0.37, concordancia=0.29 con 2/7 variables disponibles). risk_score=0.664, confidence_score=0.424.",risa-vigia-0.1.0
SIG-PAT-0046-7b756fdc6c,PAT-0046,2026-07-23 12:00:00,0.6319,HIGH,0.4242,2026-07-23 00:00:00,2026-07-23 12:00:00,"Riesgo HIGH para PAT-0046: evidencia sostenida durante 4 ventana(s) (12h). Variable con mayor aporte: HR (contribución=0.36, concordancia=0.29 con 2/7 variables disponibles). risk_score=0.632, confidence_score=0.424.",risa-vigia-0.1.0
SIG-PAT-0046-06a4a06035,PAT-0046,2026-07-25 12:00:00,0.3502,MEDIUM,0.4242,2026-07-25 00:00:00,2026-07-25 12:00:00,"Riesgo MEDIUM para PAT-0046: evidencia sostenida durante 4 ventana(s) (12h). Variable con mayor aporte: HR (contribución=0.22, concordancia=0.00 con 0/7 variables disponibles). risk_score=0.350, confidence_score=0.424.",risa-vigia-0.1.0
SIG-PAT-0047-dc9df1fbda,PAT-0047,2026-07-20 12:00:00,0.5524,HIGH,0.4242,2026-07-20 00:00:00,2026-07-20 12:00:00,"Riesgo HIGH para PAT-0047: evidencia sostenida durante 4 ventana(s) (12h). Variable con mayor aporte: HR (contribución=0.45, concordancia=0.14 con 1/7 variables disponibles). risk_score=0.552, confidence_score=0.424.",risa-vigia-0.1.0
SIG-PAT-0047-7e20e2c05c,PAT-0047,2026-07-21 12:00:00,0.4033,MEDIUM,0.4242,2026-07-21 00:00:00,2026-07-21 12:00:00,"Riesgo MEDIUM para PAT-0047: evidencia sostenida durante 4 ventana(s) (12h). Variable con mayor aporte: HR (contribución=0.21, concordancia=0.00 con 0/7 variables disponibles). risk_score=0.403, confidence_score=0.424.",risa-vigia-0.1.0
SIG-PAT-0047-fe0ebc1d83,PAT-0047,2026-07-23 18:00:00,0.529,MEDIUM,0.7095,2026-07-22 09:00:00,2026-07-23 18:00:00,"Riesgo MEDIUM para PAT-0047: evidencia sostenida durante 11 ventana(s) (33h). Variable con mayor aporte: DBP (contribución=0.32, concordancia=0.12 con 1/8 variables disponibles). risk_score=0.529, confidence_score=0.710.",risa-vigia-0.1.0
SIG-PAT-0047-cddeb83eac,PAT-0047,2026-07-26 09:00:00,0.3532,MEDIUM,0.4136,2026-07-26 00:00:00,2026-07-26 09:00:00,"Riesgo MEDIUM para PAT-0047: evidencia sostenida durante 3 ventana(s) (9h). Variable con mayor aporte: HR (contribución=0.13, concordancia=0.00 con 0/7 variables disponibles). risk_score=0.353, confidence_score=0.414.",risa-vigia-0.1.0
SIG-PAT-0049-a15bccc899,PAT-0049,2026-07-18 18:00:00,0.5765,HIGH,0.8182,2026-07-18 00:00:00,2026-07-18 18:00:00,"Riesgo HIGH para PAT-0049: evidencia sostenida durante 6 ventana(s) (18h). Variable con mayor aporte: DBP (contribución=0.38, concordancia=0.11 con 1/9 variables disponibles). risk_score=0.577, confidence_score=0.818.",risa-vigia-0.1.0
SIG-PAT-0050-0f1dee6d2b,PAT-0050,2026-07-03 18:00:00,0.7318,HIGH,0.4242,2026-07-01 18:00:00,2026-07-03 18:00:00,"Riesgo HIGH para PAT-0050: evidencia sostenida durante 16 ventana(s) (48h). Variable con mayor aporte: HR (contribución=0.56, concordancia=0.14 con 1/7 variables disponibles). risk_score=0.732, confidence_score=0.424.",risa-vigia-0.1.0
SIG-PAT-0050-b586e39199,PAT-0050,2026-07-04 12:00:00,0.5854,HIGH,0.4131,2026-07-04 00:00:00,2026-07-04 12:00:00,"Riesgo HIGH para PAT-0050: evidencia sostenida durante 4 ventana(s) (12h). Variable con mayor aporte: DBP (contribución=0.26, concordancia=0.14 con 1/7 variables disponibles). risk_score=0.585, confidence_score=0.413.",risa-vigia-0.1.0
SIG-PAT-0050-9a81b5a146,PAT-0050,2026-07-05 12:00:00,0.4847,MEDIUM,0.4242,2026-07-04 21:00:00,2026-07-05 12:00:00,"Riesgo MEDIUM para PAT-0050: evidencia sostenida durante 5 ventana(s) (15h). Variable con mayor aporte: HR (contribución=0.24, concordancia=0.00 con 0/7 variables disponibles). risk_score=0.485, confidence_score=0.424.",risa-vigia-0.1.0
SIG-PAT-0050-e0c3f92d2d,PAT-0050,2026-07-06 09:00:00,0.8149,CRITICAL,0.4242,2026-07-06 00:00:00,2026-07-06 09:00:00,"Riesgo CRITICAL para PAT-0050: evidencia sostenida durante 3 ventana(s) (9h). Variable con mayor aporte: DBP (contribución=0.64, concordancia=0.29 con 2/7 variables disponibles). risk_score=0.815, confidence_score=0.424.",risa-vigia-0.1.0
SIG-PAT-0052-ac1d824649,PAT-0052,2026-07-27 21:00:00,0.6893,HIGH,0.4131,2026-07-22 06:00:00,2026-07-27 21:00:00,"Riesgo HIGH para PAT-0052: evidencia sostenida durante 45 ventana(s) (135h). Variable con mayor aporte: SBP (contribución=0.47, concordancia=0.14 con 1/7 variables disponibles). risk_score=0.689, confidence_score=0.413.",risa-vigia-0.1.0
SIG-PAT-0052-fe4e29e62d,PAT-0052,2026-07-28 09:00:00,0.3528,MEDIUM,0.4242,2026-07-28 00:00:00,2026-07-28 09:00:00,"Riesgo MEDIUM para PAT-0052: evidencia sostenida durante 3 ventana(s) (9h). Variable con mayor aporte: HR (contribución=0.18, concordancia=0.00 con 0/7 variables disponibles). risk_score=0.353, confidence_score=0.424.",risa-vigia-0.1.0
SIG-PAT-0053-e4a31ad534,PAT-0053,2026-07-26 21:00:00,0.6763,HIGH,0.4242,2026-07-24 18:00:00,2026-07-26 21:00:00,"Riesgo HIGH para PAT-0053: evidencia sostenida durante 17 ventana(s) (51h). Variable con mayor aporte: DBP (contribución=0.35, concordancia=0.29 con 2/7 variables disponibles). risk_score=0.676, confidence_score=0.424.",risa-vigia-0.1.0
SIG-PAT-0053-f80fac4c52,PAT-0053,2026-07-27 12:00:00,0.4078,MEDIUM,0.4242,2026-07-27 00:00:00,2026-07-27 12:00:00,"Riesgo MEDIUM para PAT-0053: evidencia sostenida durante 4 ventana(s) (12h). Variable con mayor aporte: SBP (contribución=0.18, concordancia=0.00 con 0/7 variables disponibles). risk_score=0.408, confidence_score=0.424.",risa-vigia-0.1.0
SIG-PAT-0054-80ef75e4b3,PAT-0054,2026-07-17 12:00:00,0.425,MEDIUM,0.4242,2026-07-16 21:00:00,2026-07-17 12:00:00,"Riesgo MEDIUM para PAT-0054: evidencia sostenida durante 5 ventana(s) (15h). Variable con mayor aporte: DBP (contribución=0.28, concordancia=0.14 con 1/7 variables disponibles). risk_score=0.425, confidence_score=0.424.",risa-vigia-0.1.0
SIG-PAT-0054-5016f0aee9,PAT-0054,2026-07-19 09:00:00,0.5566,HIGH,0.4242,2026-07-18 21:00:00,2026-07-19 09:00:00,"Riesgo HIGH para PAT-0054: evidencia sostenida durante 4 ventana(s) (12h). Variable con mayor aporte: SBP (contribución=0.41, concordancia=0.14 con 1/7 variables disponibles). risk_score=0.557, confidence_score=0.424.",risa-vigia-0.1.0
SIG-PAT-0055-ca3fcd5cb9,PAT-0055,2026-07-14 12:00:00,0.3762,MEDIUM,0.4242,2026-07-14 00:00:00,2026-07-14 12:00:00,"Riesgo MEDIUM para PAT-0055: evidencia sostenida durante 4 ventana(s) (12h). Variable con mayor aporte: SBP (contribución=0.18, concordancia=0.00 con 0/7 variables disponibles). risk_score=0.376, confidence_score=0.424.",risa-vigia-0.1.0
SIG-PAT-0055-40fc8918ae,PAT-0055,2026-07-18 09:00:00,0.6498,HIGH,0.4242,2026-07-17 15:00:00,2026-07-18 09:00:00,"Riesgo HIGH para PAT-0055: evidencia sostenida durante 6 ventana(s) (18h). Variable con mayor aporte: DBP (contribución=0.57, concordancia=0.14 con 1/7 variables disponibles). risk_score=0.650, confidence_score=0.424.",risa-vigia-0.1.0
SIG-PAT-0055-1f4e7502bb,PAT-0055,2026-07-21 09:00:00,0.6034,HIGH,0.4131,2026-07-20 12:00:00,2026-07-21 09:00:00,"Riesgo HIGH para PAT-0055: evidencia sostenida durante 7 ventana(s) (21h). Variable con mayor aporte: DBP (contribución=0.53, concordancia=0.14 con 1/7 variables disponibles). risk_score=0.603, confidence_score=0.413.",risa-vigia-0.1.0
SIG-PAT-0055-f22a1c1b50,PAT-0055,2026-07-22 15:00:00,0.4995,MEDIUM,0.4242,2026-07-22 03:00:00,2026-07-22 15:00:00,"Riesgo MEDIUM para PAT-0055: evidencia sostenida durante 4 ventana(s) (12h). Variable con mayor aporte: DBP (contribución=0.29, concordancia=0.14 con 1/7 variables disponibles). risk_score=0.499, confidence_score=0.424.",risa-vigia-0.1.0
SIG-PAT-0055-95d64d36aa,PAT-0055,2026-07-27 00:00:00,0.3963,MEDIUM,0.4242,2026-07-26 12:00:00,2026-07-27 00:00:00,"Riesgo MEDIUM para PAT-0055: evidencia sostenida durante 4 ventana(s) (12h). Variable con mayor aporte: DBP (contribución=0.29, concordancia=0.14 con 1/7 variables disponibles). risk_score=0.396, confidence_score=0.424.",risa-vigia-0.1.0
SIG-PAT-0055-ab9113ba38,PAT-0055,2026-07-27 12:00:00,0.4554,MEDIUM,0.4242,2026-07-27 00:00:00,2026-07-27 12:00:00,"Riesgo MEDIUM para PAT-0055: evidencia sostenida durante 4 ventana(s) (12h). Variable con mayor aporte: DBP (contribución=0.22, concordancia=0.00 con 0/7 variables disponibles). risk_score=0.455, confidence_score=0.424.",risa-vigia-0.1.0
SIG-PAT-0056-7ba820f689,PAT-0056,2026-07-02 12:00:00,0.5559,HIGH,0.4242,2026-07-01 21:00:00,2026-07-02 12:00:00,"Riesgo HIGH para PAT-0056: evidencia sostenida durante 5 ventana(s) (15h). Variable con mayor aporte: HR (contribución=0.35, concordancia=0.14 con 1/7 variables disponibles). risk_score=0.556, confidence_score=0.424.",risa-vigia-0.1.0
SIG-PAT-0057-a17abd22fa,PAT-0057,2026-07-26 18:00:00,0.5289,MEDIUM,0.4242,2026-07-25 18:00:00,2026-07-26 18:00:00,"Riesgo MEDIUM para PAT-0057: evidencia sostenida durante 8 ventana(s) (24h). Variable con mayor aporte: DBP (contribución=0.36, concordancia=0.14 con 1/7 variables disponibles). risk_score=0.529, confidence_score=0.424.",risa-vigia-0.1.0
SIG-PAT-0057-582f12afc0,PAT-0057,2026-07-28 03:00:00,0.7574,HIGH,0.7273,2026-07-27 15:00:00,2026-07-28 03:00:00,"Riesgo HIGH para PAT-0057: evidencia sostenida durante 4 ventana(s) (12h). Variable con mayor aporte: LAB_B (contribución=0.70, concordancia=0.12 con 1/8 variables disponibles). risk_score=0.757, confidence_score=0.727.",risa-vigia-0.1.0
SIG-PAT-0058-af210d0fb8,PAT-0058,2026-07-22 21:00:00,0.4906,MEDIUM,0.4242,2026-07-21 15:00:00,2026-07-22 21:00:00,"Riesgo MEDIUM para PAT-0058: evidencia sostenida durante 10 ventana(s) (30h). Variable con mayor aporte: DBP (contribución=0.20, concordancia=0.00 con 0/7 variables disponibles). risk_score=0.491, confidence_score=0.424.",risa-vigia-0.1.0
SIG-PAT-0058-23d8511156,PAT-0058,2026-07-23 09:00:00,0.6566,HIGH,0.7273,2026-07-23 00:00:00,2026-07-23 09:00:00,"Riesgo HIGH para PAT-0058: evidencia sostenida durante 3 ventana(s) (9h). Variable con mayor aporte: SBP (contribución=0.51, concordancia=0.12 con 1/8 variables disponibles). risk_score=0.657, confidence_score=0.727.",risa-vigia-0.1.0
SIG-PAT-0059-ea703c7f2f,PAT-0059,2026-07-12 12:00:00,0.5908,HIGH,0.4242,2026-07-11 21:00:00,2026-07-12 12:00:00,"Riesgo HIGH para PAT-0059: evidencia sostenida durante 5 ventana(s) (15h). Variable con mayor aporte: DBP (contribución=0.42, concordancia=0.14 con 1/7 variables disponibles). risk_score=0.591, confidence_score=0.424.",risa-vigia-0.1.0
SIG-PAT-0059-dbc528e650,PAT-0059,2026-07-13 00:00:00,0.6366,HIGH,0.4242,2026-07-12 12:00:00,2026-07-13 00:00:00,"Riesgo HIGH para PAT-0059: evidencia sostenida durante 4 ventana(s) (12h). Variable con mayor aporte: DBP (contribución=0.32, concordancia=0.14 con 1/7 variables disponibles). risk_score=0.637, confidence_score=0.424.",risa-vigia-0.1.0
SIG-PAT-0060-2036b18d7f,PAT-0060,2026-07-05 15:00:00,0.4326,MEDIUM,0.4242,2026-07-05 00:00:00,2026-07-05 15:00:00,"Riesgo MEDIUM para PAT-0060: evidencia sostenida durante 5 ventana(s) (15h). Variable con mayor aporte: HR (contribución=0.30, concordancia=0.14 con 1/7 variables disponibles). risk_score=0.433, confidence_score=0.424.",risa-vigia-0.1.0
SIG-PAT-0060-8a2c7b3009,PAT-0060,2026-07-06 12:00:00,0.4655,MEDIUM,0.4242,2026-07-06 00:00:00,2026-07-06 12:00:00,"Riesgo MEDIUM para PAT-0060: evidencia sostenida durante 4 ventana(s) (12h). Variable con mayor aporte: SBP (contribución=0.19, concordancia=0.00 con 0/7 variables disponibles). risk_score=0.465, confidence_score=0.424.",risa-vigia-0.1.0
SIG-PAT-0060-9b80404777,PAT-0060,2026-07-08 21:00:00,0.356,MEDIUM,0.4242,2026-07-08 03:00:00,2026-07-08 21:00:00,"Riesgo MEDIUM para PAT-0060: evidencia sostenida durante 6 ventana(s) (18h). Variable con mayor aporte: DBP (contribución=0.19, concordancia=0.00 con 0/7 variables disponibles). risk_score=0.356, confidence_score=0.424.",risa-vigia-0.1.0
SIG-PAT-0060-16fcfb6fe0,PAT-0060,2026-07-10 12:00:00,0.539,MEDIUM,0.4242,2026-07-10 00:00:00,2026-07-10 12:00:00,"Riesgo MEDIUM para PAT-0060: evidencia sostenida durante 4 ventana(s) (12h). Variable con mayor aporte: SBP (contribución=0.37, concordancia=0.14 con 1/7 variables disponibles). risk_score=0.539, confidence_score=0.424.",risa-vigia-0.1.0
SIG-PAT-0060-a86f823dee,PAT-0060,2026-07-11 18:00:00,0.5702,HIGH,0.4242,2026-07-11 00:00:00,2026-07-11 18:00:00,"Riesgo HIGH para PAT-0060: evidencia sostenida durante 6 ventana(s) (18h). Variable con mayor aporte: SBP (contribución=0.44, concordancia=0.14 con 1/7 variables disponibles). risk_score=0.570, confidence_score=0.424.",risa-vigia-0.1.0
SIG-PAT-0061-6c6fa8a64d,PAT-0061,2026-07-17 18:00:00,0.6776,HIGH,0.4242,2026-07-16 00:00:00,2026-07-17 18:00:00,"Riesgo HIGH para PAT-0061: evidencia sostenida durante 14 ventana(s) (42h). Variable con mayor aporte: SBP (contribución=0.37, concordancia=0.29 con 2/7 variables disponibles). risk_score=0.678, confidence_score=0.424.",risa-vigia-0.1.0
SIG-PAT-0061-8012595354,PAT-0061,2026-07-20 12:00:00,0.394,MEDIUM,0.4242,2026-07-20 00:00:00,2026-07-20 12:00:00,"Riesgo MEDIUM para PAT-0061: evidencia sostenida durante 4 ventana(s) (12h). Variable con mayor aporte: SBP (contribución=0.16, concordancia=0.00 con 0/7 variables disponibles). risk_score=0.394, confidence_score=0.424.",risa-vigia-0.1.0
SIG-PAT-0061-e704b165e7,PAT-0061,2026-07-22 21:00:00,0.3118,MEDIUM,0.4242,2026-07-22 03:00:00,2026-07-22 21:00:00,"Riesgo MEDIUM para PAT-0061: evidencia sostenida durante 6 ventana(s) (18h). Variable con mayor aporte: HR (contribución=0.20, concordancia=0.00 con 0/7 variables disponibles). risk_score=0.312, confidence_score=0.424.",risa-vigia-0.1.0
SIG-PAT-0062-ca1f0ebc2f,PAT-0062,2026-07-19 21:00:00,0.4643,MEDIUM,0.4242,2026-07-19 06:00:00,2026-07-19 21:00:00,"Riesgo MEDIUM para PAT-0062: evidencia sostenida durante 5 ventana(s) (15h). Variable con mayor aporte: RR (contribución=0.30, concordancia=0.14 con 1/7 variables disponibles). risk_score=0.464, confidence_score=0.424.",risa-vigia-0.1.0
SIG-PAT-0062-1663052be3,PAT-0062,2026-07-20 12:00:00,0.7555,HIGH,0.4242,2026-07-19 21:00:00,2026-07-20 12:00:00,"Riesgo HIGH para PAT-0062: evidencia sostenida durante 5 ventana(s) (15h). Variable con mayor aporte: HR (contribución=0.66, concordancia=0.14 con 1/7 variables disponibles). risk_score=0.755, confidence_score=0.424.",risa-vigia-0.1.0
SIG-PAT-0062-8bd524e91b,PAT-0062,2026-07-21 21:00:00,0.9206,CRITICAL,0.8182,2026-07-21 00:00:00,2026-07-21 21:00:00,"Riesgo CRITICAL para PAT-0062: evidencia sostenida durante 7 ventana(s) (21h). Variable con mayor aporte: TEMP (contribución=0.69, concordancia=0.33 con 3/9 variables disponibles). risk_score=0.921, confidence_score=0.818.",risa-vigia-0.1.0
SIG-PAT-0062-3b7bfddf91,PAT-0062,2026-07-23 12:00:00,0.3384,MEDIUM,0.4242,2026-07-23 00:00:00,2026-07-23 12:00:00,"Riesgo MEDIUM para PAT-0062: evidencia sostenida durante 4 ventana(s) (12h). Variable con mayor aporte: HR (contribución=0.23, concordancia=0.00 con 0/7 variables disponibles). risk_score=0.338, confidence_score=0.424.",risa-vigia-0.1.0
SIG-PAT-0062-577247e47a,PAT-0062,2026-07-25 09:00:00,0.4782,MEDIUM,0.4242,2026-07-25 00:00:00,2026-07-25 09:00:00,"Riesgo MEDIUM para PAT-0062: evidencia sostenida durante 3 ventana(s) (9h). Variable con mayor aporte: SBP (contribución=0.28, concordancia=0.14 con 1/7 variables disponibles). risk_score=0.478, confidence_score=0.424.",risa-vigia-0.1.0
SIG-PAT-0063-48226a3769,PAT-0063,2026-07-13 12:00:00,0.365,MEDIUM,0.4242,2026-07-12 21:00:00,2026-07-13 12:00:00,"Riesgo MEDIUM para PAT-0063: evidencia sostenida durante 5 ventana(s) (15h). Variable con mayor aporte: TEMP (contribución=0.12, concordancia=0.00 con 0/7 variables disponibles). risk_score=0.365, confidence_score=0.424.",risa-vigia-0.1.0
SIG-PAT-0063-5f0dfe20ee,PAT-0063,2026-07-17 15:00:00,0.547,MEDIUM,0.7273,2026-07-16 09:00:00,2026-07-17 15:00:00,"Riesgo MEDIUM para PAT-0063: evidencia sostenida durante 10 ventana(s) (30h). Variable con mayor aporte: RR (contribución=0.24, concordancia=0.12 con 1/8 variables disponibles). risk_score=0.547, confidence_score=0.727.",risa-vigia-0.1.0
SIG-PAT-0064-6bd7a7e78f,PAT-0064,2026-07-06 12:00:00,0.6483,HIGH,0.4242,2026-07-06 00:00:00,2026-07-06 12:00:00,"Riesgo HIGH para PAT-0064: evidencia sostenida durante 4 ventana(s) (12h). Variable con mayor aporte: HR (contribución=0.52, concordancia=0.14 con 1/7 variables disponibles). risk_score=0.648, confidence_score=0.424.",risa-vigia-0.1.0
SIG-PAT-0064-4e3f87c31c,PAT-0064,2026-07-07 12:00:00,0.493,MEDIUM,0.4242,2026-07-06 21:00:00,2026-07-07 12:00:00,"Riesgo MEDIUM para PAT-0064: evidencia sostenida durante 5 ventana(s) (15h). Variable con mayor aporte: SBP (contribución=0.27, concordancia=0.14 con 1/7 variables disponibles). risk_score=0.493, confidence_score=0.424.",risa-vigia-0.1.0
SIG-PAT-0064-5663dc9193,PAT-0064,2026-07-10 09:00:00,0.6205,HIGH,0.4136,2026-07-10 00:00:00,2026-07-10 09:00:00,"Riesgo HIGH para PAT-0064: evidencia sostenida durante 3 ventana(s) (9h). Variable con mayor aporte: HR (contribución=0.29, concordancia=0.14 con 1/7 variables disponibles). risk_score=0.620, confidence_score=0.414.",risa-vigia-0.1.0
SIG-PAT-0066-945005eeed,PAT-0066,2026-07-08 12:00:00,0.5008,MEDIUM,0.4242,2026-07-08 00:00:00,2026-07-08 12:00:00,"Riesgo MEDIUM para PAT-0066: evidencia sostenida durante 4 ventana(s) (12h). Variable con mayor aporte: HR (contribución=0.26, concordancia=0.14 con 1/7 variables disponibles). risk_score=0.501, confidence_score=0.424.",risa-vigia-0.1.0
SIG-PAT-0066-70e01725bd,PAT-0066,2026-07-12 00:00:00,0.5628,HIGH,0.4242,2026-07-11 12:00:00,2026-07-12 00:00:00,"Riesgo HIGH para PAT-0066: evidencia sostenida durante 4 ventana(s) (12h). Variable con mayor aporte: SBP (contribución=0.45, concordancia=0.14 con 1/7 variables disponibles). risk_score=0.563, confidence_score=0.424.",risa-vigia-0.1.0
SIG-PAT-0066-0039556531,PAT-0066,2026-07-12 12:00:00,0.5736,HIGH,0.4242,2026-07-12 00:00:00,2026-07-12 12:00:00,"Riesgo HIGH para PAT-0066: evidencia sostenida durante 4 ventana(s) (12h). Variable con mayor aporte: SBP (contribución=0.45, concordancia=0.14 con 1/7 variables disponibles). risk_score=0.574, confidence_score=0.424.",risa-vigia-0.1.0
SIG-PAT-0067-7090fb26d0,PAT-0067,2026-07-07 12:00:00,0.3996,MEDIUM,0.4242,2026-07-07 00:00:00,2026-07-07 12:00:00,"Riesgo MEDIUM para PAT-0067: evidencia sostenida durante 4 ventana(s) (12h). Variable con mayor aporte: HR (contribución=0.20, concordancia=0.00 con 0/7 variables disponibles). risk_score=0.400, confidence_score=0.424.",risa-vigia-0.1.0
SIG-PAT-0067-174d1e2d8b,PAT-0067,2026-07-09 18:00:00,0.6436,HIGH,0.4242,2026-07-08 00:00:00,2026-07-09 18:00:00,"Riesgo HIGH para PAT-0067: evidencia sostenida durante 14 ventana(s) (42h). Variable con mayor aporte: DBP (contribución=0.53, concordancia=0.14 con 1/7 variables disponibles). risk_score=0.644, confidence_score=0.424.",risa-vigia-0.1.0
SIG-PAT-0067-983fe0e97c,PAT-0067,2026-07-10 15:00:00,0.5587,HIGH,0.4242,2026-07-09 21:00:00,2026-07-10 15:00:00,"Riesgo HIGH para PAT-0067: evidencia sostenida durante 6 ventana(s) (18h). Variable con mayor aporte: DBP (contribución=0.35, concordancia=0.14 con 1/7 variables disponibles). risk_score=0.559, confidence_score=0.424.",risa-vigia-0.1.0
SIG-PAT-0068-d661847433,PAT-0068,2026-07-10 18:00:00,0.7976,HIGH,0.4242,2026-07-10 00:00:00,2026-07-10 18:00:00,"Riesgo HIGH para PAT-0068: evidencia sostenida durante 6 ventana(s) (18h). Variable con mayor aporte: DBP (contribución=0.63, concordancia=0.29 con 2/7 variables disponibles). risk_score=0.798, confidence_score=0.424.",risa-vigia-0.1.0
SIG-PAT-0069-c0fd01edeb,PAT-0069,2026-07-20 12:00:00,0.5474,MEDIUM,0.4242,2026-07-20 00:00:00,2026-07-20 12:00:00,"Riesgo MEDIUM para PAT-0069: evidencia sostenida durante 4 ventana(s) (12h). Variable con mayor aporte: HR (contribución=0.42, concordancia=0.14 con 1/7 variables disponibles). risk_score=0.547, confidence_score=0.424.",risa-vigia-0.1.0
SIG-PAT-0069-7b4854f5cd,PAT-0069,2026-07-21 12:00:00,0.6896,HIGH,0.4013,2026-07-21 00:00:00,2026-07-21 12:00:00,"Riesgo HIGH para PAT-0069: evidencia sostenida durante 4 ventana(s) (12h). Variable con mayor aporte: HR (contribución=0.34, concordancia=0.29 con 2/7 variables disponibles). risk_score=0.690, confidence_score=0.401.",risa-vigia-0.1.0
SIG-PAT-0070-af273a589d,PAT-0070,2026-07-15 12:00:00,0.4745,MEDIUM,0.4242,2026-07-14 18:00:00,2026-07-15 12:00:00,"Riesgo MEDIUM para PAT-0070: evidencia sostenida durante 6 ventana(s) (18h). Variable con mayor aporte: TEMP (contribución=0.28, concordancia=0.14 con 1/7 variables disponibles). risk_score=0.474, confidence_score=0.424.",risa-vigia-0.1.0
SIG-PAT-0070-4c49e783b9,PAT-0070,2026-07-17 15:00:00,0.6823,HIGH,0.4242,2026-07-16 21:00:00,2026-07-17 15:00:00,"Riesgo HIGH para PAT-0070: evidencia sostenida durante 6 ventana(s) (18h). Variable con mayor aporte: DBP (contribución=0.60, concordancia=0.14 con 1/7 variables disponibles). risk_score=0.682, confidence_score=0.424.",risa-vigia-0.1.0
SIG-PAT-0070-32e79cc6ab,PAT-0070,2026-07-18 18:00:00,0.6025,HIGH,0.4242,2026-07-17 21:00:00,2026-07-18 18:00:00,"Riesgo HIGH para PAT-0070: evidencia sostenida durante 7 ventana(s) (21h). Variable con mayor aporte: SBP (contribución=0.40, concordancia=0.14 con 1/7 variables disponibles). risk_score=0.602, confidence_score=0.424.",risa-vigia-0.1.0
SIG-PAT-0070-f60b7cb257,PAT-0070,2026-07-21 00:00:00,0.411,MEDIUM,0.4242,2026-07-20 03:00:00,2026-07-21 00:00:00,"Riesgo MEDIUM para PAT-0070: evidencia sostenida durante 7 ventana(s) (21h). Variable con mayor aporte: DBP (contribución=0.33, concordancia=0.14 con 1/7 variables disponibles). risk_score=0.411, confidence_score=0.424.",risa-vigia-0.1.0
SIG-PAT-0071-5d73d86d11,PAT-0071,2026-07-06 12:00:00,0.6066,HIGH,0.4019,2026-07-06 00:00:00,2026-07-06 12:00:00,"Riesgo HIGH para PAT-0071: evidencia sostenida durante 4 ventana(s) (12h). Variable con mayor aporte: DBP (contribución=0.35, concordancia=0.14 con 1/7 variables disponibles). risk_score=0.607, confidence_score=0.402.",risa-vigia-0.1.0
SIG-PAT-0071-b24f03b628,PAT-0071,2026-07-07 12:00:00,0.7554,HIGH,0.4131,2026-07-07 00:00:00,2026-07-07 12:00:00,"Riesgo HIGH para PAT-0071: evidencia sostenida durante 4 ventana(s) (12h). Variable con mayor aporte: DBP (contribución=0.40, concordancia=0.29 con 2/7 variables disponibles). risk_score=0.755, confidence_score=0.413.",risa-vigia-0.1.0
SIG-PAT-0071-89c1057ded,PAT-0071,2026-07-08 12:00:00,0.494,MEDIUM,0.4131,2026-07-07 21:00:00,2026-07-08 12:00:00,"Riesgo MEDIUM para PAT-0071: evidencia sostenida durante 5 ventana(s) (15h). Variable con mayor aporte: SBP (contribución=0.27, concordancia=0.14 con 1/7 variables disponibles). risk_score=0.494, confidence_score=0.413.",risa-vigia-0.1.0
SIG-PAT-0071-d4e1c1621a,PAT-0071,2026-07-11 09:00:00,0.389,MEDIUM,0.4242,2026-07-11 03:00:00,2026-07-11 09:00:00,"Riesgo MEDIUM para PAT-0071: evidencia sostenida durante 2 ventana(s) (6h). Variable con mayor aporte: RR (contribución=0.26, concordancia=0.14 con 1/7 variables disponibles). risk_score=0.389, confidence_score=0.424.",risa-vigia-0.1.0
SIG-PAT-0072-b804e1394b,PAT-0072,2026-07-09 09:00:00,0.549,MEDIUM,0.7273,2026-07-09 00:00:00,2026-07-09 09:00:00,"Riesgo MEDIUM para PAT-0072: evidencia sostenida durante 3 ventana(s) (9h). Variable con mayor aporte: DBP (contribución=0.38, concordancia=0.12 con 1/8 variables disponibles). risk_score=0.549, confidence_score=0.727.",risa-vigia-0.1.0
SIG-PAT-0074-dbe62b0103,PAT-0074,2026-07-11 12:00:00,0.689,HIGH,0.4242,2026-07-11 00:00:00,2026-07-11 12:00:00,"Riesgo HIGH para PAT-0074: evidencia sostenida durante 4 ventana(s) (12h). Variable con mayor aporte: DBP (contribución=0.61, concordancia=0.14 con 1/7 variables disponibles). risk_score=0.689, confidence_score=0.424.",risa-vigia-0.1.0
SIG-PAT-0075-da60472479,PAT-0075,2026-07-27 18:00:00,0.3204,MEDIUM,0.4242,2026-07-27 00:00:00,2026-07-27 18:00:00,"Riesgo MEDIUM para PAT-0075: evidencia sostenida durante 6 ventana(s) (18h). Variable con mayor aporte: SBP (contribución=0.24, concordancia=0.00 con 0/7 variables disponibles). risk_score=0.320, confidence_score=0.424.",risa-vigia-0.1.0
SIG-PAT-0075-46c09a0a69,PAT-0075,2026-07-30 12:00:00,0.4197,MEDIUM,0.4242,2026-07-30 00:00:00,2026-07-30 12:00:00,"Riesgo MEDIUM para PAT-0075: evidencia sostenida durante 4 ventana(s) (12h). Variable con mayor aporte: WEARABLE_HR (contribución=0.14, concordancia=0.00 con 0/7 variables disponibles). risk_score=0.420, confidence_score=0.424.",risa-vigia-0.1.0
SIG-PAT-0076-cf025b3eb9,PAT-0076,2026-07-28 12:00:00,0.5359,MEDIUM,0.4242,2026-07-26 18:00:00,2026-07-28 12:00:00,"Riesgo MEDIUM para PAT-0076: evidencia sostenida durante 14 ventana(s) (42h). Variable con mayor aporte: SBP (contribución=0.43, concordancia=0.14 con 1/7 variables disponibles). risk_score=0.536, confidence_score=0.424.",risa-vigia-0.1.0
SIG-PAT-0076-473d494cc3,PAT-0076,2026-07-30 18:00:00,0.4896,MEDIUM,0.4242,2026-07-28 15:00:00,2026-07-30 18:00:00,"Riesgo MEDIUM para PAT-0076: evidencia sostenida durante 17 ventana(s) (51h). Variable con mayor aporte: DBP (contribución=0.33, concordancia=0.14 con 1/7 variables disponibles). risk_score=0.490, confidence_score=0.424.",risa-vigia-0.1.0
SIG-PAT-0077-8572364c93,PAT-0077,2026-07-14 18:00:00,0.7319,HIGH,0.7273,2026-07-14 00:00:00,2026-07-14 18:00:00,"Riesgo HIGH para PAT-0077: evidencia sostenida durante 6 ventana(s) (18h). Variable con mayor aporte: LAB_A (contribución=0.68, concordancia=0.12 con 1/8 variables disponibles). risk_score=0.732, confidence_score=0.727.",risa-vigia-0.1.0
SIG-PAT-0077-e1dc2e736d,PAT-0077,2026-07-16 15:00:00,0.583,HIGH,0.4242,2026-07-16 00:00:00,2026-07-16 15:00:00,"Riesgo HIGH para PAT-0077: evidencia sostenida durante 5 ventana(s) (15h). Variable con mayor aporte: DBP (contribución=0.37, concordancia=0.14 con 1/7 variables disponibles). risk_score=0.583, confidence_score=0.424.",risa-vigia-0.1.0
SIG-PAT-0077-828df40a5e,PAT-0077,2026-07-17 12:00:00,0.5127,MEDIUM,0.4242,2026-07-17 00:00:00,2026-07-17 12:00:00,"Riesgo MEDIUM para PAT-0077: evidencia sostenida durante 4 ventana(s) (12h). Variable con mayor aporte: DBP (contribución=0.27, concordancia=0.14 con 1/7 variables disponibles). risk_score=0.513, confidence_score=0.424.",risa-vigia-0.1.0
SIG-PAT-0078-ed8b4f793d,PAT-0078,2026-07-16 00:00:00,0.9131,CRITICAL,0.4242,2026-07-14 21:00:00,2026-07-16 00:00:00,"Riesgo CRITICAL para PAT-0078: evidencia sostenida durante 9 ventana(s) (27h). Variable con mayor aporte: TEMP (contribución=0.43, concordancia=0.57 con 4/7 variables disponibles). risk_score=0.913, confidence_score=0.424.",risa-vigia-0.1.0
SIG-PAT-0078-bd430f1763,PAT-0078,2026-07-17 12:00:00,0.5995,HIGH,0.4242,2026-07-17 00:00:00,2026-07-17 12:00:00,"Riesgo HIGH para PAT-0078: evidencia sostenida durante 4 ventana(s) (12h). Variable con mayor aporte: SBP (contribución=0.39, concordancia=0.14 con 1/7 variables disponibles). risk_score=0.599, confidence_score=0.424.",risa-vigia-0.1.0
SIG-PAT-0079-ce6a059d68,PAT-0079,2026-07-03 21:00:00,0.6431,HIGH,0.4242,2026-07-02 00:00:00,2026-07-03 21:00:00,"Riesgo HIGH para PAT-0079: evidencia sostenida durante 15 ventana(s) (45h). Variable con mayor aporte: SBP (contribución=0.49, concordancia=0.14 con 1/7 variables disponibles). risk_score=0.643, confidence_score=0.424.",risa-vigia-0.1.0
SIG-PAT-0080-dc3c24a84d,PAT-0080,2026-07-19 15:00:00,0.5868,HIGH,0.4242,2026-07-19 00:00:00,2026-07-19 15:00:00,"Riesgo HIGH para PAT-0080: evidencia sostenida durante 5 ventana(s) (15h). Variable con mayor aporte: HR (contribución=0.39, concordancia=0.14 con 1/7 variables disponibles). risk_score=0.587, confidence_score=0.424.",risa-vigia-0.1.0
SIG-PAT-0080-e69d27acdb,PAT-0080,2026-07-20 12:00:00,0.7976,HIGH,0.4242,2026-07-20 00:00:00,2026-07-20 12:00:00,"Riesgo HIGH para PAT-0080: evidencia sostenida durante 4 ventana(s) (12h). Variable con mayor aporte: DBP (contribución=0.55, concordancia=0.29 con 2/7 variables disponibles). risk_score=0.798, confidence_score=0.424.",risa-vigia-0.1.0
SIG-PAT-0080-5d16cf5ed1,PAT-0080,2026-07-21 18:00:00,0.4878,MEDIUM,0.4131,2026-07-21 00:00:00,2026-07-21 18:00:00,"Riesgo MEDIUM para PAT-0080: evidencia sostenida durante 6 ventana(s) (18h). Variable con mayor aporte: DBP (contribución=0.26, concordancia=0.14 con 1/7 variables disponibles). risk_score=0.488, confidence_score=0.413.",risa-vigia-0.1.0
SIG-PAT-0081-c15961f4a3,PAT-0081,2026-07-03 18:00:00,0.6131,HIGH,0.4136,2026-07-03 00:00:00,2026-07-03 18:00:00,"Riesgo HIGH para PAT-0081: evidencia sostenida durante 6 ventana(s) (18h). Variable con mayor aporte: HR (contribución=0.45, concordancia=0.14 con 1/7 variables disponibles). risk_score=0.613, confidence_score=0.414.",risa-vigia-0.1.0
SIG-PAT-0081-5eeca1b790,PAT-0081,2026-07-04 15:00:00,0.4745,MEDIUM,0.4242,2026-07-04 00:00:00,2026-07-04 15:00:00,"Riesgo MEDIUM para PAT-0081: evidencia sostenida durante 5 ventana(s) (15h). Variable con mayor aporte: HR (contribución=0.29, concordancia=0.14 con 1/7 variables disponibles). risk_score=0.474, confidence_score=0.424.",risa-vigia-0.1.0
SIG-PAT-0082-09790617ed,PAT-0082,2026-07-03 12:00:00,0.6269,HIGH,0.4242,2026-07-03 00:00:00,2026-07-03 12:00:00,"Riesgo HIGH para PAT-0082: evidencia sostenida durante 4 ventana(s) (12h). Variable con mayor aporte: HR (contribución=0.53, concordancia=0.14 con 1/7 variables disponibles). risk_score=0.627, confidence_score=0.424.",risa-vigia-0.1.0
SIG-PAT-0083-3e37648277,PAT-0083,2026-07-23 15:00:00,0.7719,HIGH,0.4242,2026-07-22 21:00:00,2026-07-23 15:00:00,"Riesgo HIGH para PAT-0083: evidencia sostenida durante 6 ventana(s) (18h). Variable con mayor aporte: RR (contribución=0.34, concordancia=0.43 con 3/7 variables disponibles). risk_score=0.772, confidence_score=0.424.",risa-vigia-0.1.0
SIG-PAT-0083-82781c05c8,PAT-0083,2026-07-24 12:00:00,0.4511,MEDIUM,0.4242,2026-07-24 00:00:00,2026-07-24 12:00:00,"Riesgo MEDIUM para PAT-0083: evidencia sostenida durante 4 ventana(s) (12h). Variable con mayor aporte: HR (contribución=0.25, concordancia=0.00 con 0/7 variables disponibles). risk_score=0.451, confidence_score=0.424.",risa-vigia-0.1.0
SIG-PAT-0083-6ab7adbe45,PAT-0083,2026-07-28 00:00:00,0.5606,HIGH,0.4242,2026-07-26 03:00:00,2026-07-28 00:00:00,"Riesgo HIGH para PAT-0083: evidencia sostenida durante 15 ventana(s) (45h). Variable con mayor aporte: DBP (contribución=0.35, concordancia=0.14 con 1/7 variables disponibles). risk_score=0.561, confidence_score=0.424.",risa-vigia-0.1.0
SIG-PAT-0083-0798510e9a,PAT-0083,2026-07-28 15:00:00,0.3402,MEDIUM,0.4136,2026-07-28 03:00:00,2026-07-28 15:00:00,"Riesgo MEDIUM para PAT-0083: evidencia sostenida durante 4 ventana(s) (12h). Variable con mayor aporte: DBP (contribución=0.13, concordancia=0.00 con 0/7 variables disponibles). risk_score=0.340, confidence_score=0.414.",risa-vigia-0.1.0
SIG-PAT-0083-576b5fc985,PAT-0083,2026-07-29 15:00:00,0.4097,MEDIUM,0.4242,2026-07-29 00:00:00,2026-07-29 15:00:00,"Riesgo MEDIUM para PAT-0083: evidencia sostenida durante 5 ventana(s) (15h). Variable con mayor aporte: DBP (contribución=0.23, concordancia=0.00 con 0/7 variables disponibles). risk_score=0.410, confidence_score=0.424.",risa-vigia-0.1.0
SIG-PAT-0083-9f24bf0e9d,PAT-0083,2026-07-30 09:00:00,0.6318,HIGH,0.4242,2026-07-30 00:00:00,2026-07-30 09:00:00,"Riesgo HIGH para PAT-0083: evidencia sostenida durante 3 ventana(s) (9h). Variable con mayor aporte: SBP (contribución=0.43, concordancia=0.14 con 1/7 variables disponibles). risk_score=0.632, confidence_score=0.424.",risa-vigia-0.1.0
SIG-PAT-0084-a11a13f317,PAT-0084,2026-07-16 12:00:00,0.645,HIGH,0.4242,2026-07-16 00:00:00,2026-07-16 12:00:00,"Riesgo HIGH para PAT-0084: evidencia sostenida durante 4 ventana(s) (12h). Variable con mayor aporte: HR (contribución=0.58, concordancia=0.14 con 1/7 variables disponibles). risk_score=0.645, confidence_score=0.424.",risa-vigia-0.1.0
SIG-PAT-0084-68adf288e9,PAT-0084,2026-07-17 12:00:00,0.4208,MEDIUM,0.4242,2026-07-17 00:00:00,2026-07-17 12:00:00,"Riesgo MEDIUM para PAT-0084: evidencia sostenida durante 4 ventana(s) (12h). Variable con mayor aporte: HR (contribución=0.24, concordancia=0.00 con 0/7 variables disponibles). risk_score=0.421, confidence_score=0.424.",risa-vigia-0.1.0
SIG-PAT-0084-827c47e1ac,PAT-0084,2026-07-18 15:00:00,0.9916,CRITICAL,0.4242,2026-07-17 12:00:00,2026-07-18 15:00:00,"Riesgo CRITICAL para PAT-0084: evidencia sostenida durante 9 ventana(s) (27h). Variable con mayor aporte: SpO2 (contribución=0.82, concordancia=0.57 con 4/7 variables disponibles). risk_score=0.992, confidence_score=0.424.",risa-vigia-0.1.0
SIG-PAT-0084-100b8b7515,PAT-0084,2026-07-21 09:00:00,0.4785,MEDIUM,0.4242,2026-07-20 00:00:00,2026-07-21 09:00:00,"Riesgo MEDIUM para PAT-0084: evidencia sostenida durante 11 ventana(s) (33h). Variable con mayor aporte: SBP (contribución=0.41, concordancia=0.14 con 1/7 variables disponibles). risk_score=0.479, confidence_score=0.424.",risa-vigia-0.1.0
SIG-PAT-0084-0273a8a31f,PAT-0084,2026-07-22 12:00:00,0.3418,MEDIUM,0.4242,2026-07-22 00:00:00,2026-07-22 12:00:00,"Riesgo MEDIUM para PAT-0084: evidencia sostenida durante 4 ventana(s) (12h). Variable con mayor aporte: HR (contribución=0.13, concordancia=0.00 con 0/7 variables disponibles). risk_score=0.342, confidence_score=0.424.",risa-vigia-0.1.0
SIG-PAT-0084-4a2a0d4d7b,PAT-0084,2026-07-23 15:00:00,0.4217,MEDIUM,0.4242,2026-07-23 00:00:00,2026-07-23 15:00:00,"Riesgo MEDIUM para PAT-0084: evidencia sostenida durante 5 ventana(s) (15h). Variable con mayor aporte: DBP (contribución=0.27, concordancia=0.14 con 1/7 variables disponibles). risk_score=0.422, confidence_score=0.424.",risa-vigia-0.1.0
SIG-PAT-0084-6b3c52edb3,PAT-0084,2026-07-26 12:00:00,0.6284,HIGH,0.7977,2026-07-25 00:00:00,2026-07-26 12:00:00,"Riesgo HIGH para PAT-0084: evidencia sostenida durante 12 ventana(s) (36h). Variable con mayor aporte: SBP (contribución=0.59, concordancia=0.11 con 1/9 variables disponibles). risk_score=0.628, confidence_score=0.798.",risa-vigia-0.1.0
SIG-PAT-0084-9198d7c5e8,PAT-0084,2026-07-27 18:00:00,0.6511,HIGH,0.4242,2026-07-27 00:00:00,2026-07-27 18:00:00,"Riesgo HIGH para PAT-0084: evidencia sostenida durante 6 ventana(s) (18h). Variable con mayor aporte: SBP (contribución=0.55, concordancia=0.14 con 1/7 variables disponibles). risk_score=0.651, confidence_score=0.424.",risa-vigia-0.1.0
SIG-PAT-0085-df225163d2,PAT-0085,2026-07-23 12:00:00,0.5057,MEDIUM,0.4242,2026-07-22 21:00:00,2026-07-23 12:00:00,"Riesgo MEDIUM para PAT-0085: evidencia sostenida durante 5 ventana(s) (15h). Variable con mayor aporte: HR (contribución=0.27, concordancia=0.14 con 1/7 variables disponibles). risk_score=0.506, confidence_score=0.424.",risa-vigia-0.1.0
SIG-PAT-0085-3b17252e93,PAT-0085,2026-07-24 21:00:00,0.5359,MEDIUM,0.4242,2026-07-24 00:00:00,2026-07-24 21:00:00,"Riesgo MEDIUM para PAT-0085: evidencia sostenida durante 7 ventana(s) (21h). Variable con mayor aporte: HR (contribución=0.31, concordancia=0.14 con 1/7 variables disponibles). risk_score=0.536, confidence_score=0.424.",risa-vigia-0.1.0
SIG-PAT-0085-30347af0d3,PAT-0085,2026-07-25 12:00:00,0.4366,MEDIUM,0.4242,2026-07-25 00:00:00,2026-07-25 12:00:00,"Riesgo MEDIUM para PAT-0085: evidencia sostenida durante 4 ventana(s) (12h). Variable con mayor aporte: SBP (contribución=0.20, concordancia=0.00 con 0/7 variables disponibles). risk_score=0.437, confidence_score=0.424.",risa-vigia-0.1.0
SIG-PAT-0085-ad2d698f09,PAT-0085,2026-07-27 12:00:00,0.7351,HIGH,0.4242,2026-07-27 00:00:00,2026-07-27 12:00:00,"Riesgo HIGH para PAT-0085: evidencia sostenida durante 4 ventana(s) (12h). Variable con mayor aporte: SBP (contribución=0.34, concordancia=0.29 con 2/7 variables disponibles). risk_score=0.735, confidence_score=0.424.",risa-vigia-0.1.0
SIG-PAT-0085-bf354b017a,PAT-0085,2026-07-30 09:00:00,0.497,MEDIUM,0.4242,2026-07-30 00:00:00,2026-07-30 09:00:00,"Riesgo MEDIUM para PAT-0085: evidencia sostenida durante 3 ventana(s) (9h). Variable con mayor aporte: DBP (contribución=0.28, concordancia=0.14 con 1/7 variables disponibles). risk_score=0.497, confidence_score=0.424.",risa-vigia-0.1.0
SIG-PAT-0087-f0292b57d5,PAT-0087,2026-07-06 18:00:00,0.6819,HIGH,0.4131,2026-07-03 21:00:00,2026-07-06 18:00:00,"Riesgo HIGH para PAT-0087: evidencia sostenida durante 23 ventana(s) (69h). Variable con mayor aporte: HR (contribución=0.32, concordancia=0.29 con 2/7 variables disponibles). risk_score=0.682, confidence_score=0.413.",risa-vigia-0.1.0
SIG-PAT-0088-8c3f544774,PAT-0088,2026-07-18 15:00:00,0.5026,MEDIUM,0.4242,2026-07-18 00:00:00,2026-07-18 15:00:00,"Riesgo MEDIUM para PAT-0088: evidencia sostenida durante 5 ventana(s) (15h). Variable con mayor aporte: HR (contribución=0.29, concordancia=0.14 con 1/7 variables disponibles). risk_score=0.503, confidence_score=0.424.",risa-vigia-0.1.0
SIG-PAT-0088-3db73f5148,PAT-0088,2026-07-20 12:00:00,0.9705,CRITICAL,0.4128,2026-07-19 00:00:00,2026-07-20 12:00:00,"Riesgo CRITICAL para PAT-0088: evidencia sostenida durante 12 ventana(s) (36h). Variable con mayor aporte: DBP (contribución=0.85, concordancia=0.29 con 2/7 variables disponibles). risk_score=0.971, confidence_score=0.413.",risa-vigia-0.1.0
SIG-PAT-0088-ed926c4e50,PAT-0088,2026-07-21 09:00:00,0.6985,HIGH,0.4242,2026-07-21 00:00:00,2026-07-21 09:00:00,"Riesgo HIGH para PAT-0088: evidencia sostenida durante 3 ventana(s) (9h). Variable con mayor aporte: HR (contribución=0.36, concordancia=0.29 con 2/7 variables disponibles). risk_score=0.698, confidence_score=0.424.",risa-vigia-0.1.0
SIG-PAT-0089-f55fb2d7a0,PAT-0089,2026-07-04 15:00:00,0.6267,HIGH,0.4242,2026-07-03 21:00:00,2026-07-04 15:00:00,"Riesgo HIGH para PAT-0089: evidencia sostenida durante 6 ventana(s) (18h). Variable con mayor aporte: DBP (contribución=0.30, concordancia=0.29 con 2/7 variables disponibles). risk_score=0.627, confidence_score=0.424.",risa-vigia-0.1.0
SIG-PAT-0089-0ae4ae9b54,PAT-0089,2026-07-05 18:00:00,0.7303,HIGH,0.4242,2026-07-04 21:00:00,2026-07-05 18:00:00,"Riesgo HIGH para PAT-0089: evidencia sostenida durante 7 ventana(s) (21h). Variable con mayor aporte: SBP (contribución=0.48, concordancia=0.29 con 2/7 variables disponibles). risk_score=0.730, confidence_score=0.424.",risa-vigia-0.1.0
SIG-PAT-0089-41313bd1c2,PAT-0089,2026-07-07 09:00:00,0.514,MEDIUM,0.4242,2026-07-07 00:00:00,2026-07-07 09:00:00,"Riesgo MEDIUM para PAT-0089: evidencia sostenida durante 3 ventana(s) (9h). Variable con mayor aporte: HR (contribución=0.25, concordancia=0.00 con 0/7 variables disponibles). risk_score=0.514, confidence_score=0.424.",risa-vigia-0.1.0
SIG-PAT-0090-6c47d34a9d,PAT-0090,2026-07-14 12:00:00,0.5687,HIGH,0.4242,2026-07-13 21:00:00,2026-07-14 12:00:00,"Riesgo HIGH para PAT-0090: evidencia sostenida durante 5 ventana(s) (15h). Variable con mayor aporte: TEMP (contribución=0.42, concordancia=0.14 con 1/7 variables disponibles). risk_score=0.569, confidence_score=0.424.",risa-vigia-0.1.0
SIG-PAT-0090-df99d870d0,PAT-0090,2026-07-18 18:00:00,0.5331,MEDIUM,0.8182,2026-07-18 03:00:00,2026-07-18 18:00:00,"Riesgo MEDIUM para PAT-0090: evidencia sostenida durante 5 ventana(s) (15h). Variable con mayor aporte: SBP (contribución=0.38, concordancia=0.11 con 1/9 variables disponibles). risk_score=0.533, confidence_score=0.818.",risa-vigia-0.1.0
SIG-PAT-0091-220a02b32b,PAT-0091,2026-07-20 12:00:00,0.5117,MEDIUM,0.4242,2026-07-20 00:00:00,2026-07-20 12:00:00,"Riesgo MEDIUM para PAT-0091: evidencia sostenida durante 4 ventana(s) (12h). Variable con mayor aporte: HR (contribución=0.38, concordancia=0.14 con 1/7 variables disponibles). risk_score=0.512, confidence_score=0.424.",risa-vigia-0.1.0
SIG-PAT-0091-ce95cfad91,PAT-0091,2026-07-21 12:00:00,0.659,HIGH,0.4136,2026-07-20 18:00:00,2026-07-21 12:00:00,"Riesgo HIGH para PAT-0091: evidencia sostenida durante 6 ventana(s) (18h). Variable con mayor aporte: DBP (contribución=0.38, concordancia=0.14 con 1/7 variables disponibles). risk_score=0.659, confidence_score=0.414.",risa-vigia-0.1.0
SIG-PAT-0091-1a2a4f5837,PAT-0091,2026-07-23 00:00:00,0.461,MEDIUM,0.4242,2026-07-22 00:00:00,2026-07-23 00:00:00,"Riesgo MEDIUM para PAT-0091: evidencia sostenida durante 8 ventana(s) (24h). Variable con mayor aporte: SBP (contribución=0.23, concordancia=0.00 con 0/7 variables disponibles). risk_score=0.461, confidence_score=0.424.",risa-vigia-0.1.0
SIG-PAT-0091-72caae5884,PAT-0091,2026-07-24 12:00:00,0.6588,HIGH,0.7273,2026-07-23 21:00:00,2026-07-24 12:00:00,"Riesgo HIGH para PAT-0091: evidencia sostenida durante 5 ventana(s) (15h). Variable con mayor aporte: SBP (contribución=0.34, concordancia=0.12 con 1/8 variables disponibles). risk_score=0.659, confidence_score=0.727.",risa-vigia-0.1.0
SIG-PAT-0091-7412c9748e,PAT-0091,2026-07-25 03:00:00,0.8639,CRITICAL,0.4242,2026-07-24 21:00:00,2026-07-25 03:00:00,"Riesgo CRITICAL para PAT-0091: evidencia sostenida durante 2 ventana(s) (6h). Variable con mayor aporte: SBP (contribución=0.48, concordancia=0.43 con 3/7 variables disponibles). risk_score=0.864, confidence_score=0.424.",risa-vigia-0.1.0
SIG-PAT-0092-0340608d3c,PAT-0092,2026-07-06 12:00:00,0.6742,HIGH,0.4242,2026-07-06 00:00:00,2026-07-06 12:00:00,"Riesgo HIGH para PAT-0092: evidencia sostenida durante 4 ventana(s) (12h). Variable con mayor aporte: HR (contribución=0.57, concordancia=0.14 con 1/7 variables disponibles). risk_score=0.674, confidence_score=0.424.",risa-vigia-0.1.0
SIG-PAT-0092-db789966bf,PAT-0092,2026-07-11 12:00:00,0.8106,CRITICAL,0.4128,2026-07-10 21:00:00,2026-07-11 12:00:00,"Riesgo CRITICAL para PAT-0092: evidencia sostenida durante 5 ventana(s) (15h). Variable con mayor aporte: DBP (contribución=0.48, concordancia=0.29 con 2/7 variables disponibles). risk_score=0.811, confidence_score=0.413.",risa-vigia-0.1.0
SIG-PAT-0092-fe194f8df0,PAT-0092,2026-07-13 09:00:00,0.4481,MEDIUM,0.4134,2026-07-13 00:00:00,2026-07-13 09:00:00,"Riesgo MEDIUM para PAT-0092: evidencia sostenida durante 3 ventana(s) (9h). Variable con mayor aporte: DBP (contribución=0.21, concordancia=0.00 con 0/7 variables disponibles). risk_score=0.448, confidence_score=0.413.",risa-vigia-0.1.0
SIG-PAT-0093-5a1064b35e,PAT-0093,2026-07-15 12:00:00,0.6654,HIGH,0.4242,2026-07-14 06:00:00,2026-07-15 12:00:00,"Riesgo HIGH para PAT-0093: evidencia sostenida durante 10 ventana(s) (30h). Variable con mayor aporte: HR (contribución=0.49, concordancia=0.14 con 1/7 variables disponibles). risk_score=0.665, confidence_score=0.424.",risa-vigia-0.1.0
SIG-PAT-0093-d7d5288da9,PAT-0093,2026-07-16 18:00:00,0.617,HIGH,0.4242,2026-07-16 00:00:00,2026-07-16 18:00:00,"Riesgo HIGH para PAT-0093: evidencia sostenida durante 6 ventana(s) (18h). Variable con mayor aporte: HR (contribución=0.27, concordancia=0.29 con 2/7 variables disponibles). risk_score=0.617, confidence_score=0.424.",risa-vigia-0.1.0
SIG-PAT-0093-e0086ab6ac,PAT-0093,2026-07-17 12:00:00,0.3898,MEDIUM,0.4136,2026-07-17 00:00:00,2026-07-17 12:00:00,"Riesgo MEDIUM para PAT-0093: evidencia sostenida durante 4 ventana(s) (12h). Variable con mayor aporte: HR (contribución=0.26, concordancia=0.14 con 1/7 variables disponibles). risk_score=0.390, confidence_score=0.414.",risa-vigia-0.1.0
SIG-PAT-0093-aa65ac8943,PAT-0093,2026-07-19 12:00:00,0.5155,MEDIUM,0.4242,2026-07-18 21:00:00,2026-07-19 12:00:00,"Riesgo MEDIUM para PAT-0093: evidencia sostenida durante 5 ventana(s) (15h). Variable con mayor aporte: SBP (contribución=0.43, concordancia=0.14 con 1/7 variables disponibles). risk_score=0.515, confidence_score=0.424.",risa-vigia-0.1.0
SIG-PAT-0093-ed4d69860a,PAT-0093,2026-07-20 12:00:00,0.413,MEDIUM,0.4242,2026-07-19 21:00:00,2026-07-20 12:00:00,"Riesgo MEDIUM para PAT-0093: evidencia sostenida durante 5 ventana(s) (15h). Variable con mayor aporte: SBP (contribución=0.30, concordancia=0.14 con 1/7 variables disponibles). risk_score=0.413, confidence_score=0.424.",risa-vigia-0.1.0
SIG-PAT-0094-ad56c1f3fb,PAT-0094,2026-07-10 12:00:00,0.5177,MEDIUM,0.7273,2026-07-09 21:00:00,2026-07-10 12:00:00,"Riesgo MEDIUM para PAT-0094: evidencia sostenida durante 5 ventana(s) (15h). Variable con mayor aporte: HR (contribución=0.42, concordancia=0.12 con 1/8 variables disponibles). risk_score=0.518, confidence_score=0.727.",risa-vigia-0.1.0
SIG-PAT-0094-21a05226c5,PAT-0094,2026-07-11 15:00:00,0.7277,HIGH,0.4242,2026-07-11 00:00:00,2026-07-11 15:00:00,"Riesgo HIGH para PAT-0094: evidencia sostenida durante 5 ventana(s) (15h). Variable con mayor aporte: SBP (contribución=0.37, concordancia=0.29 con 2/7 variables disponibles). risk_score=0.728, confidence_score=0.424.",risa-vigia-0.1.0
SIG-PAT-0094-d9db7cfe40,PAT-0094,2026-07-12 15:00:00,0.6088,HIGH,0.4242,2026-07-12 00:00:00,2026-07-12 15:00:00,"Riesgo HIGH para PAT-0094: evidencia sostenida durante 5 ventana(s) (15h). Variable con mayor aporte: DBP (contribución=0.40, concordancia=0.14 con 1/7 variables disponibles). risk_score=0.609, confidence_score=0.424.",risa-vigia-0.1.0
SIG-PAT-0095-c44eafa8e0,PAT-0095,2026-07-13 12:00:00,0.7929,HIGH,0.4242,2026-07-13 00:00:00,2026-07-13 12:00:00,"Riesgo HIGH para PAT-0095: evidencia sostenida durante 4 ventana(s) (12h). Variable con mayor aporte: SBP (contribución=0.71, concordancia=0.14 con 1/7 variables disponibles). risk_score=0.793, confidence_score=0.424.",risa-vigia-0.1.0
SIG-PAT-0095-a9037a2160,PAT-0095,2026-07-14 18:00:00,0.6579,HIGH,0.4242,2026-07-14 00:00:00,2026-07-14 18:00:00,"Riesgo HIGH para PAT-0095: evidencia sostenida durante 6 ventana(s) (18h). Variable con mayor aporte: SBP (contribución=0.41, concordancia=0.14 con 1/7 variables disponibles). risk_score=0.658, confidence_score=0.424.",risa-vigia-0.1.0
SIG-PAT-0095-629eee6717,PAT-0095,2026-07-15 12:00:00,0.5551,HIGH,0.4242,2026-07-15 00:00:00,2026-07-15 12:00:00,"Riesgo HIGH para PAT-0095: evidencia sostenida durante 4 ventana(s) (12h). Variable con mayor aporte: SBP (contribución=0.36, concordancia=0.14 con 1/7 variables disponibles). risk_score=0.555, confidence_score=0.424.",risa-vigia-0.1.0
SIG-PAT-0096-d241063129,PAT-0096,2026-07-11 21:00:00,0.7485,HIGH,0.4242,2026-07-11 00:00:00,2026-07-11 21:00:00,"Riesgo HIGH para PAT-0096: evidencia sostenida durante 7 ventana(s) (21h). Variable con mayor aporte: HR (contribución=0.58, concordancia=0.14 con 1/7 variables disponibles). risk_score=0.748, confidence_score=0.424.",risa-vigia-0.1.0
SIG-PAT-0096-470bd30383,PAT-0096,2026-07-12 15:00:00,0.8357,CRITICAL,0.8874,2026-07-12 00:00:00,2026-07-12 15:00:00,"Riesgo CRITICAL para PAT-0096: evidencia sostenida durante 5 ventana(s) (15h). Variable con mayor aporte: DBP (contribución=0.71, concordancia=0.10 con 1/10 variables disponibles). risk_score=0.836, confidence_score=0.887.",risa-vigia-0.1.0
SIG-PAT-0097-8fd48f4972,PAT-0097,2026-07-28 09:00:00,0.9971,CRITICAL,0.4242,2026-07-26 12:00:00,2026-07-28 09:00:00,"Riesgo CRITICAL para PAT-0097: evidencia sostenida durante 15 ventana(s) (45h). Variable con mayor aporte: SpO2 (contribución=0.83, concordancia=0.57 con 4/7 variables disponibles). risk_score=0.997, confidence_score=0.424.",risa-vigia-0.1.0
SIG-PAT-0098-9931bb6f12,PAT-0098,2026-07-12 18:00:00,0.7454,HIGH,0.4242,2026-07-09 18:00:00,2026-07-12 18:00:00,"Riesgo HIGH para PAT-0098: evidencia sostenida durante 24 ventana(s) (72h). Variable con mayor aporte: HR (contribución=0.62, concordancia=0.14 con 1/7 variables disponibles). risk_score=0.745, confidence_score=0.424.",risa-vigia-0.1.0
SIG-PAT-0098-ac6dd71e31,PAT-0098,2026-07-13 15:00:00,0.5203,MEDIUM,0.4242,2026-07-12 18:00:00,2026-07-13 15:00:00,"Riesgo MEDIUM para PAT-0098: evidencia sostenida durante 7 ventana(s) (21h). Variable con mayor aporte: DBP (contribución=0.30, concordancia=0.14 con 1/7 variables disponibles). risk_score=0.520, confidence_score=0.424.",risa-vigia-0.1.0
SIG-PAT-0099-8aa2dbee10,PAT-0099,2026-07-10 09:00:00,0.6256,HIGH,0.4242,2026-07-08 06:00:00,2026-07-10 09:00:00,"Riesgo HIGH para PAT-0099: evidencia sostenida durante 17 ventana(s) (51h). Variable con mayor aporte: TEMP (contribución=0.36, concordancia=0.29 con 2/7 variables disponibles). risk_score=0.626, confidence_score=0.424.",risa-vigia-0.1.0
SIG-PAT-0099-2788592b33,PAT-0099,2026-07-13 12:00:00,0.548,MEDIUM,0.4242,2026-07-12 18:00:00,2026-07-13 12:00:00,"Riesgo MEDIUM para PAT-0099: evidencia sostenida durante 6 ventana(s) (18h). Variable con mayor aporte: DBP (contribución=0.40, concordancia=0.14 con 1/7 variables disponibles). risk_score=0.548, confidence_score=0.424.",risa-vigia-0.1.0
SIG-PAT-0100-e57eda97ee,PAT-0100,2026-07-19 15:00:00,0.6948,HIGH,0.4242,2026-07-17 00:00:00,2026-07-19 15:00:00,"Riesgo HIGH para PAT-0100: evidencia sostenida durante 21 ventana(s) (63h). Variable con mayor aporte: DBP (contribución=0.44, concordancia=0.29 con 2/7 variables disponibles). risk_score=0.695, confidence_score=0.424.",risa-vigia-0.1.0
SIG-PAT-0101-8b6a998db0,PAT-0101,2026-07-02 12:00:00,0.41,MEDIUM,0.4242,2026-07-02 00:00:00,2026-07-02 12:00:00,"Riesgo MEDIUM para PAT-0101: evidencia sostenida durante 4 ventana(s) (12h). Variable con mayor aporte: HR (contribución=0.27, concordancia=0.14 con 1/7 variables disponibles). risk_score=0.410, confidence_score=0.424.",risa-vigia-0.1.0
SIG-PAT-0101-e88306b35b,PAT-0101,2026-07-03 12:00:00,0.6905,HIGH,0.4242,2026-07-03 00:00:00,2026-07-03 12:00:00,"Riesgo HIGH para PAT-0101: evidencia sostenida durante 4 ventana(s) (12h). Variable con mayor aporte: SBP (contribución=0.57, concordancia=0.14 con 1/7 variables disponibles). risk_score=0.691, confidence_score=0.424.",risa-vigia-0.1.0
SIG-PAT-0101-b4b7179915,PAT-0101,2026-07-04 12:00:00,0.5701,HIGH,0.4242,2026-07-03 21:00:00,2026-07-04 12:00:00,"Riesgo HIGH para PAT-0101: evidencia sostenida durante 5 ventana(s) (15h). Variable con mayor aporte: DBP (contribución=0.28, concordancia=0.14 con 1/7 variables disponibles). risk_score=0.570, confidence_score=0.424.",risa-vigia-0.1.0
SIG-PAT-0102-8eada234ec,PAT-0102,2026-07-18 18:00:00,0.7128,HIGH,0.7273,2026-07-17 21:00:00,2026-07-18 18:00:00,"Riesgo HIGH para PAT-0102: evidencia sostenida durante 7 ventana(s) (21h). Variable con mayor aporte: HR (contribución=0.38, concordancia=0.25 con 2/8 variables disponibles). risk_score=0.713, confidence_score=0.727.",risa-vigia-0.1.0
SIG-PAT-0102-950f166b51,PAT-0102,2026-07-19 18:00:00,0.4425,MEDIUM,0.4242,2026-07-19 00:00:00,2026-07-19 18:00:00,"Riesgo MEDIUM para PAT-0102: evidencia sostenida durante 6 ventana(s) (18h). Variable con mayor aporte: SBP (contribución=0.28, concordancia=0.14 con 1/7 variables disponibles). risk_score=0.442, confidence_score=0.424.",risa-vigia-0.1.0
SIG-PAT-0103-c1b5c1f827,PAT-0103,2026-07-16 15:00:00,0.5449,MEDIUM,0.4131,2026-07-16 00:00:00,2026-07-16 15:00:00,"Riesgo MEDIUM para PAT-0103: evidencia sostenida durante 5 ventana(s) (15h). Variable con mayor aporte: HR (contribución=0.36, concordancia=0.14 con 1/7 variables disponibles). risk_score=0.545, confidence_score=0.413.",risa-vigia-0.1.0
SIG-PAT-0103-1c4cb6de80,PAT-0103,2026-07-18 18:00:00,0.4269,MEDIUM,0.4242,2026-07-18 00:00:00,2026-07-18 18:00:00,"Riesgo MEDIUM para PAT-0103: evidencia sostenida durante 6 ventana(s) (18h). Variable con mayor aporte: DBP (contribución=0.35, concordancia=0.14 con 1/7 variables disponibles). risk_score=0.427, confidence_score=0.424.",risa-vigia-0.1.0
SIG-PAT-0103-2c78b55e3d,PAT-0103,2026-07-19 12:00:00,0.7039,HIGH,0.4242,2026-07-19 00:00:00,2026-07-19 12:00:00,"Riesgo HIGH para PAT-0103: evidencia sostenida durante 4 ventana(s) (12h). Variable con mayor aporte: SBP (contribución=0.44, concordancia=0.29 con 2/7 variables disponibles). risk_score=0.704, confidence_score=0.424.",risa-vigia-0.1.0
SIG-PAT-0103-410eb0ca96,PAT-0103,2026-07-20 15:00:00,0.4827,MEDIUM,0.4242,2026-07-20 00:00:00,2026-07-20 15:00:00,"Riesgo MEDIUM para PAT-0103: evidencia sostenida durante 5 ventana(s) (15h). Variable con mayor aporte: DBP (contribución=0.26, concordancia=0.14 con 1/7 variables disponibles). risk_score=0.483, confidence_score=0.424.",risa-vigia-0.1.0
SIG-PAT-0103-43b8d6b9b3,PAT-0103,2026-07-21 12:00:00,0.4287,MEDIUM,0.4242,2026-07-21 00:00:00,2026-07-21 12:00:00,"Riesgo MEDIUM para PAT-0103: evidencia sostenida durante 4 ventana(s) (12h). Variable con mayor aporte: HR (contribución=0.26, concordancia=0.14 con 1/7 variables disponibles). risk_score=0.429, confidence_score=0.424.",risa-vigia-0.1.0
SIG-PAT-0104-22e66b0cee,PAT-0104,2026-07-08 21:00:00,0.3677,MEDIUM,0.4242,2026-07-08 00:00:00,2026-07-08 21:00:00,"Riesgo MEDIUM para PAT-0104: evidencia sostenida durante 7 ventana(s) (21h). Variable con mayor aporte: HR (contribución=0.18, concordancia=0.00 con 0/7 variables disponibles). risk_score=0.368, confidence_score=0.424.",risa-vigia-0.1.0
SIG-PAT-0104-1b7ce4683d,PAT-0104,2026-07-09 12:00:00,0.4778,MEDIUM,0.4131,2026-07-09 00:00:00,2026-07-09 12:00:00,"Riesgo MEDIUM para PAT-0104: evidencia sostenida durante 4 ventana(s) (12h). Variable con mayor aporte: SBP (contribución=0.28, concordancia=0.14 con 1/7 variables disponibles). risk_score=0.478, confidence_score=0.413.",risa-vigia-0.1.0
SIG-PAT-0104-42b33d5fe2,PAT-0104,2026-07-10 12:00:00,0.8327,CRITICAL,0.4242,2026-07-09 21:00:00,2026-07-10 12:00:00,"Riesgo CRITICAL para PAT-0104: evidencia sostenida durante 5 ventana(s) (15h). Variable con mayor aporte: SBP (contribución=0.73, concordancia=0.14 con 1/7 variables disponibles). risk_score=0.833, confidence_score=0.424.",risa-vigia-0.1.0
SIG-PAT-0104-ea4c813f83,PAT-0104,2026-07-11 09:00:00,0.6054,HIGH,0.7273,2026-07-10 21:00:00,2026-07-11 09:00:00,"Riesgo HIGH para PAT-0104: evidencia sostenida durante 4 ventana(s) (12h). Variable con mayor aporte: SBP (contribución=0.53, concordancia=0.12 con 1/8 variables disponibles). risk_score=0.605, confidence_score=0.727.",risa-vigia-0.1.0
SIG-PAT-0105-8d3cbac957,PAT-0105,2026-07-17 12:00:00,0.7062,HIGH,0.4242,2026-07-16 21:00:00,2026-07-17 12:00:00,"Riesgo HIGH para PAT-0105: evidencia sostenida durante 5 ventana(s) (15h). Variable con mayor aporte: HR (contribución=0.54, concordancia=0.29 con 2/7 variables disponibles). risk_score=0.706, confidence_score=0.424.",risa-vigia-0.1.0
SIG-PAT-0105-ac9fbb2dc3,PAT-0105,2026-07-18 12:00:00,0.7992,HIGH,0.4242,2026-07-18 00:00:00,2026-07-18 12:00:00,"Riesgo HIGH para PAT-0105: evidencia sostenida durante 4 ventana(s) (12h). Variable con mayor aporte: DBP (contribución=0.50, concordancia=0.29 con 2/7 variables disponibles). risk_score=0.799, confidence_score=0.424.",risa-vigia-0.1.0
SIG-PAT-0106-55c565f2b3,PAT-0106,2026-07-21 18:00:00,0.5598,HIGH,0.4242,2026-07-21 00:00:00,2026-07-21 18:00:00,"Riesgo HIGH para PAT-0106: evidencia sostenida durante 6 ventana(s) (18h). Variable con mayor aporte: DBP (contribución=0.39, concordancia=0.14 con 1/7 variables disponibles). risk_score=0.560, confidence_score=0.424.",risa-vigia-0.1.0
SIG-PAT-0107-eb55e001fc,PAT-0107,2026-07-09 15:00:00,0.7392,HIGH,0.4242,2026-07-07 06:00:00,2026-07-09 15:00:00,"Riesgo HIGH para PAT-0107: evidencia sostenida durante 19 ventana(s) (57h). Variable con mayor aporte: DBP (contribución=0.59, concordancia=0.14 con 1/7 variables disponibles). risk_score=0.739, confidence_score=0.424.",risa-vigia-0.1.0
SIG-PAT-0107-4b9c6f4d0e,PAT-0107,2026-07-10 15:00:00,0.6742,HIGH,0.4242,2026-07-10 00:00:00,2026-07-10 15:00:00,"Riesgo HIGH para PAT-0107: evidencia sostenida durante 5 ventana(s) (15h). Variable con mayor aporte: DBP (contribución=0.55, concordancia=0.14 con 1/7 variables disponibles). risk_score=0.674, confidence_score=0.424.",risa-vigia-0.1.0
SIG-PAT-0107-105c98f99d,PAT-0107,2026-07-11 18:00:00,0.6477,HIGH,0.4242,2026-07-11 06:00:00,2026-07-11 18:00:00,"Riesgo HIGH para PAT-0107: evidencia sostenida durante 4 ventana(s) (12h). Variable con mayor aporte: DBP (contribución=0.41, concordancia=0.14 con 1/7 variables disponibles). risk_score=0.648, confidence_score=0.424.",risa-vigia-0.1.0
SIG-PAT-0107-371541aa2f,PAT-0107,2026-07-14 09:00:00,0.4686,MEDIUM,0.4242,2026-07-13 21:00:00,2026-07-14 09:00:00,"Riesgo MEDIUM para PAT-0107: evidencia sostenida durante 4 ventana(s) (12h). Variable con mayor aporte: DBP (contribución=0.31, concordancia=0.14 con 1/7 variables disponibles). risk_score=0.469, confidence_score=0.424.",risa-vigia-0.1.0
SIG-PAT-0108-6cb3c15872,PAT-0108,2026-07-18 15:00:00,0.5806,HIGH,0.4242,2026-07-18 00:00:00,2026-07-18 15:00:00,"Riesgo HIGH para PAT-0108: evidencia sostenida durante 5 ventana(s) (15h). Variable con mayor aporte: HR (contribución=0.43, concordancia=0.14 con 1/7 variables disponibles). risk_score=0.581, confidence_score=0.424.",risa-vigia-0.1.0
SIG-PAT-0108-1e06404745,PAT-0108,2026-07-19 21:00:00,0.5018,MEDIUM,0.4242,2026-07-19 00:00:00,2026-07-19 21:00:00,"Riesgo MEDIUM para PAT-0108: evidencia sostenida durante 7 ventana(s) (21h). Variable con mayor aporte: HR (contribución=0.33, concordancia=0.14 con 1/7 variables disponibles). risk_score=0.502, confidence_score=0.424.",risa-vigia-0.1.0
SIG-PAT-0108-4758bc10cd,PAT-0108,2026-07-20 15:00:00,0.4062,MEDIUM,0.7273,2026-07-20 00:00:00,2026-07-20 15:00:00,"Riesgo MEDIUM para PAT-0108: evidencia sostenida durante 5 ventana(s) (15h). Variable con mayor aporte: DBP (contribución=0.22, concordancia=0.00 con 0/8 variables disponibles). risk_score=0.406, confidence_score=0.727.",risa-vigia-0.1.0
SIG-PAT-0108-7d3647960b,PAT-0108,2026-07-22 09:00:00,0.4547,MEDIUM,0.4242,2026-07-22 00:00:00,2026-07-22 09:00:00,"Riesgo MEDIUM para PAT-0108: evidencia sostenida durante 3 ventana(s) (9h). Variable con mayor aporte: DBP (contribución=0.28, concordancia=0.14 con 1/7 variables disponibles). risk_score=0.455, confidence_score=0.424.",risa-vigia-0.1.0
SIG-PAT-0109-0a9b05ee74,PAT-0109,2026-07-04 12:00:00,0.6286,HIGH,0.4242,2026-07-02 21:00:00,2026-07-04 12:00:00,"Riesgo HIGH para PAT-0109: evidencia sostenida durante 13 ventana(s) (39h). Variable con mayor aporte: DBP (contribución=0.43, concordancia=0.14 con 1/7 variables disponibles). risk_score=0.629, confidence_score=0.424.",risa-vigia-0.1.0
SIG-PAT-0110-e992a2b20e,PAT-0110,2026-07-26 21:00:00,0.7139,HIGH,0.4242,2026-07-24 21:00:00,2026-07-26 21:00:00,"Riesgo HIGH para PAT-0110: evidencia sostenida durante 16 ventana(s) (48h). Variable con mayor aporte: HR (contribución=0.64, concordancia=0.14 con 1/7 variables disponibles). risk_score=0.714, confidence_score=0.424.",risa-vigia-0.1.0
SIG-PAT-0110-55f6bfc35d,PAT-0110,2026-07-28 12:00:00,0.7755,HIGH,0.4131,2026-07-28 00:00:00,2026-07-28 12:00:00,"Riesgo HIGH para PAT-0110: evidencia sostenida durante 4 ventana(s) (12h). Variable con mayor aporte: DBP (contribución=0.66, concordancia=0.14 con 1/7 variables disponibles). risk_score=0.776, confidence_score=0.413.",risa-vigia-0.1.0
SIG-PAT-0110-8fe9a9c1c0,PAT-0110,2026-07-29 12:00:00,0.5469,MEDIUM,0.4131,2026-07-28 21:00:00,2026-07-29 12:00:00,"Riesgo MEDIUM para PAT-0110: evidencia sostenida durante 5 ventana(s) (15h). Variable con mayor aporte: SBP (contribución=0.38, concordancia=0.14 con 1/7 variables disponibles). risk_score=0.547, confidence_score=0.413.",risa-vigia-0.1.0
SIG-PAT-0111-f3dad06561,PAT-0111,2026-07-12 12:00:00,0.6203,HIGH,0.4242,2026-07-11 21:00:00,2026-07-12 12:00:00,"Riesgo HIGH para PAT-0111: evidencia sostenida durante 5 ventana(s) (15h). Variable con mayor aporte: HR (contribución=0.47, concordancia=0.14 con 1/7 variables disponibles). risk_score=0.620, confidence_score=0.424.",risa-vigia-0.1.0
SIG-PAT-0111-2a774e66fe,PAT-0111,2026-07-13 03:00:00,0.656,HIGH,0.4242,2026-07-12 15:00:00,2026-07-13 03:00:00,"Riesgo HIGH para PAT-0111: evidencia sostenida durante 4 ventana(s) (12h). Variable con mayor aporte: HR (contribución=0.61, concordancia=0.14 con 1/7 variables disponibles). risk_score=0.656, confidence_score=0.424.",risa-vigia-0.1.0
SIG-PAT-0111-80e0374461,PAT-0111,2026-07-14 12:00:00,0.7642,HIGH,0.4128,2026-07-13 09:00:00,2026-07-14 12:00:00,"Riesgo HIGH para PAT-0111: evidencia sostenida durante 9 ventana(s) (27h). Variable con mayor aporte: SBP (contribución=0.71, concordancia=0.14 con 1/7 variables disponibles). risk_score=0.764, confidence_score=0.413.",risa-vigia-0.1.0
SIG-PAT-0111-7935611ebd,PAT-0111,2026-07-15 12:00:00,0.8055,CRITICAL,0.4242,2026-07-15 00:00:00,2026-07-15 12:00:00,"Riesgo CRITICAL para PAT-0111: evidencia sostenida durante 4 ventana(s) (12h). Variable con mayor aporte: DBP (contribución=0.48, concordancia=0.29 con 2/7 variables disponibles). risk_score=0.805, confidence_score=0.424.",risa-vigia-0.1.0
SIG-PAT-0112-2a4063fb70,PAT-0112,2026-07-26 12:00:00,0.6907,HIGH,0.8182,2026-07-26 00:00:00,2026-07-26 12:00:00,"Riesgo HIGH para PAT-0112: evidencia sostenida durante 4 ventana(s) (12h). Variable con mayor aporte: LAB_B (contribución=0.41, concordancia=0.11 con 1/9 variables disponibles). risk_score=0.691, confidence_score=0.818.",risa-vigia-0.1.0
SIG-PAT-0113-71e02b4a79,PAT-0113,2026-07-23 12:00:00,0.6743,HIGH,0.4242,2026-07-22 21:00:00,2026-07-23 12:00:00,"Riesgo HIGH para PAT-0113: evidencia sostenida durante 5 ventana(s) (15h). Variable con mayor aporte: HR (contribución=0.57, concordancia=0.14 con 1/7 variables disponibles). risk_score=0.674, confidence_score=0.424.",risa-vigia-0.1.0
SIG-PAT-0113-5bc0c115b3,PAT-0113,2026-07-24 12:00:00,0.5658,HIGH,0.4242,2026-07-24 00:00:00,2026-07-24 12:00:00,"Riesgo HIGH para PAT-0113: evidencia sostenida durante 4 ventana(s) (12h). Variable con mayor aporte: HR (contribución=0.27, concordancia=0.14 con 1/7 variables disponibles). risk_score=0.566, confidence_score=0.424.",risa-vigia-0.1.0
SIG-PAT-0113-e79de85e92,PAT-0113,2026-07-26 09:00:00,0.6813,HIGH,0.4242,2026-07-26 00:00:00,2026-07-26 09:00:00,"Riesgo HIGH para PAT-0113: evidencia sostenida durante 3 ventana(s) (9h). Variable con mayor aporte: SBP (contribución=0.61, concordancia=0.14 con 1/7 variables disponibles). risk_score=0.681, confidence_score=0.424.",risa-vigia-0.1.0
SIG-PAT-0114-9bba0e3fad,PAT-0114,2026-07-25 09:00:00,0.4924,MEDIUM,0.4242,2026-07-24 12:00:00,2026-07-25 09:00:00,"Riesgo MEDIUM para PAT-0114: evidencia sostenida durante 7 ventana(s) (21h). Variable con mayor aporte: TEMP (contribución=0.30, concordancia=0.14 con 1/7 variables disponibles). risk_score=0.492, confidence_score=0.424.",risa-vigia-0.1.0
SIG-PAT-0114-a937038608,PAT-0114,2026-07-27 15:00:00,0.9157,CRITICAL,0.4242,2026-07-26 15:00:00,2026-07-27 15:00:00,"Riesgo CRITICAL para PAT-0114: evidencia sostenida durante 8 ventana(s) (24h). Variable con mayor aporte: TEMP (contribución=0.72, concordancia=0.29 con 2/7 variables disponibles). risk_score=0.916, confidence_score=0.424.",risa-vigia-0.1.0
SIG-PAT-0115-5c69952436,PAT-0115,2026-07-16 15:00:00,0.6375,HIGH,0.4242,2026-07-14 18:00:00,2026-07-16 15:00:00,"Riesgo HIGH para PAT-0115: evidencia sostenida durante 15 ventana(s) (45h). Variable con mayor aporte: SBP (contribución=0.46, concordancia=0.14 con 1/7 variables disponibles). risk_score=0.638, confidence_score=0.424.",risa-vigia-0.1.0
SIG-PAT-0115-f5c6d81d3f,PAT-0115,2026-07-17 12:00:00,0.589,HIGH,0.7273,2026-07-17 00:00:00,2026-07-17 12:00:00,"Riesgo HIGH para PAT-0115: evidencia sostenida durante 4 ventana(s) (12h). Variable con mayor aporte: DBP (contribución=0.47, concordancia=0.12 con 1/8 variables disponibles). risk_score=0.589, confidence_score=0.727.",risa-vigia-0.1.0
SIG-PAT-0116-a23908913a,PAT-0116,2026-07-14 15:00:00,0.4692,MEDIUM,0.4134,2026-07-13 21:00:00,2026-07-14 15:00:00,"Riesgo MEDIUM para PAT-0116: evidencia sostenida durante 6 ventana(s) (18h). Variable con mayor aporte: TEMP (contribución=0.28, concordancia=0.14 con 1/7 variables disponibles). risk_score=0.469, confidence_score=0.413.",risa-vigia-0.1.0
SIG-PAT-0116-a6f694cfe1,PAT-0116,2026-07-16 09:00:00,0.581,HIGH,0.7273,2026-07-15 21:00:00,2026-07-16 09:00:00,"Riesgo HIGH para PAT-0116: evidencia sostenida durante 4 ventana(s) (12h). Variable con mayor aporte: HR (contribución=0.47, concordancia=0.12 con 1/8 variables disponibles). risk_score=0.581, confidence_score=0.727.",risa-vigia-0.1.0
SIG-PAT-0117-5c8d012980,PAT-0117,2026-07-17 06:00:00,0.5965,HIGH,0.4242,2026-07-15 06:00:00,2026-07-17 06:00:00,"Riesgo HIGH para PAT-0117: evidencia sostenida durante 16 ventana(s) (48h). Variable con mayor aporte: DBP (contribución=0.37, concordancia=0.14 con 1/7 variables disponibles). risk_score=0.597, confidence_score=0.424.",risa-vigia-0.1.0
SIG-PAT-0117-56f6ccff8d,PAT-0117,2026-07-22 18:00:00,0.4887,MEDIUM,0.4242,2026-07-22 00:00:00,2026-07-22 18:00:00,"Riesgo MEDIUM para PAT-0117: evidencia sostenida durante 6 ventana(s) (18h). Variable con mayor aporte: SBP (contribución=0.31, concordancia=0.14 con 1/7 variables disponibles). risk_score=0.489, confidence_score=0.424.",risa-vigia-0.1.0
SIG-PAT-0118-387310414b,PAT-0118,2026-07-08 21:00:00,0.9939,CRITICAL,0.8182,2026-07-08 00:00:00,2026-07-08 21:00:00,"Riesgo CRITICAL para PAT-0118: evidencia sostenida durante 7 ventana(s) (21h). Variable con mayor aporte: TEMP (contribución=0.81, concordancia=0.44 con 4/9 variables disponibles). risk_score=0.994, confidence_score=0.818.",risa-vigia-0.1.0
SIG-PAT-0118-1200fbc803,PAT-0118,2026-07-09 12:00:00,0.8031,CRITICAL,0.4242,2026-07-09 00:00:00,2026-07-09 12:00:00,"Riesgo CRITICAL para PAT-0118: evidencia sostenida durante 4 ventana(s) (12h). Variable con mayor aporte: DBP (contribución=0.57, concordancia=0.29 con 2/7 variables disponibles). risk_score=0.803, confidence_score=0.424.",risa-vigia-0.1.0
SIG-PAT-0118-11e013bcf2,PAT-0118,2026-07-12 09:00:00,0.5195,MEDIUM,0.3916,2026-07-11 00:00:00,2026-07-12 09:00:00,"Riesgo MEDIUM para PAT-0118: evidencia sostenida durante 11 ventana(s) (33h). Variable con mayor aporte: DBP (contribución=0.31, concordancia=0.14 con 1/7 variables disponibles). risk_score=0.519, confidence_score=0.392.",risa-vigia-0.1.0
SIG-PAT-0118-cec3d0b1a7,PAT-0118,2026-07-13 18:00:00,0.7187,HIGH,0.4242,2026-07-13 00:00:00,2026-07-13 18:00:00,"Riesgo HIGH para PAT-0118: evidencia sostenida durante 6 ventana(s) (18h). Variable con mayor aporte: SBP (contribución=0.60, concordancia=0.14 con 1/7 variables disponibles). risk_score=0.719, confidence_score=0.424.",risa-vigia-0.1.0
SIG-PAT-0118-f487668367,PAT-0118,2026-07-14 12:00:00,0.5873,HIGH,0.4242,2026-07-14 00:00:00,2026-07-14 12:00:00,"Riesgo HIGH para PAT-0118: evidencia sostenida durante 4 ventana(s) (12h). Variable con mayor aporte: SBP (contribución=0.37, concordancia=0.14 con 1/7 variables disponibles). risk_score=0.587, confidence_score=0.424.",risa-vigia-0.1.0
SIG-PAT-0118-d55903a2e3,PAT-0118,2026-07-15 12:00:00,0.6042,HIGH,0.4242,2026-07-15 00:00:00,2026-07-15 12:00:00,"Riesgo HIGH para PAT-0118: evidencia sostenida durante 4 ventana(s) (12h). Variable con mayor aporte: SBP (contribución=0.45, concordancia=0.14 con 1/7 variables disponibles). risk_score=0.604, confidence_score=0.424.",risa-vigia-0.1.0
SIG-PAT-0118-50c6c1e31b,PAT-0118,2026-07-17 15:00:00,0.4035,MEDIUM,0.4242,2026-07-16 18:00:00,2026-07-17 15:00:00,"Riesgo MEDIUM para PAT-0118: evidencia sostenida durante 7 ventana(s) (21h). Variable con mayor aporte: SBP (contribución=0.28, concordancia=0.14 con 1/7 variables disponibles). risk_score=0.403, confidence_score=0.424.",risa-vigia-0.1.0
SIG-PAT-0118-c6c03bd8f9,PAT-0118,2026-07-18 12:00:00,0.5017,MEDIUM,0.4242,2026-07-18 00:00:00,2026-07-18 12:00:00,"Riesgo MEDIUM para PAT-0118: evidencia sostenida durante 4 ventana(s) (12h). Variable con mayor aporte: DBP (contribución=0.29, concordancia=0.14 con 1/7 variables disponibles). risk_score=0.502, confidence_score=0.424.",risa-vigia-0.1.0
SIG-PAT-0118-c261acf392,PAT-0118,2026-07-21 06:00:00,0.6238,HIGH,0.4131,2026-07-19 21:00:00,2026-07-21 06:00:00,"Riesgo HIGH para PAT-0118: evidencia sostenida durante 11 ventana(s) (33h). Variable con mayor aporte: SBP (contribución=0.45, concordancia=0.14 con 1/7 variables disponibles). risk_score=0.624, confidence_score=0.413.",risa-vigia-0.1.0
SIG-PAT-0119-ad6ce1c3f8,PAT-0119,2026-07-18 00:00:00,0.5672,HIGH,0.4136,2026-07-17 12:00:00,2026-07-18 00:00:00,"Riesgo HIGH para PAT-0119: evidencia sostenida durante 4 ventana(s) (12h). Variable con mayor aporte: DBP (contribución=0.51, concordancia=0.14 con 1/7 variables disponibles). risk_score=0.567, confidence_score=0.414.",risa-vigia-0.1.0
SIG-PAT-0119-ae900247ef,PAT-0119,2026-07-24 12:00:00,0.5716,HIGH,0.4242,2026-07-24 00:00:00,2026-07-24 12:00:00,"Riesgo HIGH para PAT-0119: evidencia sostenida durante 4 ventana(s) (12h). Variable con mayor aporte: SBP (contribución=0.41, concordancia=0.14 con 1/7 variables disponibles). risk_score=0.572, confidence_score=0.424.",risa-vigia-0.1.0
SIG-PAT-0120-60cddadc59,PAT-0120,2026-07-11 18:00:00,0.7019,HIGH,0.4242,2026-07-11 00:00:00,2026-07-11 18:00:00,"Riesgo HIGH para PAT-0120: evidencia sostenida durante 6 ventana(s) (18h). Variable con mayor aporte: SBP (contribución=0.48, concordancia=0.29 con 2/7 variables disponibles). risk_score=0.702, confidence_score=0.424.",risa-vigia-0.1.0
SIG-PAT-0120-5e5f33aa51,PAT-0120,2026-07-13 12:00:00,0.6027,HIGH,0.4242,2026-07-12 00:00:00,2026-07-13 12:00:00,"Riesgo HIGH para PAT-0120: evidencia sostenida durante 12 ventana(s) (36h). Variable con mayor aporte: SBP (contribución=0.43, concordancia=0.14 con 1/7 variables disponibles). risk_score=0.603, confidence_score=0.424.",risa-vigia-0.1.0
SIG-PAT-0121-7bdef474aa,PAT-0121,2026-07-16 12:00:00,0.4719,MEDIUM,0.8182,2026-07-15 15:00:00,2026-07-16 12:00:00,"Riesgo MEDIUM para PAT-0121: evidencia sostenida durante 7 ventana(s) (21h). Variable con mayor aporte: DBP (contribución=0.20, concordancia=0.00 con 0/9 variables disponibles). risk_score=0.472, confidence_score=0.818.",risa-vigia-0.1.0
SIG-PAT-0121-7d9e7002a5,PAT-0121,2026-07-17 18:00:00,0.3583,MEDIUM,0.4136,2026-07-17 06:00:00,2026-07-17 18:00:00,"Riesgo MEDIUM para PAT-0121: evidencia sostenida durante 4 ventana(s) (12h). Variable con mayor aporte: DBP (contribución=0.16, concordancia=0.00 con 0/7 variables disponibles). risk_score=0.358, confidence_score=0.414.",risa-vigia-0.1.0
SIG-PAT-0122-02dad4214e,PAT-0122,2026-07-27 18:00:00,0.3845,MEDIUM,0.4242,2026-07-27 06:00:00,2026-07-27 18:00:00,"Riesgo MEDIUM para PAT-0122: evidencia sostenida durante 4 ventana(s) (12h). Variable con mayor aporte: HR (contribución=0.14, concordancia=0.00 con 0/7 variables disponibles). risk_score=0.384, confidence_score=0.424.",risa-vigia-0.1.0
SIG-PAT-0122-e9f793d282,PAT-0122,2026-07-28 12:00:00,0.6417,HIGH,0.4242,2026-07-27 21:00:00,2026-07-28 12:00:00,"Riesgo HIGH para PAT-0122: evidencia sostenida durante 5 ventana(s) (15h). Variable con mayor aporte: SBP (contribución=0.40, concordancia=0.14 con 1/7 variables disponibles). risk_score=0.642, confidence_score=0.424.",risa-vigia-0.1.0
SIG-PAT-0123-fca8ad1bcb,PAT-0123,2026-07-13 15:00:00,0.586,HIGH,0.4242,2026-07-12 15:00:00,2026-07-13 15:00:00,"Riesgo HIGH para PAT-0123: evidencia sostenida durante 8 ventana(s) (24h). Variable con mayor aporte: DBP (contribución=0.46, concordancia=0.14 con 1/7 variables disponibles). risk_score=0.586, confidence_score=0.424.",risa-vigia-0.1.0
SIG-PAT-0124-0a737a5f22,PAT-0124,2026-07-21 12:00:00,0.7013,HIGH,0.4131,2026-07-20 21:00:00,2026-07-21 12:00:00,"Riesgo HIGH para PAT-0124: evidencia sostenida durante 5 ventana(s) (15h). Variable con mayor aporte: HR (contribución=0.47, concordancia=0.14 con 1/7 variables disponibles). risk_score=0.701, confidence_score=0.413.",risa-vigia-0.1.0
SIG-PAT-0124-84cb3b1b9e,PAT-0124,2026-07-22 21:00:00,0.5453,MEDIUM,0.4242,2026-07-22 00:00:00,2026-07-22 21:00:00,"Riesgo MEDIUM para PAT-0124: evidencia sostenida durante 7 ventana(s) (21h). Variable con mayor aporte: HR (contribución=0.38, concordancia=0.14 con 1/7 variables disponibles). risk_score=0.545, confidence_score=0.424.",risa-vigia-0.1.0
SIG-PAT-0124-4a3e1f5d07,PAT-0124,2026-07-23 15:00:00,0.5643,HIGH,0.4242,2026-07-22 21:00:00,2026-07-23 15:00:00,"Riesgo HIGH para PAT-0124: evidencia sostenida durante 6 ventana(s) (18h). Variable con mayor aporte: HR (contribución=0.27, concordancia=0.14 con 1/7 variables disponibles). risk_score=0.564, confidence_score=0.424.",risa-vigia-0.1.0
SIG-PAT-0124-d9b730d77f,PAT-0124,2026-07-24 12:00:00,0.5622,HIGH,0.4242,2026-07-24 00:00:00,2026-07-24 12:00:00,"Riesgo HIGH para PAT-0124: evidencia sostenida durante 4 ventana(s) (12h). Variable con mayor aporte: DBP (contribución=0.29, concordancia=0.14 con 1/7 variables disponibles). risk_score=0.562, confidence_score=0.424.",risa-vigia-0.1.0
SIG-PAT-0125-51c2d02931,PAT-0125,2026-07-15 12:00:00,0.5438,MEDIUM,0.4242,2026-07-14 21:00:00,2026-07-15 12:00:00,"Riesgo MEDIUM para PAT-0125: evidencia sostenida durante 5 ventana(s) (15h). Variable con mayor aporte: HR (contribución=0.41, concordancia=0.14 con 1/7 variables disponibles). risk_score=0.544, confidence_score=0.424.",risa-vigia-0.1.0
SIG-PAT-0125-ca6ef4572a,PAT-0125,2026-07-16 12:00:00,0.4827,MEDIUM,0.4242,2026-07-16 00:00:00,2026-07-16 12:00:00,"Riesgo MEDIUM para PAT-0125: evidencia sostenida durante 4 ventana(s) (12h). Variable con mayor aporte: RR (contribución=0.23, concordancia=0.00 con 0/7 variables disponibles). risk_score=0.483, confidence_score=0.424.",risa-vigia-0.1.0
SIG-PAT-0125-a2be2f58e1,PAT-0125,2026-07-17 12:00:00,0.4634,MEDIUM,0.4242,2026-07-17 00:00:00,2026-07-17 12:00:00,"Riesgo MEDIUM para PAT-0125: evidencia sostenida durante 4 ventana(s) (12h). Variable con mayor aporte: DBP (contribución=0.28, concordancia=0.14 con 1/7 variables disponibles). risk_score=0.463, confidence_score=0.424.",risa-vigia-0.1.0
SIG-PAT-0126-fe0a05e79d,PAT-0126,2026-07-17 15:00:00,0.4786,MEDIUM,0.4242,2026-07-16 12:00:00,2026-07-17 15:00:00,"Riesgo MEDIUM para PAT-0126: evidencia sostenida durante 9 ventana(s) (27h). Variable con mayor aporte: SBP (contribución=0.34, concordancia=0.14 con 1/7 variables disponibles). risk_score=0.479, confidence_score=0.424.",risa-vigia-0.1.0
SIG-PAT-0128-6b5dcb8c1b,PAT-0128,2026-07-09 21:00:00,0.6915,HIGH,0.4242,2026-07-09 06:00:00,2026-07-09 21:00:00,"Riesgo HIGH para PAT-0128: evidencia sostenida durante 5 ventana(s) (15h). Variable con mayor aporte: TEMP (contribución=0.45, concordancia=0.29 con 2/7 variables disponibles). risk_score=0.691, confidence_score=0.424.",risa-vigia-0.1.0
SIG-PAT-0128-64d5b36355,PAT-0128,2026-07-11 00:00:00,0.7437,HIGH,0.7273,2026-07-10 00:00:00,2026-07-11 00:00:00,"Riesgo HIGH para PAT-0128: evidencia sostenida durante 8 ventana(s) (24h). Variable con mayor aporte: LAB_B (contribución=0.70, concordancia=0.12 con 1/8 variables disponibles). risk_score=0.744, confidence_score=0.727.",risa-vigia-0.1.0
SIG-PAT-0129-30343d49d0,PAT-0129,2026-07-14 12:00:00,0.5155,MEDIUM,0.4242,2026-07-14 00:00:00,2026-07-14 12:00:00,"Riesgo MEDIUM para PAT-0129: evidencia sostenida durante 4 ventana(s) (12h). Variable con mayor aporte: HR (contribución=0.37, concordancia=0.14 con 1/7 variables disponibles). risk_score=0.516, confidence_score=0.424.",risa-vigia-0.1.0
SIG-PAT-0130-715b8225ee,PAT-0130,2026-07-24 18:00:00,0.4672,MEDIUM,0.4242,2026-07-22 18:00:00,2026-07-24 18:00:00,"Riesgo MEDIUM para PAT-0130: evidencia sostenida durante 16 ventana(s) (48h). Variable con mayor aporte: DBP (contribución=0.38, concordancia=0.14 con 1/7 variables disponibles). risk_score=0.467, confidence_score=0.424.",risa-vigia-0.1.0
SIG-PAT-0131-492b34b8d8,PAT-0131,2026-07-23 15:00:00,0.7557,HIGH,0.4242,2026-07-22 18:00:00,2026-07-23 15:00:00,"Riesgo HIGH para PAT-0131: evidencia sostenida durante 7 ventana(s) (21h). Variable con mayor aporte: DBP (contribución=0.44, concordancia=0.29 con 2/7 variables disponibles). risk_score=0.756, confidence_score=0.424.",risa-vigia-0.1.0
SIG-PAT-0132-a6eee21675,PAT-0132,2026-07-11 12:00:00,0.6317,HIGH,0.4242,2026-07-10 21:00:00,2026-07-11 12:00:00,"Riesgo HIGH para PAT-0132: evidencia sostenida durante 5 ventana(s) (15h). Variable con mayor aporte: HR (contribución=0.54, concordancia=0.14 con 1/7 variables disponibles). risk_score=0.632, confidence_score=0.424.",risa-vigia-0.1.0
SIG-PAT-0132-16c6e0bc7b,PAT-0132,2026-07-12 21:00:00,0.6634,HIGH,0.4242,2026-07-12 00:00:00,2026-07-12 21:00:00,"Riesgo HIGH para PAT-0132: evidencia sostenida durante 7 ventana(s) (21h). Variable con mayor aporte: HR (contribución=0.33, concordancia=0.29 con 2/7 variables disponibles). risk_score=0.663, confidence_score=0.424.",risa-vigia-0.1.0
SIG-PAT-0132-f95f773363,PAT-0132,2026-07-13 21:00:00,0.4565,MEDIUM,0.4242,2026-07-13 00:00:00,2026-07-13 21:00:00,"Riesgo MEDIUM para PAT-0132: evidencia sostenida durante 7 ventana(s) (21h). Variable con mayor aporte: HR (contribución=0.21, concordancia=0.00 con 0/7 variables disponibles). risk_score=0.457, confidence_score=0.424.",risa-vigia-0.1.0
SIG-PAT-0132-10d6001ade,PAT-0132,2026-07-14 15:00:00,0.5812,HIGH,0.9091,2026-07-14 00:00:00,2026-07-14 15:00:00,"Riesgo HIGH para PAT-0132: evidencia sostenida durante 5 ventana(s) (15h). Variable con mayor aporte: HR (contribución=0.32, concordancia=0.10 con 1/10 variables disponibles). risk_score=0.581, confidence_score=0.909.",risa-vigia-0.1.0
SIG-PAT-0132-7350e92743,PAT-0132,2026-07-15 12:00:00,0.8068,CRITICAL,0.4242,2026-07-15 00:00:00,2026-07-15 12:00:00,"Riesgo CRITICAL para PAT-0132: evidencia sostenida durante 4 ventana(s) (12h). Variable con mayor aporte: DBP (contribución=0.53, concordancia=0.29 con 2/7 variables disponibles). risk_score=0.807, confidence_score=0.424.",risa-vigia-0.1.0
SIG-PAT-0132-9ac8e284e8,PAT-0132,2026-07-16 12:00:00,0.5783,HIGH,0.4242,2026-07-16 00:00:00,2026-07-16 12:00:00,"Riesgo HIGH para PAT-0132: evidencia sostenida durante 4 ventana(s) (12h). Variable con mayor aporte: SBP (contribución=0.26, concordancia=0.14 con 1/7 variables disponibles). risk_score=0.578, confidence_score=0.424.",risa-vigia-0.1.0
SIG-PAT-0132-77c5bc68b0,PAT-0132,2026-07-17 12:00:00,0.4914,MEDIUM,0.4242,2026-07-16 21:00:00,2026-07-17 12:00:00,"Riesgo MEDIUM para PAT-0132: evidencia sostenida durante 5 ventana(s) (15h). Variable con mayor aporte: SBP (contribución=0.34, concordancia=0.14 con 1/7 variables disponibles). risk_score=0.491, confidence_score=0.424.",risa-vigia-0.1.0
SIG-PAT-0132-39e9763dc7,PAT-0132,2026-07-21 21:00:00,0.7471,HIGH,0.4242,2026-07-21 00:00:00,2026-07-21 21:00:00,"Riesgo HIGH para PAT-0132: evidencia sostenida durante 7 ventana(s) (21h). Variable con mayor aporte: SBP (contribución=0.63, concordancia=0.14 con 1/7 variables disponibles). risk_score=0.747, confidence_score=0.424.",risa-vigia-0.1.0
SIG-PAT-0132-88b230531b,PAT-0132,2026-07-22 12:00:00,0.5375,MEDIUM,0.4242,2026-07-22 00:00:00,2026-07-22 12:00:00,"Riesgo MEDIUM para PAT-0132: evidencia sostenida durante 4 ventana(s) (12h). Variable con mayor aporte: SBP (contribución=0.35, concordancia=0.14 con 1/7 variables disponibles). risk_score=0.538, confidence_score=0.424.",risa-vigia-0.1.0
SIG-PAT-0132-510167ee2d,PAT-0132,2026-07-23 12:00:00,0.7325,HIGH,0.4242,2026-07-23 00:00:00,2026-07-23 12:00:00,"Riesgo HIGH para PAT-0132: evidencia sostenida durante 4 ventana(s) (12h). Variable con mayor aporte: SBP (contribución=0.57, concordancia=0.14 con 1/7 variables disponibles). risk_score=0.733, confidence_score=0.424.",risa-vigia-0.1.0
SIG-PAT-0132-d36bdf7bed,PAT-0132,2026-07-25 06:00:00,0.8396,CRITICAL,0.7273,2026-07-24 18:00:00,2026-07-25 06:00:00,"Riesgo CRITICAL para PAT-0132: evidencia sostenida durante 4 ventana(s) (12h). Variable con mayor aporte: LAB_A (contribución=0.68, concordancia=0.12 con 1/8 variables disponibles). risk_score=0.840, confidence_score=0.727.",risa-vigia-0.1.0
SIG-PAT-0133-4ca24fcf74,PAT-0133,2026-07-02 12:00:00,0.5969,HIGH,0.4242,2026-07-01 21:00:00,2026-07-02 12:00:00,"Riesgo HIGH para PAT-0133: evidencia sostenida durante 5 ventana(s) (15h). Variable con mayor aporte: HR (contribución=0.48, concordancia=0.14 con 1/7 variables disponibles). risk_score=0.597, confidence_score=0.424.",risa-vigia-0.1.0
SIG-PAT-0133-bca9a49169,PAT-0133,2026-07-03 21:00:00,0.4343,MEDIUM,0.4242,2026-07-03 09:00:00,2026-07-03 21:00:00,"Riesgo MEDIUM para PAT-0133: evidencia sostenida durante 4 ventana(s) (12h). Variable con mayor aporte: RR (contribución=0.25, concordancia=0.00 con 0/7 variables disponibles). risk_score=0.434, confidence_score=0.424.",risa-vigia-0.1.0
SIG-PAT-0133-2474100627,PAT-0133,2026-07-04 12:00:00,0.6474,HIGH,0.9091,2026-07-03 21:00:00,2026-07-04 12:00:00,"Riesgo HIGH para PAT-0133: evidencia sostenida durante 5 ventana(s) (15h). Variable con mayor aporte: LAB_B (contribución=0.29, concordancia=0.20 con 2/10 variables disponibles). risk_score=0.647, confidence_score=0.909.",risa-vigia-0.1.0
SIG-PAT-0133-69e9623548,PAT-0133,2026-07-05 12:00:00,0.6867,HIGH,0.4242,2026-07-05 00:00:00,2026-07-05 12:00:00,"Riesgo HIGH para PAT-0133: evidencia sostenida durante 4 ventana(s) (12h). Variable con mayor aporte: DBP (contribución=0.34, concordancia=0.29 con 2/7 variables disponibles). risk_score=0.687, confidence_score=0.424.",risa-vigia-0.1.0
SIG-PAT-0135-c257aa91a5,PAT-0135,2026-07-23 21:00:00,0.7879,HIGH,0.4242,2026-07-21 06:00:00,2026-07-23 21:00:00,"Riesgo HIGH para PAT-0135: evidencia sostenida durante 21 ventana(s) (63h). Variable con mayor aporte: DBP (contribución=0.45, concordancia=0.29 con 2/7 variables disponibles). risk_score=0.788, confidence_score=0.424.",risa-vigia-0.1.0
SIG-PAT-0135-cc7783dfe2,PAT-0135,2026-07-25 12:00:00,0.5239,MEDIUM,0.3538,2026-07-24 09:00:00,2026-07-25 12:00:00,"Riesgo MEDIUM para PAT-0135: evidencia sostenida durante 9 ventana(s) (27h). Variable con mayor aporte: DBP (contribución=0.39, concordancia=0.17 con 1/6 variables disponibles). risk_score=0.524, confidence_score=0.354.",risa-vigia-0.1.0
SIG-PAT-0135-d2ab6e95f1,PAT-0135,2026-07-28 09:00:00,0.5281,MEDIUM,0.7273,2026-07-27 03:00:00,2026-07-28 09:00:00,"Riesgo MEDIUM para PAT-0135: evidencia sostenida durante 10 ventana(s) (30h). Variable con mayor aporte: SBP (contribución=0.35, concordancia=0.12 con 1/8 variables disponibles). risk_score=0.528, confidence_score=0.727.",risa-vigia-0.1.0
SIG-PAT-0137-0f23122ac7,PAT-0137,2026-07-13 12:00:00,0.5192,MEDIUM,0.4242,2026-07-12 06:00:00,2026-07-13 12:00:00,"Riesgo MEDIUM para PAT-0137: evidencia sostenida durante 10 ventana(s) (30h). Variable con mayor aporte: HR (contribución=0.38, concordancia=0.14 con 1/7 variables disponibles). risk_score=0.519, confidence_score=0.424.",risa-vigia-0.1.0
SIG-PAT-0137-95b79bb1cb,PAT-0137,2026-07-14 18:00:00,0.6778,HIGH,0.7081,2026-07-14 00:00:00,2026-07-14 18:00:00,"Riesgo HIGH para PAT-0137: evidencia sostenida durante 6 ventana(s) (18h). Variable con mayor aporte: HR (contribución=0.35, concordancia=0.25 con 2/8 variables disponibles). risk_score=0.678, confidence_score=0.708.",risa-vigia-0.1.0
SIG-PAT-0137-f38736c241,PAT-0137,2026-07-15 18:00:00,0.7199,HIGH,0.4242,2026-07-14 21:00:00,2026-07-15 18:00:00,"Riesgo HIGH para PAT-0137: evidencia sostenida durante 7 ventana(s) (21h). Variable con mayor aporte: DBP (contribución=0.44, concordancia=0.29 con 2/7 variables disponibles). risk_score=0.720, confidence_score=0.424.",risa-vigia-0.1.0
SIG-PAT-0137-00a4066472,PAT-0137,2026-07-16 12:00:00,0.4468,MEDIUM,0.4242,2026-07-15 21:00:00,2026-07-16 12:00:00,"Riesgo MEDIUM para PAT-0137: evidencia sostenida durante 5 ventana(s) (15h). Variable con mayor aporte: HR (contribución=0.27, concordancia=0.14 con 1/7 variables disponibles). risk_score=0.447, confidence_score=0.424.",risa-vigia-0.1.0
SIG-PAT-0137-6c6d7ba080,PAT-0137,2026-07-18 12:00:00,0.6036,HIGH,0.4242,2026-07-16 21:00:00,2026-07-18 12:00:00,"Riesgo HIGH para PAT-0137: evidencia sostenida durante 13 ventana(s) (39h). Variable con mayor aporte: SBP (contribución=0.28, concordancia=0.14 con 1/7 variables disponibles). risk_score=0.604, confidence_score=0.424.",risa-vigia-0.1.0
SIG-PAT-0137-d8633dfb46,PAT-0137,2026-07-19 09:00:00,0.5454,MEDIUM,0.4242,2026-07-19 03:00:00,2026-07-19 09:00:00,"Riesgo MEDIUM para PAT-0137: evidencia sostenida durante 2 ventana(s) (6h). Variable con mayor aporte: RR (contribución=0.38, concordancia=0.14 con 1/7 variables disponibles). risk_score=0.545, confidence_score=0.424.",risa-vigia-0.1.0
SIG-PAT-0138-d349a48f4e,PAT-0138,2026-07-11 15:00:00,0.3932,MEDIUM,0.4242,2026-07-10 18:00:00,2026-07-11 15:00:00,"Riesgo MEDIUM para PAT-0138: evidencia sostenida durante 7 ventana(s) (21h). Variable con mayor aporte: SBP (contribución=0.28, concordancia=0.14 con 1/7 variables disponibles). risk_score=0.393, confidence_score=0.424.",risa-vigia-0.1.0
SIG-PAT-0138-b51ba5f7fc,PAT-0138,2026-07-13 00:00:00,0.6083,HIGH,0.4242,2026-07-12 00:00:00,2026-07-13 00:00:00,"Riesgo HIGH para PAT-0138: evidencia sostenida durante 8 ventana(s) (24h). Variable con mayor aporte: DBP (contribución=0.43, concordancia=0.14 con 1/7 variables disponibles). risk_score=0.608, confidence_score=0.424.",risa-vigia-0.1.0
SIG-PAT-0139-6d7f386892,PAT-0139,2026-07-19 00:00:00,0.3869,MEDIUM,0.4242,2026-07-18 09:00:00,2026-07-19 00:00:00,"Riesgo MEDIUM para PAT-0139: evidencia sostenida durante 5 ventana(s) (15h). Variable con mayor aporte: HR (contribución=0.24, concordancia=0.00 con 0/7 variables disponibles). risk_score=0.387, confidence_score=0.424.",risa-vigia-0.1.0
SIG-PAT-0139-a216384dcb,PAT-0139,2026-07-20 12:00:00,0.3339,MEDIUM,0.4242,2026-07-20 00:00:00,2026-07-20 12:00:00,"Riesgo MEDIUM para PAT-0139: evidencia sostenida durante 4 ventana(s) (12h). Variable con mayor aporte: HR (contribución=0.13, concordancia=0.00 con 0/7 variables disponibles). risk_score=0.334, confidence_score=0.424.",risa-vigia-0.1.0
SIG-PAT-0139-f280b99728,PAT-0139,2026-07-24 15:00:00,0.3591,MEDIUM,0.4242,2026-07-23 21:00:00,2026-07-24 15:00:00,"Riesgo MEDIUM para PAT-0139: evidencia sostenida durante 6 ventana(s) (18h). Variable con mayor aporte: DBP (contribución=0.16, concordancia=0.00 con 0/7 variables disponibles). risk_score=0.359, confidence_score=0.424.",risa-vigia-0.1.0
SIG-PAT-0140-7ea6080b7f,PAT-0140,2026-07-27 21:00:00,0.4784,MEDIUM,0.4242,2026-07-25 15:00:00,2026-07-27 21:00:00,"Riesgo MEDIUM para PAT-0140: evidencia sostenida durante 18 ventana(s) (54h). Variable con mayor aporte: SBP (contribución=0.34, concordancia=0.14 con 1/7 variables disponibles). risk_score=0.478, confidence_score=0.424.",risa-vigia-0.1.0
SIG-PAT-0140-e188c5689e,PAT-0140,2026-07-29 12:00:00,0.5274,MEDIUM,0.4242,2026-07-28 18:00:00,2026-07-29 12:00:00,"Riesgo MEDIUM para PAT-0140: evidencia sostenida durante 6 ventana(s) (18h). Variable con mayor aporte: SBP (contribución=0.35, concordancia=0.14 con 1/7 variables disponibles). risk_score=0.527, confidence_score=0.424.",risa-vigia-0.1.0
SIG-PAT-0140-4b3f6dae98,PAT-0140,2026-07-30 03:00:00,0.3807,MEDIUM,0.4242,2026-07-29 12:00:00,2026-07-30 03:00:00,"Riesgo MEDIUM para PAT-0140: evidencia sostenida durante 5 ventana(s) (15h). Variable con mayor aporte: DBP (contribución=0.30, concordancia=0.14 con 1/7 variables disponibles). risk_score=0.381, confidence_score=0.424.",risa-vigia-0.1.0
SIG-PAT-0141-2c95094609,PAT-0141,2026-07-18 09:00:00,0.6612,HIGH,0.4242,2026-07-16 18:00:00,2026-07-18 09:00:00,"Riesgo HIGH para PAT-0141: evidencia sostenida durante 13 ventana(s) (39h). Variable con mayor aporte: DBP (contribución=0.52, concordancia=0.14 con 1/7 variables disponibles). risk_score=0.661, confidence_score=0.424.",risa-vigia-0.1.0
SIG-PAT-0141-74ebe69ee5,PAT-0141,2026-07-19 09:00:00,0.4799,MEDIUM,0.4242,2026-07-18 21:00:00,2026-07-19 09:00:00,"Riesgo MEDIUM para PAT-0141: evidencia sostenida durante 4 ventana(s) (12h). Variable con mayor aporte: DBP (contribución=0.32, concordancia=0.14 con 1/7 variables disponibles). risk_score=0.480, confidence_score=0.424.",risa-vigia-0.1.0
SIG-PAT-0142-91a620a253,PAT-0142,2026-07-28 15:00:00,0.6166,HIGH,0.4242,2026-07-27 15:00:00,2026-07-28 15:00:00,"Riesgo HIGH para PAT-0142: evidencia sostenida durante 8 ventana(s) (24h). Variable con mayor aporte: HR (contribución=0.45, concordancia=0.14 con 1/7 variables disponibles). risk_score=0.617, confidence_score=0.424.",risa-vigia-0.1.0
SIG-PAT-0143-48846cecc5,PAT-0143,2026-07-05 12:00:00,0.7293,HIGH,0.4242,2026-07-03 21:00:00,2026-07-05 12:00:00,"Riesgo HIGH para PAT-0143: evidencia sostenida durante 13 ventana(s) (39h). Variable con mayor aporte: DBP (contribución=0.50, concordancia=0.14 con 1/7 variables disponibles). risk_score=0.729, confidence_score=0.424.",risa-vigia-0.1.0
SIG-PAT-0145-b2537bcc09,PAT-0145,2026-07-19 18:00:00,0.6017,HIGH,0.4242,2026-07-18 15:00:00,2026-07-19 18:00:00,"Riesgo HIGH para PAT-0145: evidencia sostenida durante 9 ventana(s) (27h). Variable con mayor aporte: HR (contribución=0.39, concordancia=0.14 con 1/7 variables disponibles). risk_score=0.602, confidence_score=0.424.",risa-vigia-0.1.0
SIG-PAT-0145-894146f62c,PAT-0145,2026-07-23 12:00:00,0.6554,HIGH,0.4242,2026-07-22 00:00:00,2026-07-23 12:00:00,"Riesgo HIGH para PAT-0145: evidencia sostenida durante 12 ventana(s) (36h). Variable con mayor aporte: DBP (contribución=0.49, concordancia=0.14 con 1/7 variables disponibles). risk_score=0.655, confidence_score=0.424.",risa-vigia-0.1.0
SIG-PAT-0146-aa9958506c,PAT-0146,2026-07-21 12:00:00,0.6024,HIGH,0.4242,2026-07-21 00:00:00,2026-07-21 12:00:00,"Riesgo HIGH para PAT-0146: evidencia sostenida durante 4 ventana(s) (12h). Variable con mayor aporte: DBP (contribución=0.35, concordancia=0.14 con 1/7 variables disponibles). risk_score=0.602, confidence_score=0.424.",risa-vigia-0.1.0
SIG-PAT-0146-2130085345,PAT-0146,2026-07-22 12:00:00,0.4475,MEDIUM,0.4242,2026-07-22 00:00:00,2026-07-22 12:00:00,"Riesgo MEDIUM para PAT-0146: evidencia sostenida durante 4 ventana(s) (12h). Variable con mayor aporte: HR (contribución=0.29, concordancia=0.14 con 1/7 variables disponibles). risk_score=0.447, confidence_score=0.424.",risa-vigia-0.1.0
SIG-PAT-0147-e1ee7aad0c,PAT-0147,2026-07-09 21:00:00,0.9771,CRITICAL,0.4242,2026-07-08 21:00:00,2026-07-09 21:00:00,"Riesgo CRITICAL para PAT-0147: evidencia sostenida durante 8 ventana(s) (24h). Variable con mayor aporte: SpO2 (contribución=0.73, concordancia=0.43 con 3/7 variables disponibles). risk_score=0.977, confidence_score=0.424.",risa-vigia-0.1.0
SIG-PAT-0147-e2c2ab7a96,PAT-0147,2026-07-12 12:00:00,0.5131,MEDIUM,0.4242,2026-07-11 00:00:00,2026-07-12 12:00:00,"Riesgo MEDIUM para PAT-0147: evidencia sostenida durante 12 ventana(s) (36h). Variable con mayor aporte: SBP (contribución=0.33, concordancia=0.14 con 1/7 variables disponibles). risk_score=0.513, confidence_score=0.424.",risa-vigia-0.1.0
SIG-PAT-0147-a8f12e6b48,PAT-0147,2026-07-13 15:00:00,0.633,HIGH,0.4242,2026-07-13 00:00:00,2026-07-13 15:00:00,"Riesgo HIGH para PAT-0147: evidencia sostenida durante 5 ventana(s) (15h). Variable con mayor aporte: DBP (contribución=0.37, concordancia=0.14 con 1/7 variables disponibles). risk_score=0.633, confidence_score=0.424.",risa-vigia-0.1.0
SIG-PAT-0147-b6a37a3e5b,PAT-0147,2026-07-14 21:00:00,0.545,MEDIUM,0.4242,2026-07-14 00:00:00,2026-07-14 21:00:00,"Riesgo MEDIUM para PAT-0147: evidencia sostenida durante 7 ventana(s) (21h). Variable con mayor aporte: HR (contribución=0.29, concordancia=0.14 con 1/7 variables disponibles). risk_score=0.545, confidence_score=0.424.",risa-vigia-0.1.0
SIG-PAT-0147-ef3f26928a,PAT-0147,2026-07-15 09:00:00,0.6012,HIGH,0.4242,2026-07-15 00:00:00,2026-07-15 09:00:00,"Riesgo HIGH para PAT-0147: evidencia sostenida durante 3 ventana(s) (9h). Variable con mayor aporte: DBP (contribución=0.37, concordancia=0.14 con 1/7 variables disponibles). risk_score=0.601, confidence_score=0.424.",risa-vigia-0.1.0
SIG-PAT-0148-7530dd61b8,PAT-0148,2026-07-11 12:00:00,0.6556,HIGH,0.4242,2026-07-09 12:00:00,2026-07-11 12:00:00,"Riesgo HIGH para PAT-0148: evidencia sostenida durante 16 ventana(s) (48h). Variable con mayor aporte: SBP (contribución=0.59, concordancia=0.14 con 1/7 variables disponibles). risk_score=0.656, confidence_score=0.424.",risa-vigia-0.1.0
SIG-PAT-0148-8591c24475,PAT-0148,2026-07-12 09:00:00,0.9638,CRITICAL,0.4242,2026-07-11 12:00:00,2026-07-12 09:00:00,"Riesgo CRITICAL para PAT-0148: evidencia sostenida durante 7 ventana(s) (21h). Variable con mayor aporte: SpO2 (contribución=0.67, concordancia=0.57 con 4/7 variables disponibles). risk_score=0.964, confidence_score=0.424.",risa-vigia-0.1.0
SIG-PAT-0148-6a71be642e,PAT-0148,2026-07-18 12:00:00,0.4702,MEDIUM,0.6364,2026-07-18 00:00:00,2026-07-18 12:00:00,"Riesgo MEDIUM para PAT-0148: evidencia sostenida durante 4 ventana(s) (12h). Variable con mayor aporte: LAB_C (contribución=0.34, concordancia=0.14 con 1/7 variables disponibles). risk_score=0.470, confidence_score=0.636.",risa-vigia-0.1.0
SIG-PAT-0149-df2a3ba32b,PAT-0149,2026-07-22 18:00:00,0.6794,HIGH,0.4242,2026-07-21 00:00:00,2026-07-22 18:00:00,"Riesgo HIGH para PAT-0149: evidencia sostenida durante 14 ventana(s) (42h). Variable con mayor aporte: SBP (contribución=0.52, concordancia=0.14 con 1/7 variables disponibles). risk_score=0.679, confidence_score=0.424.",risa-vigia-0.1.0
SIG-PAT-0149-c4b7e27f50,PAT-0149,2026-07-23 12:00:00,0.5728,HIGH,0.4242,2026-07-23 00:00:00,2026-07-23 12:00:00,"Riesgo HIGH para PAT-0149: evidencia sostenida durante 4 ventana(s) (12h). Variable con mayor aporte: SBP (contribución=0.40, concordancia=0.14 con 1/7 variables disponibles). risk_score=0.573, confidence_score=0.424.",risa-vigia-0.1.0
SIG-PAT-0149-2925dbb786,PAT-0149,2026-07-24 12:00:00,0.4343,MEDIUM,0.4242,2026-07-24 00:00:00,2026-07-24 12:00:00,"Riesgo MEDIUM para PAT-0149: evidencia sostenida durante 4 ventana(s) (12h). Variable con mayor aporte: HR (contribución=0.17, concordancia=0.00 con 0/7 variables disponibles). risk_score=0.434, confidence_score=0.424.",risa-vigia-0.1.0
SIG-PAT-0149-c3d5e16a5f,PAT-0149,2026-07-26 18:00:00,0.5285,MEDIUM,0.4242,2026-07-26 00:00:00,2026-07-26 18:00:00,"Riesgo MEDIUM para PAT-0149: evidencia sostenida durante 6 ventana(s) (18h). Variable con mayor aporte: SBP (contribución=0.26, concordancia=0.14 con 1/7 variables disponibles). risk_score=0.529, confidence_score=0.424.",risa-vigia-0.1.0
SIG-PAT-0149-611826d532,PAT-0149,2026-07-27 12:00:00,0.5814,HIGH,0.4242,2026-07-27 00:00:00,2026-07-27 12:00:00,"Riesgo HIGH para PAT-0149: evidencia sostenida durante 4 ventana(s) (12h). Variable con mayor aporte: SBP (contribución=0.42, concordancia=0.14 con 1/7 variables disponibles). risk_score=0.581, confidence_score=0.424.",risa-vigia-0.1.0
SIG-PAT-0150-1b55980ec0,PAT-0150,2026-07-07 12:00:00,0.6417,HIGH,0.4242,2026-07-07 00:00:00,2026-07-07 12:00:00,"Riesgo HIGH para PAT-0150: evidencia sostenida durante 4 ventana(s) (12h). Variable con mayor aporte: HR (contribución=0.56, concordancia=0.14 con 1/7 variables disponibles). risk_score=0.642, confidence_score=0.424.",risa-vigia-0.1.0
SIG-PAT-0150-8165523134,PAT-0150,2026-07-09 18:00:00,0.5548,HIGH,0.4242,2026-07-09 00:00:00,2026-07-09 18:00:00,"Riesgo HIGH para PAT-0150: evidencia sostenida durante 6 ventana(s) (18h). Variable con mayor aporte: HR (contribución=0.27, concordancia=0.14 con 1/7 variables disponibles). risk_score=0.555, confidence_score=0.424.",risa-vigia-0.1.0
SIG-PAT-0150-b9f05de673,PAT-0150,2026-07-11 15:00:00,0.5223,MEDIUM,0.4013,2026-07-10 21:00:00,2026-07-11 15:00:00,"Riesgo MEDIUM para PAT-0150: evidencia sostenida durante 6 ventana(s) (18h). Variable con mayor aporte: DBP (contribución=0.36, concordancia=0.14 con 1/7 variables disponibles). risk_score=0.522, confidence_score=0.401.",risa-vigia-0.1.0
SIG-PAT-0151-c20ca0e6e7,PAT-0151,2026-07-02 12:00:00,0.4819,MEDIUM,0.4242,2026-07-01 21:00:00,2026-07-02 12:00:00,"Riesgo MEDIUM para PAT-0151: evidencia sostenida durante 5 ventana(s) (15h). Variable con mayor aporte: HR (contribución=0.31, concordancia=0.14 con 1/7 variables disponibles). risk_score=0.482, confidence_score=0.424.",risa-vigia-0.1.0
SIG-PAT-0151-0d181e1aaa,PAT-0151,2026-07-03 12:00:00,0.6278,HIGH,0.4242,2026-07-03 00:00:00,2026-07-03 12:00:00,"Riesgo HIGH para PAT-0151: evidencia sostenida durante 4 ventana(s) (12h). Variable con mayor aporte: DBP (contribución=0.43, concordancia=0.14 con 1/7 variables disponibles). risk_score=0.628, confidence_score=0.424.",risa-vigia-0.1.0
SIG-PAT-0151-1481b56b40,PAT-0151,2026-07-08 09:00:00,0.5672,HIGH,0.3636,2026-07-08 03:00:00,2026-07-08 09:00:00,"Riesgo HIGH para PAT-0151: evidencia sostenida durante 2 ventana(s) (6h). Variable con mayor aporte: DBP (contribución=0.27, concordancia=0.33 con 2/6 variables disponibles). risk_score=0.567, confidence_score=0.364.",risa-vigia-0.1.0
SIG-PAT-0152-d99fbb4508,PAT-0152,2026-07-25 18:00:00,0.3798,MEDIUM,0.4242,2026-07-25 06:00:00,2026-07-25 18:00:00,"Riesgo MEDIUM para PAT-0152: evidencia sostenida durante 4 ventana(s) (12h). Variable con mayor aporte: RR (contribución=0.16, concordancia=0.00 con 0/7 variables disponibles). risk_score=0.380, confidence_score=0.424.",risa-vigia-0.1.0
SIG-PAT-0153-9b566e35b2,PAT-0153,2026-07-05 12:00:00,0.5857,HIGH,0.4242,2026-07-04 21:00:00,2026-07-05 12:00:00,"Riesgo HIGH para PAT-0153: evidencia sostenida durante 5 ventana(s) (15h). Variable con mayor aporte: HR (contribución=0.36, concordancia=0.14 con 1/7 variables disponibles). risk_score=0.586, confidence_score=0.424.",risa-vigia-0.1.0
SIG-PAT-0153-2210edadaa,PAT-0153,2026-07-06 06:00:00,0.9606,CRITICAL,0.4242,2026-07-05 12:00:00,2026-07-06 06:00:00,"Riesgo CRITICAL para PAT-0153: evidencia sostenida durante 6 ventana(s) (18h). Variable con mayor aporte: SpO2 (contribución=0.76, concordancia=0.43 con 3/7 variables disponibles). risk_score=0.961, confidence_score=0.424.",risa-vigia-0.1.0
SIG-PAT-0154-66336d8604,PAT-0154,2026-07-10 18:00:00,0.468,MEDIUM,0.4242,2026-07-09 21:00:00,2026-07-10 18:00:00,"Riesgo MEDIUM para PAT-0154: evidencia sostenida durante 7 ventana(s) (21h). Variable con mayor aporte: HR (contribución=0.31, concordancia=0.14 con 1/7 variables disponibles). risk_score=0.468, confidence_score=0.424.",risa-vigia-0.1.0
SIG-PAT-0154-55e2367e32,PAT-0154,2026-07-12 18:00:00,0.5309,MEDIUM,0.4136,2026-07-12 00:00:00,2026-07-12 18:00:00,"Riesgo MEDIUM para PAT-0154: evidencia sostenida durante 6 ventana(s) (18h). Variable con mayor aporte: SBP (contribución=0.26, concordancia=0.14 con 1/7 variables disponibles). risk_score=0.531, confidence_score=0.414.",risa-vigia-0.1.0
SIG-PAT-0155-0f15f2ad0a,PAT-0155,2026-07-17 12:00:00,0.3637,MEDIUM,0.4242,2026-07-17 00:00:00,2026-07-17 12:00:00,"Riesgo MEDIUM para PAT-0155: evidencia sostenida durante 4 ventana(s) (12h). Variable con mayor aporte: HR (contribución=0.23, concordancia=0.00 con 0/7 variables disponibles). risk_score=0.364, confidence_score=0.424.",risa-vigia-0.1.0
SIG-PAT-0155-f9c238c322,PAT-0155,2026-07-19 15:00:00,0.3776,MEDIUM,0.4242,2026-07-19 00:00:00,2026-07-19 15:00:00,"Riesgo MEDIUM para PAT-0155: evidencia sostenida durante 5 ventana(s) (15h). Variable con mayor aporte: HR (contribución=0.20, concordancia=0.00 con 0/7 variables disponibles). risk_score=0.378, confidence_score=0.424.",risa-vigia-0.1.0
SIG-PAT-0156-df9ae6552c,PAT-0156,2026-07-30 12:00:00,0.6261,HIGH,0.4242,2026-07-29 21:00:00,2026-07-30 12:00:00,"Riesgo HIGH para PAT-0156: evidencia sostenida durante 5 ventana(s) (15h). Variable con mayor aporte: DBP (contribución=0.40, concordancia=0.14 con 1/7 variables disponibles). risk_score=0.626, confidence_score=0.424.",risa-vigia-0.1.0
SIG-PAT-0157-89ee77cb60,PAT-0157,2026-07-07 00:00:00,0.7609,HIGH,0.7273,2026-07-06 09:00:00,2026-07-07 00:00:00,"Riesgo HIGH para PAT-0157: evidencia sostenida durante 5 ventana(s) (15h). Variable con mayor aporte: LAB_A (contribución=0.68, concordancia=0.12 con 1/8 variables disponibles). risk_score=0.761, confidence_score=0.727.",risa-vigia-0.1.0
SIG-PAT-0157-f6459d1b73,PAT-0157,2026-07-10 00:00:00,0.5059,MEDIUM,0.4242,2026-07-09 00:00:00,2026-07-10 00:00:00,"Riesgo MEDIUM para PAT-0157: evidencia sostenida durante 8 ventana(s) (24h). Variable con mayor aporte: RR (contribución=0.24, concordancia=0.00 con 0/7 variables disponibles). risk_score=0.506, confidence_score=0.424.",risa-vigia-0.1.0
SIG-PAT-0158-046865f6ae,PAT-0158,2026-07-13 18:00:00,0.9507,CRITICAL,0.4242,2026-07-11 18:00:00,2026-07-13 18:00:00,"Riesgo CRITICAL para PAT-0158: evidencia sostenida durante 16 ventana(s) (48h). Variable con mayor aporte: SpO2 (contribución=0.72, concordancia=0.43 con 3/7 variables disponibles). risk_score=0.951, confidence_score=0.424.",risa-vigia-0.1.0
SIG-PAT-0158-0004d2ae50,PAT-0158,2026-07-18 09:00:00,0.7035,HIGH,0.4131,2026-07-17 15:00:00,2026-07-18 09:00:00,"Riesgo HIGH para PAT-0158: evidencia sostenida durante 6 ventana(s) (18h). Variable con mayor aporte: DBP (contribución=0.43, concordancia=0.29 con 2/7 variables disponibles). risk_score=0.704, confidence_score=0.413.",risa-vigia-0.1.0
SIG-PAT-0159-6ed48fab08,PAT-0159,2026-07-03 12:00:00,0.6302,HIGH,0.4242,2026-07-03 00:00:00,2026-07-03 12:00:00,"Riesgo HIGH para PAT-0159: evidencia sostenida durante 4 ventana(s) (12h). Variable con mayor aporte: HR (contribución=0.55, concordancia=0.14 con 1/7 variables disponibles). risk_score=0.630, confidence_score=0.424.",risa-vigia-0.1.0
SIG-PAT-0159-6e95845de1,PAT-0159,2026-07-04 15:00:00,0.5526,HIGH,0.4242,2026-07-04 00:00:00,2026-07-04 15:00:00,"Riesgo HIGH para PAT-0159: evidencia sostenida durante 5 ventana(s) (15h). Variable con mayor aporte: SBP (contribución=0.29, concordancia=0.14 con 1/7 variables disponibles). risk_score=0.553, confidence_score=0.424.",risa-vigia-0.1.0
SIG-PAT-0159-053c92dd0f,PAT-0159,2026-07-05 15:00:00,0.5406,MEDIUM,0.4242,2026-07-05 00:00:00,2026-07-05 15:00:00,"Riesgo MEDIUM para PAT-0159: evidencia sostenida durante 5 ventana(s) (15h). Variable con mayor aporte: HR (contribución=0.29, concordancia=0.14 con 1/7 variables disponibles). risk_score=0.541, confidence_score=0.424.",risa-vigia-0.1.0
SIG-PAT-0159-e9debe5c3d,PAT-0159,2026-07-06 09:00:00,0.5644,HIGH,0.4242,2026-07-06 00:00:00,2026-07-06 09:00:00,"Riesgo HIGH para PAT-0159: evidencia sostenida durante 3 ventana(s) (9h). Variable con mayor aporte: DBP (contribución=0.29, concordancia=0.14 con 1/7 variables disponibles). risk_score=0.564, confidence_score=0.424.",risa-vigia-0.1.0
SIG-PAT-0160-90b6c9adfe,PAT-0160,2026-07-12 12:00:00,0.3505,MEDIUM,0.7081,2026-07-12 00:00:00,2026-07-12 12:00:00,"Riesgo MEDIUM para PAT-0160: evidencia sostenida durante 4 ventana(s) (12h). Variable con mayor aporte: HR (contribución=0.15, concordancia=0.00 con 0/8 variables disponibles). risk_score=0.350, confidence_score=0.708.",risa-vigia-0.1.0
SIG-PAT-0161-d6a4b78b11,PAT-0161,2026-07-02 12:00:00,0.6209,HIGH,0.8869,2026-07-02 00:00:00,2026-07-02 12:00:00,"Riesgo HIGH para PAT-0161: evidencia sostenida durante 4 ventana(s) (12h). Variable con mayor aporte: LAB_D (contribución=0.41, concordancia=0.10 con 1/10 variables disponibles). risk_score=0.621, confidence_score=0.887.",risa-vigia-0.1.0
SIG-PAT-0162-e8ed6a51a2,PAT-0162,2026-07-07 12:00:00,0.6466,HIGH,0.4242,2026-07-07 00:00:00,2026-07-07 12:00:00,"Riesgo HIGH para PAT-0162: evidencia sostenida durante 4 ventana(s) (12h). Variable con mayor aporte: HR (contribución=0.48, concordancia=0.14 con 1/7 variables disponibles). risk_score=0.647, confidence_score=0.424.",risa-vigia-0.1.0
SIG-PAT-0162-ea9e938924,PAT-0162,2026-07-08 21:00:00,0.8505,CRITICAL,0.4242,2026-07-07 21:00:00,2026-07-08 21:00:00,"Riesgo CRITICAL para PAT-0162: evidencia sostenida durante 8 ventana(s) (24h). Variable con mayor aporte: HR (contribución=0.52, concordancia=0.29 con 2/7 variables disponibles). risk_score=0.850, confidence_score=0.424.",risa-vigia-0.1.0
SIG-PAT-0162-b57a96bb87,PAT-0162,2026-07-09 09:00:00,0.5526,HIGH,0.7273,2026-07-08 21:00:00,2026-07-09 09:00:00,"Riesgo HIGH para PAT-0162: evidencia sostenida durante 4 ventana(s) (12h). Variable con mayor aporte: RR (contribución=0.23, concordancia=0.00 con 0/8 variables disponibles). risk_score=0.553, confidence_score=0.727.",risa-vigia-0.1.0
SIG-PAT-0163-678776e554,PAT-0163,2026-07-06 15:00:00,0.5536,HIGH,0.4242,2026-07-06 00:00:00,2026-07-06 15:00:00,"Riesgo HIGH para PAT-0163: evidencia sostenida durante 5 ventana(s) (15h). Variable con mayor aporte: DBP (contribución=0.38, concordancia=0.14 con 1/7 variables disponibles). risk_score=0.554, confidence_score=0.424.",risa-vigia-0.1.0
SIG-PAT-0163-77242c9204,PAT-0163,2026-07-07 21:00:00,0.7231,HIGH,0.4131,2026-07-07 09:00:00,2026-07-07 21:00:00,"Riesgo HIGH para PAT-0163: evidencia sostenida durante 4 ventana(s) (12h). Variable con mayor aporte: DBP (contribución=0.67, concordancia=0.14 con 1/7 variables disponibles). risk_score=0.723, confidence_score=0.413.",risa-vigia-0.1.0
SIG-PAT-0163-0cb71dc8b1,PAT-0163,2026-07-10 00:00:00,0.3802,MEDIUM,0.4242,2026-07-09 03:00:00,2026-07-10 00:00:00,"Riesgo MEDIUM para PAT-0163: evidencia sostenida durante 7 ventana(s) (21h). Variable con mayor aporte: SBP (contribución=0.26, concordancia=0.14 con 1/7 variables disponibles). risk_score=0.380, confidence_score=0.424.",risa-vigia-0.1.0
SIG-PAT-0164-c825e1741b,PAT-0164,2026-07-29 09:00:00,0.5983,HIGH,0.4242,2026-07-28 06:00:00,2026-07-29 09:00:00,"Riesgo HIGH para PAT-0164: evidencia sostenida durante 9 ventana(s) (27h). Variable con mayor aporte: SBP (contribución=0.35, concordancia=0.29 con 2/7 variables disponibles). risk_score=0.598, confidence_score=0.424.",risa-vigia-0.1.0
SIG-PAT-0165-9a6d6577e7,PAT-0165,2026-07-04 12:00:00,0.7269,HIGH,0.7273,2026-07-03 21:00:00,2026-07-04 12:00:00,"Riesgo HIGH para PAT-0165: evidencia sostenida durante 5 ventana(s) (15h). Variable con mayor aporte: DBP (contribución=0.63, concordancia=0.12 con 1/8 variables disponibles). risk_score=0.727, confidence_score=0.727.",risa-vigia-0.1.0
SIG-PAT-0165-28a43ec271,PAT-0165,2026-07-05 12:00:00,0.444,MEDIUM,0.7273,2026-07-05 00:00:00,2026-07-05 12:00:00,"Riesgo MEDIUM para PAT-0165: evidencia sostenida durante 4 ventana(s) (12h). Variable con mayor aporte: HR (contribución=0.27, concordancia=0.12 con 1/8 variables disponibles). risk_score=0.444, confidence_score=0.727.",risa-vigia-0.1.0
SIG-PAT-0165-17b2faa88e,PAT-0165,2026-07-06 15:00:00,0.497,MEDIUM,0.4242,2026-07-06 00:00:00,2026-07-06 15:00:00,"Riesgo MEDIUM para PAT-0165: evidencia sostenida durante 5 ventana(s) (15h). Variable con mayor aporte: SBP (contribución=0.35, concordancia=0.14 con 1/7 variables disponibles). risk_score=0.497, confidence_score=0.424.",risa-vigia-0.1.0
SIG-PAT-0165-f7cf0623d5,PAT-0165,2026-07-09 03:00:00,0.6635,HIGH,0.4242,2026-07-08 21:00:00,2026-07-09 03:00:00,"Riesgo HIGH para PAT-0165: evidencia sostenida durante 2 ventana(s) (6h). Variable con mayor aporte: DBP (contribución=0.39, concordancia=0.29 con 2/7 variables disponibles). risk_score=0.664, confidence_score=0.424.",risa-vigia-0.1.0
SIG-PAT-0166-bc683f4579,PAT-0166,2026-07-06 12:00:00,0.7577,HIGH,0.4131,2026-07-03 06:00:00,2026-07-06 12:00:00,"Riesgo HIGH para PAT-0166: evidencia sostenida durante 26 ventana(s) (78h). Variable con mayor aporte: HR (contribución=0.56, concordancia=0.29 con 2/7 variables disponibles). risk_score=0.758, confidence_score=0.413.",risa-vigia-0.1.0
SIG-PAT-0166-eb13e9cc76,PAT-0166,2026-07-07 12:00:00,0.4015,MEDIUM,0.4242,2026-07-07 00:00:00,2026-07-07 12:00:00,"Riesgo MEDIUM para PAT-0166: evidencia sostenida durante 4 ventana(s) (12h). Variable con mayor aporte: HR (contribución=0.26, concordancia=0.14 con 1/7 variables disponibles). risk_score=0.402, confidence_score=0.424.",risa-vigia-0.1.0
SIG-PAT-0166-df6e519b00,PAT-0166,2026-07-08 09:00:00,0.4561,MEDIUM,0.4242,2026-07-08 03:00:00,2026-07-08 09:00:00,"Riesgo MEDIUM para PAT-0166: evidencia sostenida durante 2 ventana(s) (6h). Variable con mayor aporte: DBP (contribución=0.36, concordancia=0.14 con 1/7 variables disponibles). risk_score=0.456, confidence_score=0.424.",risa-vigia-0.1.0
SIG-PAT-0167-c1aac5e909,PAT-0167,2026-07-09 12:00:00,0.5891,HIGH,0.4242,2026-07-08 21:00:00,2026-07-09 12:00:00,"Riesgo HIGH para PAT-0167: evidencia sostenida durante 5 ventana(s) (15h). Variable con mayor aporte: DBP (contribución=0.32, concordancia=0.14 con 1/7 variables disponibles). risk_score=0.589, confidence_score=0.424.",risa-vigia-0.1.0
SIG-PAT-0167-7b92e4beba,PAT-0167,2026-07-10 09:00:00,0.6504,HIGH,0.4131,2026-07-09 18:00:00,2026-07-10 09:00:00,"Riesgo HIGH para PAT-0167: evidencia sostenida durante 5 ventana(s) (15h). Variable con mayor aporte: DBP (contribución=0.39, concordancia=0.14 con 1/7 variables disponibles). risk_score=0.650, confidence_score=0.413.",risa-vigia-0.1.0
SIG-PAT-0168-e8fd833676,PAT-0168,2026-07-26 12:00:00,0.6166,HIGH,0.7273,2026-07-26 00:00:00,2026-07-26 12:00:00,"Riesgo HIGH para PAT-0168: evidencia sostenida durante 4 ventana(s) (12h). Variable con mayor aporte: HR (contribución=0.52, concordancia=0.12 con 1/8 variables disponibles). risk_score=0.617, confidence_score=0.727.",risa-vigia-0.1.0
SIG-PAT-0168-87818d3a4f,PAT-0168,2026-07-27 15:00:00,0.4888,MEDIUM,0.4242,2026-07-27 00:00:00,2026-07-27 15:00:00,"Riesgo MEDIUM para PAT-0168: evidencia sostenida durante 5 ventana(s) (15h). Variable con mayor aporte: SBP (contribución=0.39, concordancia=0.14 con 1/7 variables disponibles). risk_score=0.489, confidence_score=0.424.",risa-vigia-0.1.0
SIG-PAT-0168-de8f9d6cc5,PAT-0168,2026-07-28 12:00:00,0.5211,MEDIUM,0.4242,2026-07-28 00:00:00,2026-07-28 12:00:00,"Riesgo MEDIUM para PAT-0168: evidencia sostenida durante 4 ventana(s) (12h). Variable con mayor aporte: HR (contribución=0.21, concordancia=0.00 con 0/7 variables disponibles). risk_score=0.521, confidence_score=0.424.",risa-vigia-0.1.0
SIG-PAT-0168-1e1d7fa7db,PAT-0168,2026-07-30 18:00:00,0.693,HIGH,0.4242,2026-07-29 00:00:00,2026-07-30 18:00:00,"Riesgo HIGH para PAT-0168: evidencia sostenida durante 14 ventana(s) (42h). Variable con mayor aporte: DBP (contribución=0.51, concordancia=0.14 con 1/7 variables disponibles). risk_score=0.693, confidence_score=0.424.",risa-vigia-0.1.0
SIG-PAT-0168-ddf0aa08ac,PAT-0168,2026-07-31 09:00:00,0.5652,HIGH,0.4242,2026-07-30 21:00:00,2026-07-31 09:00:00,"Riesgo HIGH para PAT-0168: evidencia sostenida durante 4 ventana(s) (12h). Variable con mayor aporte: DBP (contribución=0.42, concordancia=0.14 con 1/7 variables disponibles). risk_score=0.565, confidence_score=0.424.",risa-vigia-0.1.0
SIG-PAT-0169-1a79b4ffe7,PAT-0169,2026-07-17 12:00:00,0.7518,HIGH,0.7987,2026-07-17 00:00:00,2026-07-17 12:00:00,"Riesgo HIGH para PAT-0169: evidencia sostenida durante 4 ventana(s) (12h). Variable con mayor aporte: HR (contribución=0.53, concordancia=0.22 con 2/9 variables disponibles). risk_score=0.752, confidence_score=0.799.",risa-vigia-0.1.0
SIG-PAT-0169-064c9bad67,PAT-0169,2026-07-18 12:00:00,0.4976,MEDIUM,0.4242,2026-07-18 00:00:00,2026-07-18 12:00:00,"Riesgo MEDIUM para PAT-0169: evidencia sostenida durante 4 ventana(s) (12h). Variable con mayor aporte: HR (contribución=0.35, concordancia=0.14 con 1/7 variables disponibles). risk_score=0.498, confidence_score=0.424.",risa-vigia-0.1.0
SIG-PAT-0170-6b9308cd90,PAT-0170,2026-07-15 15:00:00,0.7481,HIGH,0.4242,2026-07-13 12:00:00,2026-07-15 15:00:00,"Riesgo HIGH para PAT-0170: evidencia sostenida durante 17 ventana(s) (51h). Variable con mayor aporte: SBP (contribución=0.50, concordancia=0.29 con 2/7 variables disponibles). risk_score=0.748, confidence_score=0.424.",risa-vigia-0.1.0
SIG-PAT-0171-19a3d72c32,PAT-0171,2026-07-14 15:00:00,0.6491,HIGH,0.4242,2026-07-13 09:00:00,2026-07-14 15:00:00,"Riesgo HIGH para PAT-0171: evidencia sostenida durante 10 ventana(s) (30h). Variable con mayor aporte: HR (contribución=0.56, concordancia=0.14 con 1/7 variables disponibles). risk_score=0.649, confidence_score=0.424.",risa-vigia-0.1.0
SIG-PAT-0171-33ab215d95,PAT-0171,2026-07-15 15:00:00,0.7049,HIGH,0.4131,2026-07-15 00:00:00,2026-07-15 15:00:00,"Riesgo HIGH para PAT-0171: evidencia sostenida durante 5 ventana(s) (15h). Variable con mayor aporte: DBP (contribución=0.39, concordancia=0.29 con 2/7 variables disponibles). risk_score=0.705, confidence_score=0.413.",risa-vigia-0.1.0
SIG-PAT-0171-62fa4df3db,PAT-0171,2026-07-16 09:00:00,0.4199,MEDIUM,0.4242,2026-07-15 21:00:00,2026-07-16 09:00:00,"Riesgo MEDIUM para PAT-0171: evidencia sostenida durante 4 ventana(s) (12h). Variable con mayor aporte: DBP (contribución=0.29, concordancia=0.14 con 1/7 variables disponibles). risk_score=0.420, confidence_score=0.424.",risa-vigia-0.1.0
SIG-PAT-0172-2efb7ed723,PAT-0172,2026-07-24 12:00:00,0.582,HIGH,0.4242,2026-07-22 00:00:00,2026-07-24 12:00:00,"Riesgo HIGH para PAT-0172: evidencia sostenida durante 20 ventana(s) (60h). Variable con mayor aporte: DBP (contribución=0.34, concordancia=0.14 con 1/7 variables disponibles). risk_score=0.582, confidence_score=0.424.",risa-vigia-0.1.0
SIG-PAT-0173-f67568ce9f,PAT-0173,2026-07-12 03:00:00,0.8208,CRITICAL,0.4136,2026-07-11 15:00:00,2026-07-12 03:00:00,"Riesgo CRITICAL para PAT-0173: evidencia sostenida durante 4 ventana(s) (12h). Variable con mayor aporte: TEMP (contribución=0.68, concordancia=0.14 con 1/7 variables disponibles). risk_score=0.821, confidence_score=0.414.",risa-vigia-0.1.0
SIG-PAT-0174-047d181519,PAT-0174,2026-07-25 18:00:00,0.5412,MEDIUM,0.4242,2026-07-25 00:00:00,2026-07-25 18:00:00,"Riesgo MEDIUM para PAT-0174: evidencia sostenida durante 6 ventana(s) (18h). Variable con mayor aporte: SBP (contribución=0.30, concordancia=0.14 con 1/7 variables disponibles). risk_score=0.541, confidence_score=0.424.",risa-vigia-0.1.0
SIG-PAT-0174-7c414ea1e9,PAT-0174,2026-07-28 15:00:00,0.438,MEDIUM,0.4242,2026-07-27 21:00:00,2026-07-28 15:00:00,"Riesgo MEDIUM para PAT-0174: evidencia sostenida durante 6 ventana(s) (18h). Variable con mayor aporte: SBP (contribución=0.33, concordancia=0.14 con 1/7 variables disponibles). risk_score=0.438, confidence_score=0.424.",risa-vigia-0.1.0
SIG-PAT-0174-a30aff2694,PAT-0174,2026-07-29 12:00:00,0.3888,MEDIUM,0.4242,2026-07-29 00:00:00,2026-07-29 12:00:00,"Riesgo MEDIUM para PAT-0174: evidencia sostenida durante 4 ventana(s) (12h). Variable con mayor aporte: SBP (contribución=0.15, concordancia=0.00 con 0/7 variables disponibles). risk_score=0.389, confidence_score=0.424.",risa-vigia-0.1.0
SIG-PAT-0176-d34e45656f,PAT-0176,2026-07-09 15:00:00,0.6269,HIGH,0.4242,2026-07-09 00:00:00,2026-07-09 15:00:00,"Riesgo HIGH para PAT-0176: evidencia sostenida durante 5 ventana(s) (15h). Variable con mayor aporte: HR (contribución=0.47, concordancia=0.14 con 1/7 variables disponibles). risk_score=0.627, confidence_score=0.424.",risa-vigia-0.1.0
SIG-PAT-0176-c80a90a0e5,PAT-0176,2026-07-28 12:00:00,0.5465,MEDIUM,0.4242,2026-07-26 15:00:00,2026-07-28 12:00:00,"Riesgo MEDIUM para PAT-0176: evidencia sostenida durante 15 ventana(s) (45h). Variable con mayor aporte: DBP (contribución=0.45, concordancia=0.14 con 1/7 variables disponibles). risk_score=0.546, confidence_score=0.424.",risa-vigia-0.1.0
SIG-PAT-0177-b0a4430c6c,PAT-0177,2026-07-24 12:00:00,0.5756,HIGH,0.4242,2026-07-23 21:00:00,2026-07-24 12:00:00,"Riesgo HIGH para PAT-0177: evidencia sostenida durante 5 ventana(s) (15h). Variable con mayor aporte: HR (contribución=0.48, concordancia=0.14 con 1/7 variables disponibles). risk_score=0.576, confidence_score=0.424.",risa-vigia-0.1.0
SIG-PAT-0177-c36139eb49,PAT-0177,2026-07-26 12:00:00,0.8367,CRITICAL,0.4242,2026-07-25 00:00:00,2026-07-26 12:00:00,"Riesgo CRITICAL para PAT-0177: evidencia sostenida durante 12 ventana(s) (36h). Variable con mayor aporte: DBP (contribución=0.66, concordancia=0.29 con 2/7 variables disponibles). risk_score=0.837, confidence_score=0.424.",risa-vigia-0.1.0
SIG-PAT-0177-d7f2bcfad9,PAT-0177,2026-07-27 12:00:00,0.4469,MEDIUM,0.4242,2026-07-27 00:00:00,2026-07-27 12:00:00,"Riesgo MEDIUM para PAT-0177: evidencia sostenida durante 4 ventana(s) (12h). Variable con mayor aporte: HR (contribución=0.35, concordancia=0.14 con 1/7 variables disponibles). risk_score=0.447, confidence_score=0.424.",risa-vigia-0.1.0
SIG-PAT-0177-bc26393c1a,PAT-0177,2026-07-29 00:00:00,0.5376,MEDIUM,0.4242,2026-07-28 00:00:00,2026-07-29 00:00:00,"Riesgo MEDIUM para PAT-0177: evidencia sostenida durante 8 ventana(s) (24h). Variable con mayor aporte: SBP (contribución=0.46, concordancia=0.14 con 1/7 variables disponibles). risk_score=0.538, confidence_score=0.424.",risa-vigia-0.1.0
SIG-PAT-0177-77cc128e82,PAT-0177,2026-07-31 09:00:00,0.345,MEDIUM,0.4242,2026-07-31 00:00:00,2026-07-31 09:00:00,"Riesgo MEDIUM para PAT-0177: evidencia sostenida durante 3 ventana(s) (9h). Variable con mayor aporte: HR (contribución=0.14, concordancia=0.00 con 0/7 variables disponibles). risk_score=0.345, confidence_score=0.424.",risa-vigia-0.1.0
SIG-PAT-0178-b9a8b19a1e,PAT-0178,2026-07-09 12:00:00,0.5452,MEDIUM,0.4242,2026-07-08 06:00:00,2026-07-09 12:00:00,"Riesgo MEDIUM para PAT-0178: evidencia sostenida durante 10 ventana(s) (30h). Variable con mayor aporte: TEMP (contribución=0.49, concordancia=0.14 con 1/7 variables disponibles). risk_score=0.545, confidence_score=0.424.",risa-vigia-0.1.0
SIG-PAT-0178-f103c72f5c,PAT-0178,2026-07-12 09:00:00,0.5594,HIGH,0.4242,2026-07-10 15:00:00,2026-07-12 09:00:00,"Riesgo HIGH para PAT-0178: evidencia sostenida durante 14 ventana(s) (42h). Variable con mayor aporte: DBP (contribución=0.41, concordancia=0.14 con 1/7 variables disponibles). risk_score=0.559, confidence_score=0.424.",risa-vigia-0.1.0
SIG-PAT-0179-4d85d8f180,PAT-0179,2026-07-23 18:00:00,0.8584,CRITICAL,0.4242,2026-07-22 15:00:00,2026-07-23 18:00:00,"Riesgo CRITICAL para PAT-0179: evidencia sostenida durante 9 ventana(s) (27h). Variable con mayor aporte: RR (contribución=0.45, concordancia=0.43 con 3/7 variables disponibles). risk_score=0.858, confidence_score=0.424.",risa-vigia-0.1.0
SIG-PAT-0179-0291063653,PAT-0179,2026-07-24 12:00:00,0.5837,HIGH,0.4242,2026-07-23 21:00:00,2026-07-24 12:00:00,"Riesgo HIGH para PAT-0179: evidencia sostenida durante 5 ventana(s) (15h). Variable con mayor aporte: DBP (contribución=0.41, concordancia=0.14 con 1/7 variables disponibles). risk_score=0.584, confidence_score=0.424.",risa-vigia-0.1.0
SIG-PAT-0180-af6a5c66a1,PAT-0180,2026-07-05 18:00:00,0.6674,HIGH,0.4242,2026-07-03 09:00:00,2026-07-05 18:00:00,"Riesgo HIGH para PAT-0180: evidencia sostenida durante 19 ventana(s) (57h). Variable con mayor aporte: RR (contribución=0.28, concordancia=0.14 con 1/7 variables disponibles). risk_score=0.667, confidence_score=0.424.",risa-vigia-0.1.0
SIG-PAT-0180-6d7d662ff5,PAT-0180,2026-07-06 21:00:00,0.4458,MEDIUM,0.4242,2026-07-05 21:00:00,2026-07-06 21:00:00,"Riesgo MEDIUM para PAT-0180: evidencia sostenida durante 8 ventana(s) (24h). Variable con mayor aporte: SBP (contribución=0.19, concordancia=0.00 con 0/7 variables disponibles). risk_score=0.446, confidence_score=0.424.",risa-vigia-0.1.0
SIG-PAT-0180-41ab33e749,PAT-0180,2026-07-10 12:00:00,0.411,MEDIUM,0.4242,2026-07-09 21:00:00,2026-07-10 12:00:00,"Riesgo MEDIUM para PAT-0180: evidencia sostenida durante 5 ventana(s) (15h). Variable con mayor aporte: HR (contribución=0.26, concordancia=0.14 con 1/7 variables disponibles). risk_score=0.411, confidence_score=0.424.",risa-vigia-0.1.0
SIG-PAT-0180-32dc12b63b,PAT-0180,2026-07-16 18:00:00,0.5988,HIGH,0.4242,2026-07-15 21:00:00,2026-07-16 18:00:00,"Riesgo HIGH para PAT-0180: evidencia sostenida durante 7 ventana(s) (21h). Variable con mayor aporte: SBP (contribución=0.40, concordancia=0.14 con 1/7 variables disponibles). risk_score=0.599, confidence_score=0.424.",risa-vigia-0.1.0
SIG-PAT-0180-06aecfd67b,PAT-0180,2026-07-17 12:00:00,0.6136,HIGH,0.4242,2026-07-17 00:00:00,2026-07-17 12:00:00,"Riesgo HIGH para PAT-0180: evidencia sostenida durante 4 ventana(s) (12h). Variable con mayor aporte: HR (contribución=0.30, concordancia=0.29 con 2/7 variables disponibles). risk_score=0.614, confidence_score=0.424.",risa-vigia-0.1.0
SIG-PAT-0180-c01ff97dc1,PAT-0180,2026-07-29 21:00:00,0.5343,MEDIUM,0.4242,2026-07-28 21:00:00,2026-07-29 21:00:00,"Riesgo MEDIUM para PAT-0180: evidencia sostenida durante 8 ventana(s) (24h). Variable con mayor aporte: DBP (contribución=0.35, concordancia=0.14 con 1/7 variables disponibles). risk_score=0.534, confidence_score=0.424.",risa-vigia-0.1.0
SIG-PAT-0181-f39070ae08,PAT-0181,2026-07-02 21:00:00,0.3369,MEDIUM,0.4242,2026-07-02 09:00:00,2026-07-02 21:00:00,"Riesgo MEDIUM para PAT-0181: evidencia sostenida durante 4 ventana(s) (12h). Variable con mayor aporte: RR (contribución=0.26, concordancia=0.14 con 1/7 variables disponibles). risk_score=0.337, confidence_score=0.424.",risa-vigia-0.1.0
SIG-PAT-0181-6b962c077f,PAT-0181,2026-07-03 15:00:00,0.6736,HIGH,0.4242,2026-07-03 00:00:00,2026-07-03 15:00:00,"Riesgo HIGH para PAT-0181: evidencia sostenida durante 5 ventana(s) (15h). Variable con mayor aporte: HR (contribución=0.59, concordancia=0.14 con 1/7 variables disponibles). risk_score=0.674, confidence_score=0.424.",risa-vigia-0.1.0
SIG-PAT-0181-dd16790477,PAT-0181,2026-07-07 18:00:00,0.4991,MEDIUM,0.4242,2026-07-06 21:00:00,2026-07-07 18:00:00,"Riesgo MEDIUM para PAT-0181: evidencia sostenida durante 7 ventana(s) (21h). Variable con mayor aporte: SBP (contribución=0.19, concordancia=0.00 con 0/7 variables disponibles). risk_score=0.499, confidence_score=0.424.",risa-vigia-0.1.0
SIG-PAT-0181-d285e5a858,PAT-0181,2026-07-08 09:00:00,0.5755,HIGH,0.4242,2026-07-08 00:00:00,2026-07-08 09:00:00,"Riesgo HIGH para PAT-0181: evidencia sostenida durante 3 ventana(s) (9h). Variable con mayor aporte: DBP (contribución=0.31, concordancia=0.14 con 1/7 variables disponibles). risk_score=0.575, confidence_score=0.424.",risa-vigia-0.1.0
SIG-PAT-0182-9de9233421,PAT-0182,2026-07-19 15:00:00,0.6143,HIGH,0.4242,2026-07-18 00:00:00,2026-07-19 15:00:00,"Riesgo HIGH para PAT-0182: evidencia sostenida durante 13 ventana(s) (39h). Variable con mayor aporte: DBP (contribución=0.50, concordancia=0.14 con 1/7 variables disponibles). risk_score=0.614, confidence_score=0.424.",risa-vigia-0.1.0
SIG-PAT-0182-e30ad1c9b0,PAT-0182,2026-07-23 00:00:00,0.4689,MEDIUM,0.4242,2026-07-22 12:00:00,2026-07-23 00:00:00,"Riesgo MEDIUM para PAT-0182: evidencia sostenida durante 4 ventana(s) (12h). Variable con mayor aporte: SBP (contribución=0.39, concordancia=0.14 con 1/7 variables disponibles). risk_score=0.469, confidence_score=0.424.",risa-vigia-0.1.0
SIG-PAT-0183-4687bf3620,PAT-0183,2026-07-19 18:00:00,0.7454,HIGH,0.4242,2026-07-18 15:00:00,2026-07-19 18:00:00,"Riesgo HIGH para PAT-0183: evidencia sostenida durante 9 ventana(s) (27h). Variable con mayor aporte: HR (contribución=0.43, concordancia=0.29 con 2/7 variables disponibles). risk_score=0.745, confidence_score=0.424.",risa-vigia-0.1.0
SIG-PAT-0183-950091f13f,PAT-0183,2026-07-20 15:00:00,0.5629,HIGH,0.4242,2026-07-19 21:00:00,2026-07-20 15:00:00,"Riesgo HIGH para PAT-0183: evidencia sostenida durante 6 ventana(s) (18h). Variable con mayor aporte: DBP (contribución=0.46, concordancia=0.14 con 1/7 variables disponibles). risk_score=0.563, confidence_score=0.424.",risa-vigia-0.1.0
SIG-PAT-0183-1a08b35f2c,PAT-0183,2026-07-21 18:00:00,0.8298,CRITICAL,0.4242,2026-07-20 15:00:00,2026-07-21 18:00:00,"Riesgo CRITICAL para PAT-0183: evidencia sostenida durante 9 ventana(s) (27h). Variable con mayor aporte: HR (contribución=0.53, concordancia=0.29 con 2/7 variables disponibles). risk_score=0.830, confidence_score=0.424.",risa-vigia-0.1.0
SIG-PAT-0183-12d482cfa4,PAT-0183,2026-07-23 15:00:00,0.6159,HIGH,0.4242,2026-07-23 00:00:00,2026-07-23 15:00:00,"Riesgo HIGH para PAT-0183: evidencia sostenida durante 5 ventana(s) (15h). Variable con mayor aporte: DBP (contribución=0.46, concordancia=0.14 con 1/7 variables disponibles). risk_score=0.616, confidence_score=0.424.",risa-vigia-0.1.0
SIG-PAT-0183-e22a9e0303,PAT-0183,2026-07-25 15:00:00,0.7149,HIGH,0.9091,2026-07-24 21:00:00,2026-07-25 15:00:00,"Riesgo HIGH para PAT-0183: evidencia sostenida durante 6 ventana(s) (18h). Variable con mayor aporte: DBP (contribución=0.39, concordancia=0.20 con 2/10 variables disponibles). risk_score=0.715, confidence_score=0.909.",risa-vigia-0.1.0
SIG-PAT-0184-87804f0805,PAT-0184,2026-07-05 15:00:00,0.6754,HIGH,0.7273,2026-07-03 00:00:00,2026-07-05 15:00:00,"Riesgo HIGH para PAT-0184: evidencia sostenida durante 21 ventana(s) (63h). Variable con mayor aporte: DBP (contribución=0.36, concordancia=0.25 con 2/8 variables disponibles). risk_score=0.675, confidence_score=0.727.",risa-vigia-0.1.0
SIG-PAT-0185-97194d4697,PAT-0185,2026-07-27 18:00:00,0.7374,HIGH,0.4242,2026-07-24 21:00:00,2026-07-27 18:00:00,"Riesgo HIGH para PAT-0185: evidencia sostenida durante 23 ventana(s) (69h). Variable con mayor aporte: SBP (contribución=0.53, concordancia=0.14 con 1/7 variables disponibles). risk_score=0.737, confidence_score=0.424.",risa-vigia-0.1.0
SIG-PAT-0185-834b987ab2,PAT-0185,2026-07-28 15:00:00,0.4565,MEDIUM,0.4242,2026-07-27 21:00:00,2026-07-28 15:00:00,"Riesgo MEDIUM para PAT-0185: evidencia sostenida durante 6 ventana(s) (18h). Variable con mayor aporte: DBP (contribución=0.30, concordancia=0.14 con 1/7 variables disponibles). risk_score=0.456, confidence_score=0.424.",risa-vigia-0.1.0
SIG-PAT-0186-702aa4bcf2,PAT-0186,2026-07-19 18:00:00,0.5816,HIGH,0.4128,2026-07-19 00:00:00,2026-07-19 18:00:00,"Riesgo HIGH para PAT-0186: evidencia sostenida durante 6 ventana(s) (18h). Variable con mayor aporte: SBP (contribución=0.47, concordancia=0.14 con 1/7 variables disponibles). risk_score=0.582, confidence_score=0.413.",risa-vigia-0.1.0
SIG-PAT-0186-d9d4cdd283,PAT-0186,2026-07-20 21:00:00,0.5186,MEDIUM,0.4242,2026-07-20 03:00:00,2026-07-20 21:00:00,"Riesgo MEDIUM para PAT-0186: evidencia sostenida durante 6 ventana(s) (18h). Variable con mayor aporte: DBP (contribución=0.39, concordancia=0.14 con 1/7 variables disponibles). risk_score=0.519, confidence_score=0.424.",risa-vigia-0.1.0
SIG-PAT-0186-3cdadb0431,PAT-0186,2026-07-22 12:00:00,0.4901,MEDIUM,0.4242,2026-07-21 21:00:00,2026-07-22 12:00:00,"Riesgo MEDIUM para PAT-0186: evidencia sostenida durante 5 ventana(s) (15h). Variable con mayor aporte: DBP (contribución=0.27, concordancia=0.14 con 1/7 variables disponibles). risk_score=0.490, confidence_score=0.424.",risa-vigia-0.1.0
SIG-PAT-0187-07143b8d4a,PAT-0187,2026-07-22 12:00:00,0.5513,HIGH,0.9091,2026-07-21 12:00:00,2026-07-22 12:00:00,"Riesgo HIGH para PAT-0187: evidencia sostenida durante 8 ventana(s) (24h). Variable con mayor aporte: HR (contribución=0.28, concordancia=0.10 con 1/10 variables disponibles). risk_score=0.551, confidence_score=0.909.",risa-vigia-0.1.0
SIG-PAT-0187-5600c9efc4,PAT-0187,2026-07-23 12:00:00,0.3677,MEDIUM,0.4242,2026-07-23 00:00:00,2026-07-23 12:00:00,"Riesgo MEDIUM para PAT-0187: evidencia sostenida durante 4 ventana(s) (12h). Variable con mayor aporte: HR (contribución=0.18, concordancia=0.00 con 0/7 variables disponibles). risk_score=0.368, confidence_score=0.424.",risa-vigia-0.1.0
SIG-PAT-0188-6357bcefc1,PAT-0188,2026-07-15 15:00:00,0.53,MEDIUM,0.4242,2026-07-14 21:00:00,2026-07-15 15:00:00,"Riesgo MEDIUM para PAT-0188: evidencia sostenida durante 6 ventana(s) (18h). Variable con mayor aporte: SBP (contribución=0.29, concordancia=0.14 con 1/7 variables disponibles). risk_score=0.530, confidence_score=0.424.",risa-vigia-0.1.0
SIG-PAT-0189-9406ecb277,PAT-0189,2026-07-14 12:00:00,0.9933,CRITICAL,0.4242,2026-07-12 15:00:00,2026-07-14 12:00:00,"Riesgo CRITICAL para PAT-0189: evidencia sostenida durante 15 ventana(s) (45h). Variable con mayor aporte: SpO2 (contribución=0.77, concordancia=0.57 con 4/7 variables disponibles). risk_score=0.993, confidence_score=0.424.",risa-vigia-0.1.0
SIG-PAT-0189-d50fd8982f,PAT-0189,2026-07-15 00:00:00,0.3369,MEDIUM,0.4242,2026-07-14 12:00:00,2026-07-15 00:00:00,"Riesgo MEDIUM para PAT-0189: evidencia sostenida durante 4 ventana(s) (12h). Variable con mayor aporte: DBP (contribución=0.27, concordancia=0.14 con 1/7 variables disponibles). risk_score=0.337, confidence_score=0.424.",risa-vigia-0.1.0
SIG-PAT-0190-dd048e0aab,PAT-0190,2026-07-06 00:00:00,0.5569,HIGH,0.4242,2026-07-04 21:00:00,2026-07-06 00:00:00,"Riesgo HIGH para PAT-0190: evidencia sostenida durante 9 ventana(s) (27h). Variable con mayor aporte: DBP (contribución=0.39, concordancia=0.14 con 1/7 variables disponibles). risk_score=0.557, confidence_score=0.424.",risa-vigia-0.1.0
SIG-PAT-0190-f01e8cf55d,PAT-0190,2026-07-08 03:00:00,0.5981,HIGH,0.4242,2026-07-07 21:00:00,2026-07-08 03:00:00,"Riesgo HIGH para PAT-0190: evidencia sostenida durante 2 ventana(s) (6h). Variable con mayor aporte: DBP (contribución=0.50, concordancia=0.14 con 1/7 variables disponibles). risk_score=0.598, confidence_score=0.424.",risa-vigia-0.1.0
SIG-PAT-0191-b0fd3551d6,PAT-0191,2026-07-17 18:00:00,0.5026,MEDIUM,0.4242,2026-07-17 00:00:00,2026-07-17 18:00:00,"Riesgo MEDIUM para PAT-0191: evidencia sostenida durante 6 ventana(s) (18h). Variable con mayor aporte: HR (contribución=0.36, concordancia=0.14 con 1/7 variables disponibles). risk_score=0.503, confidence_score=0.424.",risa-vigia-0.1.0
SIG-PAT-0191-26e84ee4e6,PAT-0191,2026-07-18 18:00:00,0.4154,MEDIUM,0.4242,2026-07-18 00:00:00,2026-07-18 18:00:00,"Riesgo MEDIUM para PAT-0191: evidencia sostenida durante 6 ventana(s) (18h). Variable con mayor aporte: HR (contribución=0.27, concordancia=0.14 con 1/7 variables disponibles). risk_score=0.415, confidence_score=0.424.",risa-vigia-0.1.0
SIG-PAT-0191-ac1f7567ac,PAT-0191,2026-07-20 09:00:00,0.3838,MEDIUM,0.4242,2026-07-20 00:00:00,2026-07-20 09:00:00,"Riesgo MEDIUM para PAT-0191: evidencia sostenida durante 3 ventana(s) (9h). Variable con mayor aporte: HR (contribución=0.21, concordancia=0.00 con 0/7 variables disponibles). risk_score=0.384, confidence_score=0.424.",risa-vigia-0.1.0
SIG-PAT-0193-0fa9e283e0,PAT-0193,2026-07-21 12:00:00,0.665,HIGH,0.4242,2026-07-19 15:00:00,2026-07-21 12:00:00,"Riesgo HIGH para PAT-0193: evidencia sostenida durante 15 ventana(s) (45h). Variable con mayor aporte: SBP (contribución=0.42, concordancia=0.29 con 2/7 variables disponibles). risk_score=0.665, confidence_score=0.424.",risa-vigia-0.1.0
SIG-PAT-0194-cfd2697569,PAT-0194,2026-07-06 21:00:00,0.7085,HIGH,0.4242,2026-07-06 00:00:00,2026-07-06 21:00:00,"Riesgo HIGH para PAT-0194: evidencia sostenida durante 7 ventana(s) (21h). Variable con mayor aporte: HR (contribución=0.43, concordancia=0.29 con 2/7 variables disponibles). risk_score=0.709, confidence_score=0.424.",risa-vigia-0.1.0
SIG-PAT-0194-9025cf2a53,PAT-0194,2026-07-17 12:00:00,0.3978,MEDIUM,0.4242,2026-07-17 00:00:00,2026-07-17 12:00:00,"Riesgo MEDIUM para PAT-0194: evidencia sostenida durante 4 ventana(s) (12h). Variable con mayor aporte: HR (contribución=0.18, concordancia=0.00 con 0/7 variables disponibles). risk_score=0.398, confidence_score=0.424.",risa-vigia-0.1.0
SIG-PAT-0194-c927e416c2,PAT-0194,2026-07-20 12:00:00,0.5243,MEDIUM,0.4242,2026-07-19 21:00:00,2026-07-20 12:00:00,"Riesgo MEDIUM para PAT-0194: evidencia sostenida durante 5 ventana(s) (15h). Variable con mayor aporte: SBP (contribución=0.28, concordancia=0.14 con 1/7 variables disponibles). risk_score=0.524, confidence_score=0.424.",risa-vigia-0.1.0
SIG-PAT-0194-308cdd88fb,PAT-0194,2026-07-23 15:00:00,0.3792,MEDIUM,0.4242,2026-07-23 00:00:00,2026-07-23 15:00:00,"Riesgo MEDIUM para PAT-0194: evidencia sostenida durante 5 ventana(s) (15h). Variable con mayor aporte: SBP (contribución=0.17, concordancia=0.00 con 0/7 variables disponibles). risk_score=0.379, confidence_score=0.424.",risa-vigia-0.1.0
SIG-PAT-0194-f5469b0eec,PAT-0194,2026-07-24 12:00:00,0.4088,MEDIUM,0.4242,2026-07-24 00:00:00,2026-07-24 12:00:00,"Riesgo MEDIUM para PAT-0194: evidencia sostenida durante 4 ventana(s) (12h). Variable con mayor aporte: RR (contribución=0.20, concordancia=0.00 con 0/7 variables disponibles). risk_score=0.409, confidence_score=0.424.",risa-vigia-0.1.0
SIG-PAT-0195-d09fe5391e,PAT-0195,2026-07-21 15:00:00,0.6735,HIGH,0.4242,2026-07-17 18:00:00,2026-07-21 15:00:00,"Riesgo HIGH para PAT-0195: evidencia sostenida durante 31 ventana(s) (93h). Variable con mayor aporte: DBP (contribución=0.50, concordancia=0.14 con 1/7 variables disponibles). risk_score=0.673, confidence_score=0.424.",risa-vigia-0.1.0
SIG-PAT-0196-10870c5ad9,PAT-0196,2026-07-05 12:00:00,0.7223,HIGH,0.4242,2026-07-04 21:00:00,2026-07-05 12:00:00,"Riesgo HIGH para PAT-0196: evidencia sostenida durante 5 ventana(s) (15h). Variable con mayor aporte: HR (contribución=0.64, concordancia=0.14 con 1/7 variables disponibles). risk_score=0.722, confidence_score=0.424.",risa-vigia-0.1.0
SIG-PAT-0196-d939fa7e21,PAT-0196,2026-07-06 18:00:00,0.7396,HIGH,0.4242,2026-07-06 00:00:00,2026-07-06 18:00:00,"Riesgo HIGH para PAT-0196: evidencia sostenida durante 6 ventana(s) (18h). Variable con mayor aporte: SBP (contribución=0.47, concordancia=0.29 con 2/7 variables disponibles). risk_score=0.740, confidence_score=0.424.",risa-vigia-0.1.0
SIG-PAT-0196-3e49057884,PAT-0196,2026-07-08 00:00:00,0.6253,HIGH,0.4242,2026-07-07 00:00:00,2026-07-08 00:00:00,"Riesgo HIGH para PAT-0196: evidencia sostenida durante 8 ventana(s) (24h). Variable con mayor aporte: HR (contribución=0.30, concordancia=0.29 con 2/7 variables disponibles). risk_score=0.625, confidence_score=0.424.",risa-vigia-0.1.0
SIG-PAT-0196-a8b0c0fdf9,PAT-0196,2026-07-08 09:00:00,0.5668,HIGH,0.4242,2026-07-08 00:00:00,2026-07-08 09:00:00,"Riesgo HIGH para PAT-0196: evidencia sostenida durante 3 ventana(s) (9h). Variable con mayor aporte: HR (contribución=0.37, concordancia=0.14 con 1/7 variables disponibles). risk_score=0.567, confidence_score=0.424.",risa-vigia-0.1.0
SIG-PAT-0197-a0d72869f7,PAT-0197,2026-07-30 12:00:00,0.5091,MEDIUM,0.4242,2026-07-28 15:00:00,2026-07-30 12:00:00,"Riesgo MEDIUM para PAT-0197: evidencia sostenida durante 15 ventana(s) (45h). Variable con mayor aporte: SBP (contribución=0.41, concordancia=0.14 con 1/7 variables disponibles). risk_score=0.509, confidence_score=0.424.",risa-vigia-0.1.0
SIG-PAT-0198-4eef2dc854,PAT-0198,2026-07-08 21:00:00,0.7899,HIGH,0.4242,2026-07-07 15:00:00,2026-07-08 21:00:00,"Riesgo HIGH para PAT-0198: evidencia sostenida durante 10 ventana(s) (30h). Variable con mayor aporte: HR (contribución=0.53, concordancia=0.29 con 2/7 variables disponibles). risk_score=0.790, confidence_score=0.424.",risa-vigia-0.1.0
SIG-PAT-0198-3ba99e9057,PAT-0198,2026-07-09 12:00:00,0.7072,HIGH,0.4242,2026-07-09 00:00:00,2026-07-09 12:00:00,"Riesgo HIGH para PAT-0198: evidencia sostenida durante 4 ventana(s) (12h). Variable con mayor aporte: DBP (contribución=0.53, concordancia=0.14 con 1/7 variables disponibles). risk_score=0.707, confidence_score=0.424.",risa-vigia-0.1.0
SIG-PAT-0199-49a80696fc,PAT-0199,2026-07-20 18:00:00,0.6981,HIGH,0.4242,2026-07-18 15:00:00,2026-07-20 18:00:00,"Riesgo HIGH para PAT-0199: evidencia sostenida durante 17 ventana(s) (51h). Variable con mayor aporte: HR (contribución=0.51, concordancia=0.14 con 1/7 variables disponibles). risk_score=0.698, confidence_score=0.424.",risa-vigia-0.1.0
SIG-PAT-0199-fc3dcc195b,PAT-0199,2026-07-24 12:00:00,0.4406,MEDIUM,0.3538,2026-07-24 00:00:00,2026-07-24 12:00:00,"Riesgo MEDIUM para PAT-0199: evidencia sostenida durante 4 ventana(s) (12h). Variable con mayor aporte: RR (contribución=0.25, concordancia=0.00 con 0/6 variables disponibles). risk_score=0.441, confidence_score=0.354.",risa-vigia-0.1.0
SIG-PAT-0200-406fa3db6e,PAT-0200,2026-07-26 12:00:00,0.7233,HIGH,0.4242,2026-07-24 18:00:00,2026-07-26 12:00:00,"Riesgo HIGH para PAT-0200: evidencia sostenida durante 14 ventana(s) (42h). Variable con mayor aporte: SBP (contribución=0.46, concordancia=0.29 con 2/7 variables disponibles). risk_score=0.723, confidence_score=0.424.",risa-vigia-0.1.0
SIG-PAT-0200-44fc7a50e1,PAT-0200,2026-07-28 09:00:00,0.3248,MEDIUM,0.4242,2026-07-28 00:00:00,2026-07-28 09:00:00,"Riesgo MEDIUM para PAT-0200: evidencia sostenida durante 3 ventana(s) (9h). Variable con mayor aporte: HR (contribución=0.13, concordancia=0.00 con 0/7 variables disponibles). risk_score=0.325, confidence_score=0.424.",risa-vigia-0.1.0
SIG-PAT-0201-91a7761bfd,PAT-0201,2026-07-02 18:00:00,0.5759,HIGH,0.4242,2026-07-02 00:00:00,2026-07-02 18:00:00,"Riesgo HIGH para PAT-0201: evidencia sostenida durante 6 ventana(s) (18h). Variable con mayor aporte: SBP (contribución=0.30, concordancia=0.14 con 1/7 variables disponibles). risk_score=0.576, confidence_score=0.424.",risa-vigia-0.1.0
SIG-PAT-0201-432f94405e,PAT-0201,2026-07-05 09:00:00,0.7126,HIGH,0.4242,2026-07-05 03:00:00,2026-07-05 09:00:00,"Riesgo HIGH para PAT-0201: evidencia sostenida durante 2 ventana(s) (6h). Variable con mayor aporte: DBP (contribución=0.28, concordancia=0.43 con 3/7 variables disponibles). risk_score=0.713, confidence_score=0.424.",risa-vigia-0.1.0
SIG-PAT-0202-4e318ce813,PAT-0202,2026-07-10 12:00:00,0.5901,HIGH,0.9091,2026-07-09 21:00:00,2026-07-10 12:00:00,"Riesgo HIGH para PAT-0202: evidencia sostenida durante 5 ventana(s) (15h). Variable con mayor aporte: LAB_D (contribución=0.26, concordancia=0.20 con 2/10 variables disponibles). risk_score=0.590, confidence_score=0.909.",risa-vigia-0.1.0
SIG-PAT-0203-a6ae463647,PAT-0203,2026-07-28 12:00:00,0.6932,HIGH,0.4131,2026-07-27 18:00:00,2026-07-28 12:00:00,"Riesgo HIGH para PAT-0203: evidencia sostenida durante 6 ventana(s) (18h). Variable con mayor aporte: HR (contribución=0.42, concordancia=0.14 con 1/7 variables disponibles). risk_score=0.693, confidence_score=0.413.",risa-vigia-0.1.0
SIG-PAT-0203-6b7599a85f,PAT-0203,2026-07-29 00:00:00,0.8486,CRITICAL,0.4242,2026-07-28 12:00:00,2026-07-29 00:00:00,"Riesgo CRITICAL para PAT-0203: evidencia sostenida durante 4 ventana(s) (12h). Variable con mayor aporte: HR (contribución=0.59, concordancia=0.29 con 2/7 variables disponibles). risk_score=0.849, confidence_score=0.424.",risa-vigia-0.1.0
SIG-PAT-0204-df54258e8a,PAT-0204,2026-07-17 12:00:00,0.5245,MEDIUM,0.4136,2026-07-17 00:00:00,2026-07-17 12:00:00,"Riesgo MEDIUM para PAT-0204: evidencia sostenida durante 4 ventana(s) (12h). Variable con mayor aporte: HR (contribución=0.32, concordancia=0.14 con 1/7 variables disponibles). risk_score=0.525, confidence_score=0.414.",risa-vigia-0.1.0
SIG-PAT-0204-e2c57313b4,PAT-0204,2026-07-18 18:00:00,0.5191,MEDIUM,0.4136,2026-07-17 21:00:00,2026-07-18 18:00:00,"Riesgo MEDIUM para PAT-0204: evidencia sostenida durante 7 ventana(s) (21h). Variable con mayor aporte: HR (contribución=0.36, concordancia=0.14 con 1/7 variables disponibles). risk_score=0.519, confidence_score=0.414.",risa-vigia-0.1.0
SIG-PAT-0204-65c1debb38,PAT-0204,2026-07-22 12:00:00,0.3527,MEDIUM,0.4242,2026-07-21 21:00:00,2026-07-22 12:00:00,"Riesgo MEDIUM para PAT-0204: evidencia sostenida durante 5 ventana(s) (15h). Variable con mayor aporte: HR (contribución=0.12, concordancia=0.00 con 0/7 variables disponibles). risk_score=0.353, confidence_score=0.424.",risa-vigia-0.1.0
SIG-PAT-0205-3aa81ad32f,PAT-0205,2026-07-05 15:00:00,0.4836,MEDIUM,0.4242,2026-07-05 00:00:00,2026-07-05 15:00:00,"Riesgo MEDIUM para PAT-0205: evidencia sostenida durante 5 ventana(s) (15h). Variable con mayor aporte: HR (contribución=0.33, concordancia=0.14 con 1/7 variables disponibles). risk_score=0.484, confidence_score=0.424.",risa-vigia-0.1.0
SIG-PAT-0205-cd8f479ee4,PAT-0205,2026-07-07 00:00:00,0.5346,MEDIUM,0.4131,2026-07-06 00:00:00,2026-07-07 00:00:00,"Riesgo MEDIUM para PAT-0205: evidencia sostenida durante 8 ventana(s) (24h). Variable con mayor aporte: HR (contribución=0.34, concordancia=0.14 con 1/7 variables disponibles). risk_score=0.535, confidence_score=0.413.",risa-vigia-0.1.0
SIG-PAT-0205-2010f76bec,PAT-0205,2026-07-07 18:00:00,0.3408,MEDIUM,0.4242,2026-07-07 00:00:00,2026-07-07 18:00:00,"Riesgo MEDIUM para PAT-0205: evidencia sostenida durante 6 ventana(s) (18h). Variable con mayor aporte: HR (contribución=0.23, concordancia=0.00 con 0/7 variables disponibles). risk_score=0.341, confidence_score=0.424.",risa-vigia-0.1.0
SIG-PAT-0205-53df518fc1,PAT-0205,2026-07-08 12:00:00,0.4183,MEDIUM,0.4242,2026-07-08 00:00:00,2026-07-08 12:00:00,"Riesgo MEDIUM para PAT-0205: evidencia sostenida durante 4 ventana(s) (12h). Variable con mayor aporte: HR (contribución=0.25, concordancia=0.00 con 0/7 variables disponibles). risk_score=0.418, confidence_score=0.424.",risa-vigia-0.1.0
SIG-PAT-0205-191f800e92,PAT-0205,2026-07-10 15:00:00,0.4379,MEDIUM,0.4242,2026-07-10 00:00:00,2026-07-10 15:00:00,"Riesgo MEDIUM para PAT-0205: evidencia sostenida durante 5 ventana(s) (15h). Variable con mayor aporte: HR (contribución=0.26, concordancia=0.14 con 1/7 variables disponibles). risk_score=0.438, confidence_score=0.424.",risa-vigia-0.1.0
SIG-PAT-0205-b67df9c363,PAT-0205,2026-07-11 09:00:00,0.4809,MEDIUM,0.4242,2026-07-10 21:00:00,2026-07-11 09:00:00,"Riesgo MEDIUM para PAT-0205: evidencia sostenida durante 4 ventana(s) (12h). Variable con mayor aporte: DBP (contribución=0.34, concordancia=0.14 con 1/7 variables disponibles). risk_score=0.481, confidence_score=0.424.",risa-vigia-0.1.0
SIG-PAT-0206-72d07ea291,PAT-0206,2026-07-20 12:00:00,0.6422,HIGH,0.4242,2026-07-19 00:00:00,2026-07-20 12:00:00,"Riesgo HIGH para PAT-0206: evidencia sostenida durante 12 ventana(s) (36h). Variable con mayor aporte: HR (contribución=0.50, concordancia=0.14 con 1/7 variables disponibles). risk_score=0.642, confidence_score=0.424.",risa-vigia-0.1.0
SIG-PAT-0206-390f3f8bb6,PAT-0206,2026-07-21 00:00:00,0.454,MEDIUM,0.4242,2026-07-20 12:00:00,2026-07-21 00:00:00,"Riesgo MEDIUM para PAT-0206: evidencia sostenida durante 4 ventana(s) (12h). Variable con mayor aporte: RR (contribución=0.18, concordancia=0.00 con 0/7 variables disponibles). risk_score=0.454, confidence_score=0.424.",risa-vigia-0.1.0
SIG-PAT-0207-2efcd05b1f,PAT-0207,2026-07-15 12:00:00,0.6437,HIGH,0.4242,2026-07-15 00:00:00,2026-07-15 12:00:00,"Riesgo HIGH para PAT-0207: evidencia sostenida durante 4 ventana(s) (12h). Variable con mayor aporte: HR (contribución=0.47, concordancia=0.14 con 1/7 variables disponibles). risk_score=0.644, confidence_score=0.424.",risa-vigia-0.1.0
SIG-PAT-0207-8c0a4765a1,PAT-0207,2026-07-16 12:00:00,0.5467,MEDIUM,0.4242,2026-07-16 00:00:00,2026-07-16 12:00:00,"Riesgo MEDIUM para PAT-0207: evidencia sostenida durante 4 ventana(s) (12h). Variable con mayor aporte: HR (contribución=0.43, concordancia=0.14 con 1/7 variables disponibles). risk_score=0.547, confidence_score=0.424.",risa-vigia-0.1.0
SIG-PAT-0207-552862a0af,PAT-0207,2026-07-17 15:00:00,0.6566,HIGH,0.4242,2026-07-17 00:00:00,2026-07-17 15:00:00,"Riesgo HIGH para PAT-0207: evidencia sostenida durante 5 ventana(s) (15h). Variable con mayor aporte: SBP (contribución=0.59, concordancia=0.14 con 1/7 variables disponibles). risk_score=0.657, confidence_score=0.424.",risa-vigia-0.1.0
SIG-PAT-0207-b8182f9a67,PAT-0207,2026-07-19 00:00:00,0.7972,HIGH,0.4242,2026-07-18 00:00:00,2026-07-19 00:00:00,"Riesgo HIGH para PAT-0207: evidencia sostenida durante 8 ventana(s) (24h). Variable con mayor aporte: SBP (contribución=0.68, concordancia=0.14 con 1/7 variables disponibles). risk_score=0.797, confidence_score=0.424.",risa-vigia-0.1.0
SIG-PAT-0207-0ac299334d,PAT-0207,2026-07-20 12:00:00,0.6879,HIGH,0.4242,2026-07-19 00:00:00,2026-07-20 12:00:00,"Riesgo HIGH para PAT-0207: evidencia sostenida durante 12 ventana(s) (36h). Variable con mayor aporte: SBP (contribución=0.43, concordancia=0.14 con 1/7 variables disponibles). risk_score=0.688, confidence_score=0.424.",risa-vigia-0.1.0
SIG-PAT-0207-8e9dfd0d1b,PAT-0207,2026-07-21 09:00:00,0.4743,MEDIUM,0.4136,2026-07-21 00:00:00,2026-07-21 09:00:00,"Riesgo MEDIUM para PAT-0207: evidencia sostenida durante 3 ventana(s) (9h). Variable con mayor aporte: SBP (contribución=0.27, concordancia=0.14 con 1/7 variables disponibles). risk_score=0.474, confidence_score=0.414.",risa-vigia-0.1.0
SIG-PAT-0208-b16bafd3cc,PAT-0208,2026-07-03 12:00:00,0.6323,HIGH,0.4242,2026-07-03 00:00:00,2026-07-03 12:00:00,"Riesgo HIGH para PAT-0208: evidencia sostenida durante 4 ventana(s) (12h). Variable con mayor aporte: HR (contribución=0.49, concordancia=0.14 con 1/7 variables disponibles). risk_score=0.632, confidence_score=0.424.",risa-vigia-0.1.0
SIG-PAT-0208-5188188269,PAT-0208,2026-07-04 12:00:00,0.4623,MEDIUM,0.4242,2026-07-04 00:00:00,2026-07-04 12:00:00,"Riesgo MEDIUM para PAT-0208: evidencia sostenida durante 4 ventana(s) (12h). Variable con mayor aporte: HR (contribución=0.30, concordancia=0.14 con 1/7 variables disponibles). risk_score=0.462, confidence_score=0.424.",risa-vigia-0.1.0
SIG-PAT-0208-14174a0d9a,PAT-0208,2026-07-05 12:00:00,0.3511,MEDIUM,0.4242,2026-07-05 00:00:00,2026-07-05 12:00:00,"Riesgo MEDIUM para PAT-0208: evidencia sostenida durante 4 ventana(s) (12h). Variable con mayor aporte: HR (contribución=0.20, concordancia=0.00 con 0/7 variables disponibles). risk_score=0.351, confidence_score=0.424.",risa-vigia-0.1.0
SIG-PAT-0209-7c07defcfd,PAT-0209,2026-07-12 12:00:00,0.6249,HIGH,0.8182,2026-07-11 21:00:00,2026-07-12 12:00:00,"Riesgo HIGH para PAT-0209: evidencia sostenida durante 5 ventana(s) (15h). Variable con mayor aporte: HR (contribución=0.36, concordancia=0.22 con 2/9 variables disponibles). risk_score=0.625, confidence_score=0.818.",risa-vigia-0.1.0
SIG-PAT-0209-8428e3ebd4,PAT-0209,2026-07-13 18:00:00,0.5408,MEDIUM,0.4242,2026-07-13 00:00:00,2026-07-13 18:00:00,"Riesgo MEDIUM para PAT-0209: evidencia sostenida durante 6 ventana(s) (18h). Variable con mayor aporte: DBP (contribución=0.33, concordancia=0.14 con 1/7 variables disponibles). risk_score=0.541, confidence_score=0.424.",risa-vigia-0.1.0
SIG-PAT-0209-d3baa50cd3,PAT-0209,2026-07-14 12:00:00,0.5116,MEDIUM,0.9091,2026-07-14 00:00:00,2026-07-14 12:00:00,"Riesgo MEDIUM para PAT-0209: evidencia sostenida durante 4 ventana(s) (12h). Variable con mayor aporte: LAB_B (contribución=0.23, concordancia=0.10 con 1/10 variables disponibles). risk_score=0.512, confidence_score=0.909.",risa-vigia-0.1.0
SIG-PAT-0209-93c92aa955,PAT-0209,2026-07-16 21:00:00,0.5311,MEDIUM,0.4242,2026-07-16 00:00:00,2026-07-16 21:00:00,"Riesgo MEDIUM para PAT-0209: evidencia sostenida durante 7 ventana(s) (21h). Variable con mayor aporte: SBP (contribución=0.40, concordancia=0.14 con 1/7 variables disponibles). risk_score=0.531, confidence_score=0.424.",risa-vigia-0.1.0
SIG-PAT-0210-9feb7fd0b9,PAT-0210,2026-07-16 12:00:00,0.6713,HIGH,0.4131,2026-07-12 21:00:00,2026-07-16 12:00:00,"Riesgo HIGH para PAT-0210: evidencia sostenida durante 29 ventana(s) (87h). Variable con mayor aporte: DBP (contribución=0.45, concordancia=0.14 con 1/7 variables disponibles). risk_score=0.671, confidence_score=0.413.",risa-vigia-0.1.0
SIG-PAT-0210-6efa5c05be,PAT-0210,2026-07-17 12:00:00,0.4884,MEDIUM,0.4136,2026-07-17 00:00:00,2026-07-17 12:00:00,"Riesgo MEDIUM para PAT-0210: evidencia sostenida durante 4 ventana(s) (12h). Variable con mayor aporte: DBP (contribución=0.28, concordancia=0.14 con 1/7 variables disponibles). risk_score=0.488, confidence_score=0.414.",risa-vigia-0.1.0
SIG-PAT-0211-06c899d78a,PAT-0211,2026-07-17 12:00:00,0.7399,HIGH,0.8182,2026-07-16 12:00:00,2026-07-17 12:00:00,"Riesgo HIGH para PAT-0211: evidencia sostenida durante 8 ventana(s) (24h). Variable con mayor aporte: HR (contribución=0.45, concordancia=0.22 con 2/9 variables disponibles). risk_score=0.740, confidence_score=0.818.",risa-vigia-0.1.0
SIG-PAT-0212-943ccd3c2b,PAT-0212,2026-07-04 12:00:00,0.408,MEDIUM,0.4242,2026-07-04 00:00:00,2026-07-04 12:00:00,"Riesgo MEDIUM para PAT-0212: evidencia sostenida durante 4 ventana(s) (12h). Variable con mayor aporte: HR (contribución=0.20, concordancia=0.00 con 0/7 variables disponibles). risk_score=0.408, confidence_score=0.424.",risa-vigia-0.1.0
SIG-PAT-0213-4c6a4d0829,PAT-0213,2026-07-20 12:00:00,0.7156,HIGH,0.4242,2026-07-18 18:00:00,2026-07-20 12:00:00,"Riesgo HIGH para PAT-0213: evidencia sostenida durante 14 ventana(s) (42h). Variable con mayor aporte: DBP (contribución=0.39, concordancia=0.29 con 2/7 variables disponibles). risk_score=0.716, confidence_score=0.424.",risa-vigia-0.1.0
SIG-PAT-0213-3bd3880679,PAT-0213,2026-07-21 21:00:00,0.6715,HIGH,0.4242,2026-07-21 03:00:00,2026-07-21 21:00:00,"Riesgo HIGH para PAT-0213: evidencia sostenida durante 6 ventana(s) (18h). Variable con mayor aporte: DBP (contribución=0.32, concordancia=0.29 con 2/7 variables disponibles). risk_score=0.672, confidence_score=0.424.",risa-vigia-0.1.0
SIG-PAT-0213-9f90b575d6,PAT-0213,2026-07-24 09:00:00,0.5085,MEDIUM,0.4242,2026-07-23 21:00:00,2026-07-24 09:00:00,"Riesgo MEDIUM para PAT-0213: evidencia sostenida durante 4 ventana(s) (12h). Variable con mayor aporte: SBP (contribución=0.34, concordancia=0.14 con 1/7 variables disponibles). risk_score=0.508, confidence_score=0.424.",risa-vigia-0.1.0
SIG-PAT-0214-7f4c919e82,PAT-0214,2026-07-22 12:00:00,0.6556,HIGH,0.4242,2026-07-21 21:00:00,2026-07-22 12:00:00,"Riesgo HIGH para PAT-0214: evidencia sostenida durante 5 ventana(s) (15h). Variable con mayor aporte: HR (contribución=0.51, concordancia=0.14 con 1/7 variables disponibles). risk_score=0.656, confidence_score=0.424.",risa-vigia-0.1.0
SIG-PAT-0214-18192650a3,PAT-0214,2026-07-23 12:00:00,0.7415,HIGH,0.4242,2026-07-23 00:00:00,2026-07-23 12:00:00,"Riesgo HIGH para PAT-0214: evidencia sostenida durante 4 ventana(s) (12h). Variable con mayor aporte: SBP (contribución=0.63, concordancia=0.14 con 1/7 variables disponibles). risk_score=0.741, confidence_score=0.424.",risa-vigia-0.1.0
SIG-PAT-0214-8d8e37ff4f,PAT-0214,2026-07-25 09:00:00,0.4371,MEDIUM,0.4242,2026-07-25 00:00:00,2026-07-25 09:00:00,"Riesgo MEDIUM para PAT-0214: evidencia sostenida durante 3 ventana(s) (9h). Variable con mayor aporte: SBP (contribución=0.19, concordancia=0.00 con 0/7 variables disponibles). risk_score=0.437, confidence_score=0.424.",risa-vigia-0.1.0
SIG-PAT-0215-ddb9fbe628,PAT-0215,2026-07-02 12:00:00,0.3966,MEDIUM,0.4242,2026-07-01 21:00:00,2026-07-02 12:00:00,"Riesgo MEDIUM para PAT-0215: evidencia sostenida durante 5 ventana(s) (15h). Variable con mayor aporte: TEMP (contribución=0.27, concordancia=0.14 con 1/7 variables disponibles). risk_score=0.397, confidence_score=0.424.",risa-vigia-0.1.0
SIG-PAT-0216-e45046226e,PAT-0216,2026-07-18 12:00:00,0.6505,HIGH,0.9091,2026-07-17 12:00:00,2026-07-18 12:00:00,"Riesgo HIGH para PAT-0216: evidencia sostenida durante 8 ventana(s) (24h). Variable con mayor aporte: LAB_D (contribución=0.32, concordancia=0.20 con 2/10 variables disponibles). risk_score=0.650, confidence_score=0.909.",risa-vigia-0.1.0
SIG-PAT-0217-af287055d1,PAT-0217,2026-07-27 15:00:00,0.6681,HIGH,0.4242,2026-07-27 00:00:00,2026-07-27 15:00:00,"Riesgo HIGH para PAT-0217: evidencia sostenida durante 5 ventana(s) (15h). Variable con mayor aporte: DBP (contribución=0.54, concordancia=0.14 con 1/7 variables disponibles). risk_score=0.668, confidence_score=0.424.",risa-vigia-0.1.0
SIG-PAT-0218-59f1d91d67,PAT-0218,2026-07-05 12:00:00,0.4554,MEDIUM,0.4242,2026-07-05 00:00:00,2026-07-05 12:00:00,"Riesgo MEDIUM para PAT-0218: evidencia sostenida durante 4 ventana(s) (12h). Variable con mayor aporte: HR (contribución=0.32, concordancia=0.14 con 1/7 variables disponibles). risk_score=0.455, confidence_score=0.424.",risa-vigia-0.1.0
SIG-PAT-0218-005fa64131,PAT-0218,2026-07-06 12:00:00,0.6002,HIGH,0.4242,2026-07-06 00:00:00,2026-07-06 12:00:00,"Riesgo HIGH para PAT-0218: evidencia sostenida durante 4 ventana(s) (12h). Variable con mayor aporte: SBP (contribución=0.38, concordancia=0.14 con 1/7 variables disponibles). risk_score=0.600, confidence_score=0.424.",risa-vigia-0.1.0
SIG-PAT-0219-0e2edea354,PAT-0219,2026-07-04 12:00:00,0.7217,HIGH,0.4242,2026-07-03 12:00:00,2026-07-04 12:00:00,"Riesgo HIGH para PAT-0219: evidencia sostenida durante 8 ventana(s) (24h). Variable con mayor aporte: DBP (contribución=0.64, concordancia=0.14 con 1/7 variables disponibles). risk_score=0.722, confidence_score=0.424.",risa-vigia-0.1.0
SIG-PAT-0219-342fde38c8,PAT-0219,2026-07-05 18:00:00,0.5981,HIGH,0.4242,2026-07-05 03:00:00,2026-07-05 18:00:00,"Riesgo HIGH para PAT-0219: evidencia sostenida durante 5 ventana(s) (15h). Variable con mayor aporte: DBP (contribución=0.51, concordancia=0.14 con 1/7 variables disponibles). risk_score=0.598, confidence_score=0.424.",risa-vigia-0.1.0
SIG-PAT-0222-a588bdcd7f,PAT-0222,2026-07-22 12:00:00,0.74,HIGH,0.4242,2026-07-21 18:00:00,2026-07-22 12:00:00,"Riesgo HIGH para PAT-0222: evidencia sostenida durante 6 ventana(s) (18h). Variable con mayor aporte: TEMP (contribución=0.31, concordancia=0.43 con 3/7 variables disponibles). risk_score=0.740, confidence_score=0.424.",risa-vigia-0.1.0
SIG-PAT-0222-d23c5f62c9,PAT-0222,2026-07-24 12:00:00,0.5905,HIGH,0.4242,2026-07-23 00:00:00,2026-07-24 12:00:00,"Riesgo HIGH para PAT-0222: evidencia sostenida durante 12 ventana(s) (36h). Variable con mayor aporte: HR (contribución=0.37, concordancia=0.14 con 1/7 variables disponibles). risk_score=0.591, confidence_score=0.424.",risa-vigia-0.1.0
SIG-PAT-0223-d0db4ee017,PAT-0223,2026-07-28 15:00:00,0.4626,MEDIUM,0.4242,2026-07-28 00:00:00,2026-07-28 15:00:00,"Riesgo MEDIUM para PAT-0223: evidencia sostenida durante 5 ventana(s) (15h). Variable con mayor aporte: HR (contribución=0.26, concordancia=0.14 con 1/7 variables disponibles). risk_score=0.463, confidence_score=0.424.",risa-vigia-0.1.0
SIG-PAT-0224-87a9ff0165,PAT-0224,2026-07-28 18:00:00,0.5683,HIGH,0.4242,2026-07-28 00:00:00,2026-07-28 18:00:00,"Riesgo HIGH para PAT-0224: evidencia sostenida durante 6 ventana(s) (18h). Variable con mayor aporte: SBP (contribución=0.31, concordancia=0.14 con 1/7 variables disponibles). risk_score=0.568, confidence_score=0.424.",risa-vigia-0.1.0
SIG-PAT-0225-ae048f48b0,PAT-0225,2026-07-03 15:00:00,0.5031,MEDIUM,0.4242,2026-07-02 12:00:00,2026-07-03 15:00:00,"Riesgo MEDIUM para PAT-0225: evidencia sostenida durante 9 ventana(s) (27h). Variable con mayor aporte: HR (contribución=0.33, concordancia=0.14 con 1/7 variables disponibles). risk_score=0.503, confidence_score=0.424.",risa-vigia-0.1.0
SIG-PAT-0225-76bab5ffaa,PAT-0225,2026-07-05 12:00:00,0.495,MEDIUM,0.4242,2026-07-05 00:00:00,2026-07-05 12:00:00,"Riesgo MEDIUM para PAT-0225: evidencia sostenida durante 4 ventana(s) (12h). Variable con mayor aporte: DBP (contribución=0.29, concordancia=0.14 con 1/7 variables disponibles). risk_score=0.495, confidence_score=0.424.",risa-vigia-0.1.0
SIG-PAT-0225-348358b9f4,PAT-0225,2026-07-07 12:00:00,0.3893,MEDIUM,0.4242,2026-07-07 00:00:00,2026-07-07 12:00:00,"Riesgo MEDIUM para PAT-0225: evidencia sostenida durante 4 ventana(s) (12h). Variable con mayor aporte: HR (contribución=0.29, concordancia=0.14 con 1/7 variables disponibles). risk_score=0.389, confidence_score=0.424.",risa-vigia-0.1.0
SIG-PAT-0226-bf4e5d10f4,PAT-0226,2026-07-18 21:00:00,0.7419,HIGH,0.4242,2026-07-17 21:00:00,2026-07-18 21:00:00,"Riesgo HIGH para PAT-0226: evidencia sostenida durante 8 ventana(s) (24h). Variable con mayor aporte: HR (contribución=0.66, concordancia=0.14 con 1/7 variables disponibles). risk_score=0.742, confidence_score=0.424.",risa-vigia-0.1.0
SIG-PAT-0226-819dc87715,PAT-0226,2026-07-19 15:00:00,0.4437,MEDIUM,0.4242,2026-07-18 21:00:00,2026-07-19 15:00:00,"Riesgo MEDIUM para PAT-0226: evidencia sostenida durante 6 ventana(s) (18h). Variable con mayor aporte: HR (contribución=0.29, concordancia=0.14 con 1/7 variables disponibles). risk_score=0.444, confidence_score=0.424.",risa-vigia-0.1.0
SIG-PAT-0226-e2e6fae880,PAT-0226,2026-07-20 12:00:00,0.3526,MEDIUM,0.3636,2026-07-20 00:00:00,2026-07-20 12:00:00,"Riesgo MEDIUM para PAT-0226: evidencia sostenida durante 4 ventana(s) (12h). Variable con mayor aporte: HR (contribución=0.17, concordancia=0.00 con 0/6 variables disponibles). risk_score=0.353, confidence_score=0.364.",risa-vigia-0.1.0
SIG-PAT-0226-3301a95ed1,PAT-0226,2026-07-23 18:00:00,0.5912,HIGH,0.4242,2026-07-22 18:00:00,2026-07-23 18:00:00,"Riesgo HIGH para PAT-0226: evidencia sostenida durante 8 ventana(s) (24h). Variable con mayor aporte: DBP (contribución=0.28, concordancia=0.14 con 1/7 variables disponibles). risk_score=0.591, confidence_score=0.424.",risa-vigia-0.1.0
SIG-PAT-0227-c2d17ce280,PAT-0227,2026-07-23 18:00:00,0.7674,HIGH,0.4242,2026-07-23 00:00:00,2026-07-23 18:00:00,"Riesgo HIGH para PAT-0227: evidencia sostenida durante 6 ventana(s) (18h). Variable con mayor aporte: HR (contribución=0.66, concordancia=0.14 con 1/7 variables disponibles). risk_score=0.767, confidence_score=0.424.",risa-vigia-0.1.0
SIG-PAT-0227-fa94715944,PAT-0227,2026-07-24 12:00:00,0.5727,HIGH,0.4134,2026-07-24 00:00:00,2026-07-24 12:00:00,"Riesgo HIGH para PAT-0227: evidencia sostenida durante 4 ventana(s) (12h). Variable con mayor aporte: HR (contribución=0.39, concordancia=0.14 con 1/7 variables disponibles). risk_score=0.573, confidence_score=0.413.",risa-vigia-0.1.0
SIG-PAT-0227-3e8014ba51,PAT-0227,2026-07-25 21:00:00,0.7008,HIGH,0.4242,2026-07-24 21:00:00,2026-07-25 21:00:00,"Riesgo HIGH para PAT-0227: evidencia sostenida durante 8 ventana(s) (24h). Variable con mayor aporte: DBP (contribución=0.40, concordancia=0.29 con 2/7 variables disponibles). risk_score=0.701, confidence_score=0.424.",risa-vigia-0.1.0
SIG-PAT-0227-f6010e43e9,PAT-0227,2026-07-28 09:00:00,0.5554,HIGH,0.4242,2026-07-28 00:00:00,2026-07-28 09:00:00,"Riesgo HIGH para PAT-0227: evidencia sostenida durante 3 ventana(s) (9h). Variable con mayor aporte: DBP (contribución=0.29, concordancia=0.14 con 1/7 variables disponibles). risk_score=0.555, confidence_score=0.424.",risa-vigia-0.1.0
SIG-PAT-0228-81ffcb9876,PAT-0228,2026-07-08 12:00:00,0.6698,HIGH,0.4242,2026-07-06 21:00:00,2026-07-08 12:00:00,"Riesgo HIGH para PAT-0228: evidencia sostenida durante 13 ventana(s) (39h). Variable con mayor aporte: SBP (contribución=0.45, concordancia=0.14 con 1/7 variables disponibles). risk_score=0.670, confidence_score=0.424.",risa-vigia-0.1.0
SIG-PAT-0228-04ccbdb779,PAT-0228,2026-07-09 15:00:00,0.7411,HIGH,0.4242,2026-07-08 21:00:00,2026-07-09 15:00:00,"Riesgo HIGH para PAT-0228: evidencia sostenida durante 6 ventana(s) (18h). Variable con mayor aporte: SBP (contribución=0.57, concordancia=0.14 con 1/7 variables disponibles). risk_score=0.741, confidence_score=0.424.",risa-vigia-0.1.0
SIG-PAT-0229-a2f9641b9a,PAT-0229,2026-07-13 12:00:00,0.4856,MEDIUM,0.7273,2026-07-12 18:00:00,2026-07-13 12:00:00,"Riesgo MEDIUM para PAT-0229: evidencia sostenida durante 6 ventana(s) (18h). Variable con mayor aporte: HR (contribución=0.30, concordancia=0.12 con 1/8 variables disponibles). risk_score=0.486, confidence_score=0.727.",risa-vigia-0.1.0
SIG-PAT-0229-36c9515b35,PAT-0229,2026-07-18 12:00:00,0.7155,HIGH,0.4242,2026-07-18 00:00:00,2026-07-18 12:00:00,"Riesgo HIGH para PAT-0229: evidencia sostenida durante 4 ventana(s) (12h). Variable con mayor aporte: DBP (contribución=0.55, concordancia=0.14 con 1/7 variables disponibles). risk_score=0.716, confidence_score=0.424.",risa-vigia-0.1.0
SIG-PAT-0229-718ec83cd1,PAT-0229,2026-07-19 18:00:00,0.5908,HIGH,0.4242,2026-07-18 21:00:00,2026-07-19 18:00:00,"Riesgo HIGH para PAT-0229: evidencia sostenida durante 7 ventana(s) (21h). Variable con mayor aporte: DBP (contribución=0.54, concordancia=0.14 con 1/7 variables disponibles). risk_score=0.591, confidence_score=0.424.",risa-vigia-0.1.0
SIG-PAT-0230-9825bc629a,PAT-0230,2026-07-24 12:00:00,0.5142,MEDIUM,0.4242,2026-07-24 00:00:00,2026-07-24 12:00:00,"Riesgo MEDIUM para PAT-0230: evidencia sostenida durante 4 ventana(s) (12h). Variable con mayor aporte: HR (contribución=0.37, concordancia=0.14 con 1/7 variables disponibles). risk_score=0.514, confidence_score=0.424.",risa-vigia-0.1.0
SIG-PAT-0230-5a5d565330,PAT-0230,2026-07-25 21:00:00,0.6194,HIGH,0.4242,2026-07-25 00:00:00,2026-07-25 21:00:00,"Riesgo HIGH para PAT-0230: evidencia sostenida durante 7 ventana(s) (21h). Variable con mayor aporte: SBP (contribución=0.41, concordancia=0.14 con 1/7 variables disponibles). risk_score=0.619, confidence_score=0.424.",risa-vigia-0.1.0
SIG-PAT-0230-3b1a9d5aea,PAT-0230,2026-07-29 09:00:00,0.438,MEDIUM,0.4242,2026-07-28 21:00:00,2026-07-29 09:00:00,"Riesgo MEDIUM para PAT-0230: evidencia sostenida durante 4 ventana(s) (12h). Variable con mayor aporte: HR (contribución=0.27, concordancia=0.14 con 1/7 variables disponibles). risk_score=0.438, confidence_score=0.424.",risa-vigia-0.1.0
SIG-PAT-0231-bb828ae726,PAT-0231,2026-07-16 12:00:00,0.5056,MEDIUM,0.4242,2026-07-16 00:00:00,2026-07-16 12:00:00,"Riesgo MEDIUM para PAT-0231: evidencia sostenida durante 4 ventana(s) (12h). Variable con mayor aporte: HR (contribución=0.27, concordancia=0.14 con 1/7 variables disponibles). risk_score=0.506, confidence_score=0.424.",risa-vigia-0.1.0
SIG-PAT-0231-b1b0aa6430,PAT-0231,2026-07-20 09:00:00,0.4457,MEDIUM,0.4242,2026-07-19 21:00:00,2026-07-20 09:00:00,"Riesgo MEDIUM para PAT-0231: evidencia sostenida durante 4 ventana(s) (12h). Variable con mayor aporte: DBP (contribución=0.34, concordancia=0.14 con 1/7 variables disponibles). risk_score=0.446, confidence_score=0.424.",risa-vigia-0.1.0
SIG-PAT-0232-67a4982c0e,PAT-0232,2026-07-06 12:00:00,0.7233,HIGH,0.4242,2026-07-05 18:00:00,2026-07-06 12:00:00,"Riesgo HIGH para PAT-0232: evidencia sostenida durante 6 ventana(s) (18h). Variable con mayor aporte: HR (contribución=0.52, concordancia=0.29 con 2/7 variables disponibles). risk_score=0.723, confidence_score=0.424.",risa-vigia-0.1.0
SIG-PAT-0232-4ecc3242c9,PAT-0232,2026-07-07 12:00:00,0.5133,MEDIUM,0.4242,2026-07-07 00:00:00,2026-07-07 12:00:00,"Riesgo MEDIUM para PAT-0232: evidencia sostenida durante 4 ventana(s) (12h). Variable con mayor aporte: DBP (contribución=0.28, concordancia=0.14 con 1/7 variables disponibles). risk_score=0.513, confidence_score=0.424.",risa-vigia-0.1.0
SIG-PAT-0232-d74d551639,PAT-0232,2026-07-08 12:00:00,0.9819,CRITICAL,0.4242,2026-07-07 15:00:00,2026-07-08 12:00:00,"Riesgo CRITICAL para PAT-0232: evidencia sostenida durante 7 ventana(s) (21h). Variable con mayor aporte: SpO2 (contribución=0.73, concordancia=0.57 con 4/7 variables disponibles). risk_score=0.982, confidence_score=0.424.",risa-vigia-0.1.0
SIG-PAT-0233-df0b6afafd,PAT-0233,2026-07-29 18:00:00,0.4129,MEDIUM,0.4242,2026-07-28 18:00:00,2026-07-29 18:00:00,"Riesgo MEDIUM para PAT-0233: evidencia sostenida durante 8 ventana(s) (24h). Variable con mayor aporte: SBP (contribución=0.27, concordancia=0.14 con 1/7 variables disponibles). risk_score=0.413, confidence_score=0.424.",risa-vigia-0.1.0
SIG-PAT-0233-bb42f46061,PAT-0233,2026-07-31 09:00:00,0.4942,MEDIUM,0.4242,2026-07-31 00:00:00,2026-07-31 09:00:00,"Riesgo MEDIUM para PAT-0233: evidencia sostenida durante 3 ventana(s) (9h). Variable con mayor aporte: SBP (contribución=0.30, concordancia=0.14 con 1/7 variables disponibles). risk_score=0.494, confidence_score=0.424.",risa-vigia-0.1.0
SIG-PAT-0234-678bb9581d,PAT-0234,2026-07-15 12:00:00,0.8101,CRITICAL,0.4242,2026-07-14 00:00:00,2026-07-15 12:00:00,"Riesgo CRITICAL para PAT-0234: evidencia sostenida durante 12 ventana(s) (36h). Variable con mayor aporte: SBP (contribución=0.57, concordancia=0.29 con 2/7 variables disponibles). risk_score=0.810, confidence_score=0.424.",risa-vigia-0.1.0
SIG-PAT-0234-2075cbf002,PAT-0234,2026-07-16 21:00:00,0.3558,MEDIUM,0.4242,2026-07-16 09:00:00,2026-07-16 21:00:00,"Riesgo MEDIUM para PAT-0234: evidencia sostenida durante 4 ventana(s) (12h). Variable con mayor aporte: RR (contribución=0.14, concordancia=0.00 con 0/7 variables disponibles). risk_score=0.356, confidence_score=0.424.",risa-vigia-0.1.0
SIG-PAT-0235-de3337ec1b,PAT-0235,2026-07-26 18:00:00,0.8114,CRITICAL,0.4242,2026-07-25 06:00:00,2026-07-26 18:00:00,"Riesgo CRITICAL para PAT-0235: evidencia sostenida durante 12 ventana(s) (36h). Variable con mayor aporte: SBP (contribución=0.40, concordancia=0.43 con 3/7 variables disponibles). risk_score=0.811, confidence_score=0.424.",risa-vigia-0.1.0
SIG-PAT-0235-d115645b8a,PAT-0235,2026-07-27 21:00:00,0.5935,HIGH,0.4242,2026-07-26 18:00:00,2026-07-27 21:00:00,"Riesgo HIGH para PAT-0235: evidencia sostenida durante 9 ventana(s) (27h). Variable con mayor aporte: DBP (contribución=0.44, concordancia=0.14 con 1/7 variables disponibles). risk_score=0.594, confidence_score=0.424.",risa-vigia-0.1.0
SIG-PAT-0235-632822def8,PAT-0235,2026-07-29 12:00:00,0.5867,HIGH,0.7273,2026-07-27 21:00:00,2026-07-29 12:00:00,"Riesgo HIGH para PAT-0235: evidencia sostenida durante 13 ventana(s) (39h). Variable con mayor aporte: DBP (contribución=0.41, concordancia=0.12 con 1/8 variables disponibles). risk_score=0.587, confidence_score=0.727.",risa-vigia-0.1.0
SIG-PAT-0236-a2aebe28a0,PAT-0236,2026-07-04 15:00:00,0.6417,HIGH,0.4242,2026-07-03 21:00:00,2026-07-04 15:00:00,"Riesgo HIGH para PAT-0236: evidencia sostenida durante 6 ventana(s) (18h). Variable con mayor aporte: HR (contribución=0.56, concordancia=0.14 con 1/7 variables disponibles). risk_score=0.642, confidence_score=0.424.",risa-vigia-0.1.0
SIG-PAT-0236-9550e26144,PAT-0236,2026-07-06 00:00:00,0.5082,MEDIUM,0.4242,2026-07-05 00:00:00,2026-07-06 00:00:00,"Riesgo MEDIUM para PAT-0236: evidencia sostenida durante 8 ventana(s) (24h). Variable con mayor aporte: DBP (contribución=0.36, concordancia=0.14 con 1/7 variables disponibles). risk_score=0.508, confidence_score=0.424.",risa-vigia-0.1.0
SIG-PAT-0236-54f6fc8624,PAT-0236,2026-07-06 12:00:00,0.4309,MEDIUM,0.4134,2026-07-06 00:00:00,2026-07-06 12:00:00,"Riesgo MEDIUM para PAT-0236: evidencia sostenida durante 4 ventana(s) (12h). Variable con mayor aporte: HR (contribución=0.23, concordancia=0.00 con 0/7 variables disponibles). risk_score=0.431, confidence_score=0.413.",risa-vigia-0.1.0
SIG-PAT-0236-d2eac8d26a,PAT-0236,2026-07-09 21:00:00,0.3447,MEDIUM,0.4242,2026-07-09 03:00:00,2026-07-09 21:00:00,"Riesgo MEDIUM para PAT-0236: evidencia sostenida durante 6 ventana(s) (18h). Variable con mayor aporte: HR (contribución=0.21, concordancia=0.00 con 0/7 variables disponibles). risk_score=0.345, confidence_score=0.424.",risa-vigia-0.1.0
SIG-PAT-0237-1ce83cf00c,PAT-0237,2026-07-23 18:00:00,0.7202,HIGH,0.7987,2026-07-22 15:00:00,2026-07-23 18:00:00,"Riesgo HIGH para PAT-0237: evidencia sostenida durante 9 ventana(s) (27h). Variable con mayor aporte: LAB_D (contribución=0.49, concordancia=0.11 con 1/9 variables disponibles). risk_score=0.720, confidence_score=0.799.",risa-vigia-0.1.0
SIG-PAT-0237-593aaa5240,PAT-0237,2026-07-26 03:00:00,0.5271,MEDIUM,0.4242,2026-07-25 12:00:00,2026-07-26 03:00:00,"Riesgo MEDIUM para PAT-0237: evidencia sostenida durante 5 ventana(s) (15h). Variable con mayor aporte: DBP (contribución=0.47, concordancia=0.14 con 1/7 variables disponibles). risk_score=0.527, confidence_score=0.424.",risa-vigia-0.1.0
SIG-PAT-0238-e560798ec2,PAT-0238,2026-07-19 12:00:00,0.3632,MEDIUM,0.4242,2026-07-19 00:00:00,2026-07-19 12:00:00,"Riesgo MEDIUM para PAT-0238: evidencia sostenida durante 4 ventana(s) (12h). Variable con mayor aporte: WEARABLE_HR (contribución=0.16, concordancia=0.14 con 1/7 variables disponibles). risk_score=0.363, confidence_score=0.424.",risa-vigia-0.1.0
SIG-PAT-0240-d4c18e31aa,PAT-0240,2026-07-10 12:00:00,0.7719,HIGH,0.4242,2026-07-09 21:00:00,2026-07-10 12:00:00,"Riesgo HIGH para PAT-0240: evidencia sostenida durante 5 ventana(s) (15h). Variable con mayor aporte: HR (contribución=0.70, concordancia=0.14 con 1/7 variables disponibles). risk_score=0.772, confidence_score=0.424.",risa-vigia-0.1.0
SIG-PAT-0240-734f2131fa,PAT-0240,2026-07-13 12:00:00,0.62,HIGH,0.4242,2026-07-12 21:00:00,2026-07-13 12:00:00,"Riesgo HIGH para PAT-0240: evidencia sostenida durante 5 ventana(s) (15h). Variable con mayor aporte: DBP (contribución=0.28, concordancia=0.29 con 2/7 variables disponibles). risk_score=0.620, confidence_score=0.424.",risa-vigia-0.1.0
SIG-PAT-0240-f3dbe89774,PAT-0240,2026-07-14 12:00:00,0.5543,HIGH,0.4019,2026-07-14 00:00:00,2026-07-14 12:00:00,"Riesgo HIGH para PAT-0240: evidencia sostenida durante 4 ventana(s) (12h). Variable con mayor aporte: DBP (contribución=0.43, concordancia=0.14 con 1/7 variables disponibles). risk_score=0.554, confidence_score=0.402.",risa-vigia-0.1.0
SIG-PAT-0240-9925562c2c,PAT-0240,2026-07-16 00:00:00,0.455,MEDIUM,0.4242,2026-07-15 00:00:00,2026-07-16 00:00:00,"Riesgo MEDIUM para PAT-0240: evidencia sostenida durante 8 ventana(s) (24h). Variable con mayor aporte: HR (contribución=0.24, concordancia=0.00 con 0/7 variables disponibles). risk_score=0.455, confidence_score=0.424.",risa-vigia-0.1.0
SIG-PAT-0241-92f5be7775,PAT-0241,2026-07-14 00:00:00,0.7584,HIGH,0.4242,2026-07-13 03:00:00,2026-07-14 00:00:00,"Riesgo HIGH para PAT-0241: evidencia sostenida durante 7 ventana(s) (21h). Variable con mayor aporte: DBP (contribución=0.64, concordancia=0.14 con 1/7 variables disponibles). risk_score=0.758, confidence_score=0.424.",risa-vigia-0.1.0
SIG-PAT-0241-7fcc9cb2d7,PAT-0241,2026-07-15 15:00:00,0.6613,HIGH,0.4242,2026-07-14 00:00:00,2026-07-15 15:00:00,"Riesgo HIGH para PAT-0241: evidencia sostenida durante 13 ventana(s) (39h). Variable con mayor aporte: SBP (contribución=0.54, concordancia=0.14 con 1/7 variables disponibles). risk_score=0.661, confidence_score=0.424.",risa-vigia-0.1.0
SIG-PAT-0242-b8e278ad05,PAT-0242,2026-07-08 21:00:00,0.655,HIGH,0.4242,2026-07-07 21:00:00,2026-07-08 21:00:00,"Riesgo HIGH para PAT-0242: evidencia sostenida durante 8 ventana(s) (24h). Variable con mayor aporte: HR (contribución=0.57, concordancia=0.14 con 1/7 variables disponibles). risk_score=0.655, confidence_score=0.424.",risa-vigia-0.1.0
SIG-PAT-0242-7ed15d82e5,PAT-0242,2026-07-09 12:00:00,0.4017,MEDIUM,0.4242,2026-07-08 21:00:00,2026-07-09 12:00:00,"Riesgo MEDIUM para PAT-0242: evidencia sostenida durante 5 ventana(s) (15h). Variable con mayor aporte: HR (contribución=0.26, concordancia=0.14 con 1/7 variables disponibles). risk_score=0.402, confidence_score=0.424.",risa-vigia-0.1.0
SIG-PAT-0242-b872958d8d,PAT-0242,2026-07-10 09:00:00,0.9872,CRITICAL,0.4242,2026-07-09 15:00:00,2026-07-10 09:00:00,"Riesgo CRITICAL para PAT-0242: evidencia sostenida durante 6 ventana(s) (18h). Variable con mayor aporte: SpO2 (contribución=0.74, concordancia=0.57 con 4/7 variables disponibles). risk_score=0.987, confidence_score=0.424.",risa-vigia-0.1.0
SIG-PAT-0242-dc90363a25,PAT-0242,2026-07-12 12:00:00,0.4898,MEDIUM,0.4242,2026-07-12 00:00:00,2026-07-12 12:00:00,"Riesgo MEDIUM para PAT-0242: evidencia sostenida durante 4 ventana(s) (12h). Variable con mayor aporte: SBP (contribución=0.29, concordancia=0.14 con 1/7 variables disponibles). risk_score=0.490, confidence_score=0.424.",risa-vigia-0.1.0
SIG-PAT-0242-2f2b98d9c1,PAT-0242,2026-07-19 03:00:00,0.4561,MEDIUM,0.4242,2026-07-18 03:00:00,2026-07-19 03:00:00,"Riesgo MEDIUM para PAT-0242: evidencia sostenida durante 8 ventana(s) (24h). Variable con mayor aporte: SBP (contribución=0.28, concordancia=0.14 con 1/7 variables disponibles). risk_score=0.456, confidence_score=0.424.",risa-vigia-0.1.0
SIG-PAT-0243-6ef6bbbbf4,PAT-0243,2026-07-04 12:00:00,0.5414,MEDIUM,0.4134,2026-07-04 00:00:00,2026-07-04 12:00:00,"Riesgo MEDIUM para PAT-0243: evidencia sostenida durante 4 ventana(s) (12h). Variable con mayor aporte: HR (contribución=0.30, concordancia=0.14 con 1/7 variables disponibles). risk_score=0.541, confidence_score=0.413.",risa-vigia-0.1.0
SIG-PAT-0243-f44e2579b5,PAT-0243,2026-07-06 09:00:00,0.5287,MEDIUM,0.4242,2026-07-04 21:00:00,2026-07-06 09:00:00,"Riesgo MEDIUM para PAT-0243: evidencia sostenida durante 12 ventana(s) (36h). Variable con mayor aporte: HR (contribución=0.23, concordancia=0.00 con 0/7 variables disponibles). risk_score=0.529, confidence_score=0.424.",risa-vigia-0.1.0
SIG-PAT-0244-e33761d75d,PAT-0244,2026-07-23 12:00:00,0.5967,HIGH,0.4242,2026-07-23 00:00:00,2026-07-23 12:00:00,"Riesgo HIGH para PAT-0244: evidencia sostenida durante 4 ventana(s) (12h). Variable con mayor aporte: HR (contribución=0.47, concordancia=0.14 con 1/7 variables disponibles). risk_score=0.597, confidence_score=0.424.",risa-vigia-0.1.0
SIG-PAT-0244-b617affc7d,PAT-0244,2026-07-24 12:00:00,0.4932,MEDIUM,0.7273,2026-07-24 00:00:00,2026-07-24 12:00:00,"Riesgo MEDIUM para PAT-0244: evidencia sostenida durante 4 ventana(s) (12h). Variable con mayor aporte: HR (contribución=0.25, concordancia=0.00 con 0/8 variables disponibles). risk_score=0.493, confidence_score=0.727.",risa-vigia-0.1.0
SIG-PAT-0244-1177acadf2,PAT-0244,2026-07-25 15:00:00,0.6118,HIGH,0.4242,2026-07-25 00:00:00,2026-07-25 15:00:00,"Riesgo HIGH para PAT-0244: evidencia sostenida durante 5 ventana(s) (15h). Variable con mayor aporte: SBP (contribución=0.39, concordancia=0.14 con 1/7 variables disponibles). risk_score=0.612, confidence_score=0.424.",risa-vigia-0.1.0
SIG-PAT-0244-e2a9ea2b36,PAT-0244,2026-07-26 15:00:00,0.6303,HIGH,0.4242,2026-07-26 00:00:00,2026-07-26 15:00:00,"Riesgo HIGH para PAT-0244: evidencia sostenida durante 5 ventana(s) (15h). Variable con mayor aporte: SBP (contribución=0.29, concordancia=0.29 con 2/7 variables disponibles). risk_score=0.630, confidence_score=0.424.",risa-vigia-0.1.0
SIG-PAT-0244-279ac7bedc,PAT-0244,2026-07-28 09:00:00,0.6088,HIGH,0.4242,2026-07-26 15:00:00,2026-07-28 09:00:00,"Riesgo HIGH para PAT-0244: evidencia sostenida durante 14 ventana(s) (42h). Variable con mayor aporte: HR (contribución=0.28, concordancia=0.14 con 1/7 variables disponibles). risk_score=0.609, confidence_score=0.424.",risa-vigia-0.1.0
SIG-PAT-0245-0adc6428ea,PAT-0245,2026-07-11 12:00:00,0.6035,HIGH,0.4242,2026-07-10 21:00:00,2026-07-11 12:00:00,"Riesgo HIGH para PAT-0245: evidencia sostenida durante 5 ventana(s) (15h). Variable con mayor aporte: HR (contribución=0.39, concordancia=0.14 con 1/7 variables disponibles). risk_score=0.603, confidence_score=0.424.",risa-vigia-0.1.0
SIG-PAT-0245-f378577355,PAT-0245,2026-07-12 03:00:00,0.9938,CRITICAL,0.4242,2026-07-11 12:00:00,2026-07-12 03:00:00,"Riesgo CRITICAL para PAT-0245: evidencia sostenida durante 5 ventana(s) (15h). Variable con mayor aporte: SpO2 (contribución=0.80, concordancia=0.57 con 4/7 variables disponibles). risk_score=0.994, confidence_score=0.424.",risa-vigia-0.1.0
SIG-PAT-0245-0833966336,PAT-0245,2026-07-13 21:00:00,0.5883,HIGH,0.4242,2026-07-13 09:00:00,2026-07-13 21:00:00,"Riesgo HIGH para PAT-0245: evidencia sostenida durante 4 ventana(s) (12h). Variable con mayor aporte: DBP (contribución=0.52, concordancia=0.14 con 1/7 variables disponibles). risk_score=0.588, confidence_score=0.424.",risa-vigia-0.1.0
SIG-PAT-0246-7839e04c6f,PAT-0246,2026-07-03 18:00:00,0.5557,HIGH,0.4242,2026-07-01 12:00:00,2026-07-03 18:00:00,"Riesgo HIGH para PAT-0246: evidencia sostenida durante 18 ventana(s) (54h). Variable con mayor aporte: SBP (contribución=0.30, concordancia=0.14 con 1/7 variables disponibles). risk_score=0.556, confidence_score=0.424.",risa-vigia-0.1.0
SIG-PAT-0247-bfda8be277,PAT-0247,2026-07-20 15:00:00,0.8391,CRITICAL,0.4242,2026-07-20 00:00:00,2026-07-20 15:00:00,"Riesgo CRITICAL para PAT-0247: evidencia sostenida durante 5 ventana(s) (15h). Variable con mayor aporte: SBP (contribución=0.71, concordancia=0.14 con 1/7 variables disponibles). risk_score=0.839, confidence_score=0.424.",risa-vigia-0.1.0
SIG-PAT-0247-8faf2226d0,PAT-0247,2026-07-21 12:00:00,0.5255,MEDIUM,0.4242,2026-07-20 21:00:00,2026-07-21 12:00:00,"Riesgo MEDIUM para PAT-0247: evidencia sostenida durante 5 ventana(s) (15h). Variable con mayor aporte: HR (contribución=0.30, concordancia=0.14 con 1/7 variables disponibles). risk_score=0.526, confidence_score=0.424.",risa-vigia-0.1.0
SIG-PAT-0247-d36511c61e,PAT-0247,2026-07-23 12:00:00,0.3146,MEDIUM,0.4242,2026-07-23 00:00:00,2026-07-23 12:00:00,"Riesgo MEDIUM para PAT-0247: evidencia sostenida durante 4 ventana(s) (12h). Variable con mayor aporte: HR (contribución=0.19, concordancia=0.00 con 0/7 variables disponibles). risk_score=0.315, confidence_score=0.424.",risa-vigia-0.1.0
SIG-PAT-0247-b0652e41ab,PAT-0247,2026-07-26 09:00:00,0.5646,HIGH,0.4242,2026-07-26 00:00:00,2026-07-26 09:00:00,"Riesgo HIGH para PAT-0247: evidencia sostenida durante 3 ventana(s) (9h). Variable con mayor aporte: DBP (contribución=0.51, concordancia=0.14 con 1/7 variables disponibles). risk_score=0.565, confidence_score=0.424.",risa-vigia-0.1.0
SIG-PAT-0248-58e19a9633,PAT-0248,2026-07-07 21:00:00,0.9883,CRITICAL,0.4242,2026-07-07 00:00:00,2026-07-07 21:00:00,"Riesgo CRITICAL para PAT-0248: evidencia sostenida durante 7 ventana(s) (21h). Variable con mayor aporte: SpO2 (contribución=0.81, concordancia=0.57 con 4/7 variables disponibles). risk_score=0.988, confidence_score=0.424.",risa-vigia-0.1.0
SIG-PAT-0248-c5bc2c4f77,PAT-0248,2026-07-09 12:00:00,0.6609,HIGH,0.4242,2026-07-08 21:00:00,2026-07-09 12:00:00,"Riesgo HIGH para PAT-0248: evidencia sostenida durante 5 ventana(s) (15h). Variable con mayor aporte: DBP (contribución=0.55, concordancia=0.14 con 1/7 variables disponibles). risk_score=0.661, confidence_score=0.424.",risa-vigia-0.1.0
SIG-PAT-0248-414c38fc9b,PAT-0248,2026-07-11 21:00:00,0.5864,HIGH,0.9091,2026-07-10 09:00:00,2026-07-11 21:00:00,"Riesgo HIGH para PAT-0248: evidencia sostenida durante 12 ventana(s) (36h). Variable con mayor aporte: LAB_B (contribución=0.41, concordancia=0.10 con 1/10 variables disponibles). risk_score=0.586, confidence_score=0.909.",risa-vigia-0.1.0
SIG-PAT-0249-bf8040432e,PAT-0249,2026-07-09 15:00:00,0.4256,MEDIUM,0.4242,2026-07-09 00:00:00,2026-07-09 15:00:00,"Riesgo MEDIUM para PAT-0249: evidencia sostenida durante 5 ventana(s) (15h). Variable con mayor aporte: SBP (contribución=0.12, concordancia=0.00 con 0/7 variables disponibles). risk_score=0.426, confidence_score=0.424.",risa-vigia-0.1.0
SIG-PAT-0249-1b1a084da8,PAT-0249,2026-07-10 09:00:00,0.548,MEDIUM,0.4136,2026-07-09 21:00:00,2026-07-10 09:00:00,"Riesgo MEDIUM para PAT-0249: evidencia sostenida durante 4 ventana(s) (12h). Variable con mayor aporte: DBP (contribución=0.33, concordancia=0.14 con 1/7 variables disponibles). risk_score=0.548, confidence_score=0.414.",risa-vigia-0.1.0
SIG-PAT-0249-29e9f0b39e,PAT-0249,2026-07-14 21:00:00,0.8201,CRITICAL,0.4242,2026-07-13 21:00:00,2026-07-14 21:00:00,"Riesgo CRITICAL para PAT-0249: evidencia sostenida durante 8 ventana(s) (24h). Variable con mayor aporte: DBP (contribución=0.47, concordancia=0.29 con 2/7 variables disponibles). risk_score=0.820, confidence_score=0.424.",risa-vigia-0.1.0
SIG-PAT-0249-fca1a93c12,PAT-0249,2026-07-21 12:00:00,0.5872,HIGH,0.4242,2026-07-17 06:00:00,2026-07-21 12:00:00,"Riesgo HIGH para PAT-0249: evidencia sostenida durante 34 ventana(s) (102h). Variable con mayor aporte: DBP (contribución=0.34, concordancia=0.14 con 1/7 variables disponibles). risk_score=0.587, confidence_score=0.424.",risa-vigia-0.1.0
SIG-PAT-0249-7c37deea2b,PAT-0249,2026-07-23 03:00:00,0.9402,CRITICAL,0.4242,2026-07-22 15:00:00,2026-07-23 03:00:00,"Riesgo CRITICAL para PAT-0249: evidencia sostenida durante 4 ventana(s) (12h). Variable con mayor aporte: SpO2 (contribución=0.63, concordancia=0.57 con 4/7 variables disponibles). risk_score=0.940, confidence_score=0.424.",risa-vigia-0.1.0
SIG-PAT-0250-b4f9cb6b52,PAT-0250,2026-07-29 15:00:00,0.4274,MEDIUM,0.4242,2026-07-28 21:00:00,2026-07-29 15:00:00,"Riesgo MEDIUM para PAT-0250: evidencia sostenida durante 6 ventana(s) (18h). Variable con mayor aporte: SBP (contribución=0.29, concordancia=0.14 con 1/7 variables disponibles). risk_score=0.427, confidence_score=0.424.",risa-vigia-0.1.0
SIG-PAT-0251-8aae594179,PAT-0251,2026-07-16 15:00:00,0.3757,MEDIUM,0.6364,2026-07-15 18:00:00,2026-07-16 15:00:00,"Riesgo MEDIUM para PAT-0251: evidencia sostenida durante 7 ventana(s) (21h). Variable con mayor aporte: RR (contribución=0.10, concordancia=0.00 con 0/7 variables disponibles). risk_score=0.376, confidence_score=0.636.",risa-vigia-0.1.0
SIG-PAT-0252-be74c3c97a,PAT-0252,2026-07-24 18:00:00,0.5399,MEDIUM,0.4242,2026-07-23 21:00:00,2026-07-24 18:00:00,"Riesgo MEDIUM para PAT-0252: evidencia sostenida durante 7 ventana(s) (21h). Variable con mayor aporte: HR (contribución=0.34, concordancia=0.14 con 1/7 variables disponibles). risk_score=0.540, confidence_score=0.424.",risa-vigia-0.1.0
SIG-PAT-0252-5e7883026c,PAT-0252,2026-07-25 12:00:00,0.3586,MEDIUM,0.8182,2026-07-24 21:00:00,2026-07-25 12:00:00,"Riesgo MEDIUM para PAT-0252: evidencia sostenida durante 5 ventana(s) (15h). Variable con mayor aporte: LAB_D (contribución=0.23, concordancia=0.11 con 1/9 variables disponibles). risk_score=0.359, confidence_score=0.818.",risa-vigia-0.1.0
SIG-PAT-0252-127b9242e8,PAT-0252,2026-07-26 18:00:00,0.3434,MEDIUM,0.4242,2026-07-26 00:00:00,2026-07-26 18:00:00,"Riesgo MEDIUM para PAT-0252: evidencia sostenida durante 6 ventana(s) (18h). Variable con mayor aporte: RR (contribución=0.13, concordancia=0.00 con 0/7 variables disponibles). risk_score=0.343, confidence_score=0.424.",risa-vigia-0.1.0
SIG-PAT-0253-ebb3d3cf3d,PAT-0253,2026-07-18 12:00:00,0.6467,HIGH,0.4242,2026-07-17 06:00:00,2026-07-18 12:00:00,"Riesgo HIGH para PAT-0253: evidencia sostenida durante 10 ventana(s) (30h). Variable con mayor aporte: DBP (contribución=0.31, concordancia=0.29 con 2/7 variables disponibles). risk_score=0.647, confidence_score=0.424.",risa-vigia-0.1.0
SIG-PAT-0253-ff76bfc789,PAT-0253,2026-07-21 18:00:00,0.4473,MEDIUM,0.7273,2026-07-21 00:00:00,2026-07-21 18:00:00,"Riesgo MEDIUM para PAT-0253: evidencia sostenida durante 6 ventana(s) (18h). Variable con mayor aporte: LAB_C (contribución=0.25, concordancia=0.12 con 1/8 variables disponibles). risk_score=0.447, confidence_score=0.727.",risa-vigia-0.1.0
SIG-PAT-0253-9220d40986,PAT-0253,2026-07-22 09:00:00,0.4661,MEDIUM,0.4242,2026-07-22 00:00:00,2026-07-22 09:00:00,"Riesgo MEDIUM para PAT-0253: evidencia sostenida durante 3 ventana(s) (9h). Variable con mayor aporte: HR (contribución=0.26, concordancia=0.14 con 1/7 variables disponibles). risk_score=0.466, confidence_score=0.424.",risa-vigia-0.1.0
SIG-PAT-0254-36715ec904,PAT-0254,2026-07-22 12:00:00,0.4622,MEDIUM,0.4242,2026-07-21 21:00:00,2026-07-22 12:00:00,"Riesgo MEDIUM para PAT-0254: evidencia sostenida durante 5 ventana(s) (15h). Variable con mayor aporte: HR (contribución=0.28, concordancia=0.14 con 1/7 variables disponibles). risk_score=0.462, confidence_score=0.424.",risa-vigia-0.1.0
SIG-PAT-0254-ca78cfafe9,PAT-0254,2026-07-24 12:00:00,0.4619,MEDIUM,0.4242,2026-07-24 00:00:00,2026-07-24 12:00:00,"Riesgo MEDIUM para PAT-0254: evidencia sostenida durante 4 ventana(s) (12h). Variable con mayor aporte: HR (contribución=0.29, concordancia=0.14 con 1/7 variables disponibles). risk_score=0.462, confidence_score=0.424.",risa-vigia-0.1.0
SIG-PAT-0254-2b97e5b951,PAT-0254,2026-07-25 18:00:00,0.3428,MEDIUM,0.4242,2026-07-25 00:00:00,2026-07-25 18:00:00,"Riesgo MEDIUM para PAT-0254: evidencia sostenida durante 6 ventana(s) (18h). Variable con mayor aporte: RR (contribución=0.18, concordancia=0.00 con 0/7 variables disponibles). risk_score=0.343, confidence_score=0.424.",risa-vigia-0.1.0
SIG-PAT-0255-d6068559df,PAT-0255,2026-07-09 12:00:00,0.4327,MEDIUM,0.4242,2026-07-08 09:00:00,2026-07-09 12:00:00,"Riesgo MEDIUM para PAT-0255: evidencia sostenida durante 9 ventana(s) (27h). Variable con mayor aporte: SBP (contribución=0.35, concordancia=0.14 con 1/7 variables disponibles). risk_score=0.433, confidence_score=0.424.",risa-vigia-0.1.0
SIG-PAT-0255-da97df57eb,PAT-0255,2026-07-21 18:00:00,0.4262,MEDIUM,0.4242,2026-07-21 03:00:00,2026-07-21 18:00:00,"Riesgo MEDIUM para PAT-0255: evidencia sostenida durante 5 ventana(s) (15h). Variable con mayor aporte: RR (contribución=0.18, concordancia=0.00 con 0/7 variables disponibles). risk_score=0.426, confidence_score=0.424.",risa-vigia-0.1.0
SIG-PAT-0255-cc16c91f0f,PAT-0255,2026-07-22 15:00:00,0.5038,MEDIUM,0.4242,2026-07-21 21:00:00,2026-07-22 15:00:00,"Riesgo MEDIUM para PAT-0255: evidencia sostenida durante 6 ventana(s) (18h). Variable con mayor aporte: DBP (contribución=0.40, concordancia=0.14 con 1/7 variables disponibles). risk_score=0.504, confidence_score=0.424.",risa-vigia-0.1.0
SIG-PAT-0256-b285759f5d,PAT-0256,2026-07-26 21:00:00,0.7631,HIGH,0.7273,2026-07-26 00:00:00,2026-07-26 21:00:00,"Riesgo HIGH para PAT-0256: evidencia sostenida durante 7 ventana(s) (21h). Variable con mayor aporte: LAB_B (contribución=0.70, concordancia=0.12 con 1/8 variables disponibles). risk_score=0.763, confidence_score=0.727.",risa-vigia-0.1.0
SIG-PAT-0256-b746cb1a44,PAT-0256,2026-07-27 18:00:00,0.4622,MEDIUM,0.7273,2026-07-27 03:00:00,2026-07-27 18:00:00,"Riesgo MEDIUM para PAT-0256: evidencia sostenida durante 5 ventana(s) (15h). Variable con mayor aporte: LAB_B (contribución=0.37, concordancia=0.12 con 1/8 variables disponibles). risk_score=0.462, confidence_score=0.727.",risa-vigia-0.1.0
SIG-PAT-0257-9d73d53c0d,PAT-0257,2026-07-28 15:00:00,0.8521,CRITICAL,0.4242,2026-07-26 12:00:00,2026-07-28 15:00:00,"Riesgo CRITICAL para PAT-0257: evidencia sostenida durante 17 ventana(s) (51h). Variable con mayor aporte: SBP (contribución=0.44, concordancia=0.43 con 3/7 variables disponibles). risk_score=0.852, confidence_score=0.424.",risa-vigia-0.1.0
SIG-PAT-0257-c24ae1b9fd,PAT-0257,2026-07-29 12:00:00,0.5874,HIGH,0.4242,2026-07-29 00:00:00,2026-07-29 12:00:00,"Riesgo HIGH para PAT-0257: evidencia sostenida durante 4 ventana(s) (12h). Variable con mayor aporte: DBP (contribución=0.36, concordancia=0.14 con 1/7 variables disponibles). risk_score=0.587, confidence_score=0.424.",risa-vigia-0.1.0
SIG-PAT-0258-82d9d5613f,PAT-0258,2026-07-09 12:00:00,0.4815,MEDIUM,0.4242,2026-07-09 00:00:00,2026-07-09 12:00:00,"Riesgo MEDIUM para PAT-0258: evidencia sostenida durante 4 ventana(s) (12h). Variable con mayor aporte: HR (contribución=0.31, concordancia=0.14 con 1/7 variables disponibles). risk_score=0.481, confidence_score=0.424.",risa-vigia-0.1.0
SIG-PAT-0258-2de69e2f6c,PAT-0258,2026-07-12 15:00:00,0.7075,HIGH,0.4242,2026-07-10 12:00:00,2026-07-12 15:00:00,"Riesgo HIGH para PAT-0258: evidencia sostenida durante 17 ventana(s) (51h). Variable con mayor aporte: HR (contribución=0.65, concordancia=0.14 con 1/7 variables disponibles). risk_score=0.707, confidence_score=0.424.",risa-vigia-0.1.0
SIG-PAT-0259-5b9099f9f5,PAT-0259,2026-07-18 12:00:00,0.4252,MEDIUM,0.4242,2026-07-18 00:00:00,2026-07-18 12:00:00,"Riesgo MEDIUM para PAT-0259: evidencia sostenida durante 4 ventana(s) (12h). Variable con mayor aporte: SBP (contribución=0.31, concordancia=0.14 con 1/7 variables disponibles). risk_score=0.425, confidence_score=0.424.",risa-vigia-0.1.0
SIG-PAT-0259-c509f32b0d,PAT-0259,2026-07-19 03:00:00,0.5227,MEDIUM,0.4242,2026-07-18 15:00:00,2026-07-19 03:00:00,"Riesgo MEDIUM para PAT-0259: evidencia sostenida durante 4 ventana(s) (12h). Variable con mayor aporte: SBP (contribución=0.46, concordancia=0.14 con 1/7 variables disponibles). risk_score=0.523, confidence_score=0.424.",risa-vigia-0.1.0
SIG-PAT-0260-b9d0e10db7,PAT-0260,2026-07-14 18:00:00,0.4364,MEDIUM,0.4242,2026-07-14 00:00:00,2026-07-14 18:00:00,"Riesgo MEDIUM para PAT-0260: evidencia sostenida durante 6 ventana(s) (18h). Variable con mayor aporte: RR (contribución=0.25, concordancia=0.00 con 0/7 variables disponibles). risk_score=0.436, confidence_score=0.424.",risa-vigia-0.1.0
SIG-PAT-0260-df7d5fa228,PAT-0260,2026-07-17 12:00:00,0.6314,HIGH,0.4242,2026-07-17 00:00:00,2026-07-17 12:00:00,"Riesgo HIGH para PAT-0260: evidencia sostenida durante 4 ventana(s) (12h). Variable con mayor aporte: HR (contribución=0.30, concordancia=0.29 con 2/7 variables disponibles). risk_score=0.631, confidence_score=0.424.",risa-vigia-0.1.0
SIG-PAT-0260-79df7cc4fc,PAT-0260,2026-07-18 18:00:00,0.5079,MEDIUM,0.4242,2026-07-18 03:00:00,2026-07-18 18:00:00,"Riesgo MEDIUM para PAT-0260: evidencia sostenida durante 5 ventana(s) (15h). Variable con mayor aporte: RR (contribución=0.28, concordancia=0.14 con 1/7 variables disponibles). risk_score=0.508, confidence_score=0.424.",risa-vigia-0.1.0
SIG-PAT-0262-a7ffcc4a8a,PAT-0262,2026-07-21 18:00:00,0.5202,MEDIUM,0.4131,2026-07-20 21:00:00,2026-07-21 18:00:00,"Riesgo MEDIUM para PAT-0262: evidencia sostenida durante 7 ventana(s) (21h). Variable con mayor aporte: SBP (contribución=0.35, concordancia=0.14 con 1/7 variables disponibles). risk_score=0.520, confidence_score=0.413.",risa-vigia-0.1.0
SIG-PAT-0262-c526a26482,PAT-0262,2026-07-22 15:00:00,0.3535,MEDIUM,0.4242,2026-07-22 03:00:00,2026-07-22 15:00:00,"Riesgo MEDIUM para PAT-0262: evidencia sostenida durante 4 ventana(s) (12h). Variable con mayor aporte: TEMP (contribución=0.21, concordancia=0.00 con 0/7 variables disponibles). risk_score=0.354, confidence_score=0.424.",risa-vigia-0.1.0
SIG-PAT-0263-ab7c6710ec,PAT-0263,2026-07-09 18:00:00,0.5798,HIGH,0.4242,2026-07-08 21:00:00,2026-07-09 18:00:00,"Riesgo HIGH para PAT-0263: evidencia sostenida durante 7 ventana(s) (21h). Variable con mayor aporte: HR (contribución=0.33, concordancia=0.14 con 1/7 variables disponibles). risk_score=0.580, confidence_score=0.424.",risa-vigia-0.1.0
SIG-PAT-0263-ba6b5d1d9f,PAT-0263,2026-07-10 12:00:00,0.5309,MEDIUM,0.4242,2026-07-10 00:00:00,2026-07-10 12:00:00,"Riesgo MEDIUM para PAT-0263: evidencia sostenida durante 4 ventana(s) (12h). Variable con mayor aporte: HR (contribución=0.40, concordancia=0.14 con 1/7 variables disponibles). risk_score=0.531, confidence_score=0.424.",risa-vigia-0.1.0
SIG-PAT-0263-fc249a55f8,PAT-0263,2026-07-11 12:00:00,0.8413,CRITICAL,0.4242,2026-07-10 15:00:00,2026-07-11 12:00:00,"Riesgo CRITICAL para PAT-0263: evidencia sostenida durante 7 ventana(s) (21h). Variable con mayor aporte: DBP (contribución=0.52, concordancia=0.29 con 2/7 variables disponibles). risk_score=0.841, confidence_score=0.424.",risa-vigia-0.1.0
SIG-PAT-0263-028f944718,PAT-0263,2026-07-18 15:00:00,0.8254,CRITICAL,0.4128,2026-07-18 03:00:00,2026-07-18 15:00:00,"Riesgo CRITICAL para PAT-0263: evidencia sostenida durante 4 ventana(s) (12h). Variable con mayor aporte: DBP (contribución=0.79, concordancia=0.14 con 1/7 variables disponibles). risk_score=0.825, confidence_score=0.413.",risa-vigia-0.1.0
SIG-PAT-0263-036fef267e,PAT-0263,2026-07-19 12:00:00,0.3474,MEDIUM,0.4242,2026-07-19 00:00:00,2026-07-19 12:00:00,"Riesgo MEDIUM para PAT-0263: evidencia sostenida durante 4 ventana(s) (12h). Variable con mayor aporte: HR (contribución=0.20, concordancia=0.00 con 0/7 variables disponibles). risk_score=0.347, confidence_score=0.424.",risa-vigia-0.1.0
SIG-PAT-0264-8cb0b1f10a,PAT-0264,2026-07-13 21:00:00,0.5672,HIGH,0.4242,2026-07-13 06:00:00,2026-07-13 21:00:00,"Riesgo HIGH para PAT-0264: evidencia sostenida durante 5 ventana(s) (15h). Variable con mayor aporte: RR (contribución=0.19, concordancia=0.00 con 0/7 variables disponibles). risk_score=0.567, confidence_score=0.424.",risa-vigia-0.1.0
SIG-PAT-0264-1f569e5580,PAT-0264,2026-07-15 12:00:00,0.736,HIGH,0.8182,2026-07-14 21:00:00,2026-07-15 12:00:00,"Riesgo HIGH para PAT-0264: evidencia sostenida durante 5 ventana(s) (15h). Variable con mayor aporte: DBP (contribución=0.34, concordancia=0.33 con 3/9 variables disponibles). risk_score=0.736, confidence_score=0.818.",risa-vigia-0.1.0
SIG-PAT-0264-dd1d9612ed,PAT-0264,2026-07-19 12:00:00,0.4743,MEDIUM,0.4242,2026-07-19 00:00:00,2026-07-19 12:00:00,"Riesgo MEDIUM para PAT-0264: evidencia sostenida durante 4 ventana(s) (12h). Variable con mayor aporte: HR (contribución=0.23, concordancia=0.00 con 0/7 variables disponibles). risk_score=0.474, confidence_score=0.424.",risa-vigia-0.1.0
SIG-PAT-0264-ba97ff96e5,PAT-0264,2026-07-22 21:00:00,0.4674,MEDIUM,0.4242,2026-07-22 00:00:00,2026-07-22 21:00:00,"Riesgo MEDIUM para PAT-0264: evidencia sostenida durante 7 ventana(s) (21h). Variable con mayor aporte: DBP (contribución=0.28, concordancia=0.14 con 1/7 variables disponibles). risk_score=0.467, confidence_score=0.424.",risa-vigia-0.1.0
SIG-PAT-0264-5f0eae009b,PAT-0264,2026-07-24 18:00:00,0.6203,HIGH,0.4242,2026-07-23 21:00:00,2026-07-24 18:00:00,"Riesgo HIGH para PAT-0264: evidencia sostenida durante 7 ventana(s) (21h). Variable con mayor aporte: DBP (contribución=0.31, concordancia=0.14 con 1/7 variables disponibles). risk_score=0.620, confidence_score=0.424.",risa-vigia-0.1.0
SIG-PAT-0265-3c3f270ff4,PAT-0265,2026-07-08 09:00:00,0.4323,MEDIUM,0.4242,2026-07-07 15:00:00,2026-07-08 09:00:00,"Riesgo MEDIUM para PAT-0265: evidencia sostenida durante 6 ventana(s) (18h). Variable con mayor aporte: HR (contribución=0.25, concordancia=0.00 con 0/7 variables disponibles). risk_score=0.432, confidence_score=0.424.",risa-vigia-0.1.0
SIG-PAT-0265-a77398064c,PAT-0265,2026-07-10 15:00:00,0.9922,CRITICAL,0.4242,2026-07-09 15:00:00,2026-07-10 15:00:00,"Riesgo CRITICAL para PAT-0265: evidencia sostenida durante 8 ventana(s) (24h). Variable con mayor aporte: SpO2 (contribución=0.81, concordancia=0.57 con 4/7 variables disponibles). risk_score=0.992, confidence_score=0.424.",risa-vigia-0.1.0
SIG-PAT-0265-dd99af2c85,PAT-0265,2026-07-15 18:00:00,0.4637,MEDIUM,0.4242,2026-07-14 18:00:00,2026-07-15 18:00:00,"Riesgo MEDIUM para PAT-0265: evidencia sostenida durante 8 ventana(s) (24h). Variable con mayor aporte: SBP (contribución=0.34, concordancia=0.14 con 1/7 variables disponibles). risk_score=0.464, confidence_score=0.424.",risa-vigia-0.1.0
SIG-PAT-0266-98031294f7,PAT-0266,2026-07-17 18:00:00,0.5634,HIGH,0.4242,2026-07-16 21:00:00,2026-07-17 18:00:00,"Riesgo HIGH para PAT-0266: evidencia sostenida durante 7 ventana(s) (21h). Variable con mayor aporte: SBP (contribución=0.49, concordancia=0.14 con 1/7 variables disponibles). risk_score=0.563, confidence_score=0.424.",risa-vigia-0.1.0
SIG-PAT-0266-8bbb15e3f2,PAT-0266,2026-07-18 12:00:00,0.5463,MEDIUM,0.7273,2026-07-18 00:00:00,2026-07-18 12:00:00,"Riesgo MEDIUM para PAT-0266: evidencia sostenida durante 4 ventana(s) (12h). Variable con mayor aporte: LAB_D (contribución=0.41, concordancia=0.12 con 1/8 variables disponibles). risk_score=0.546, confidence_score=0.727.",risa-vigia-0.1.0
SIG-PAT-0266-aa90d05004,PAT-0266,2026-07-19 03:00:00,0.5158,MEDIUM,0.4242,2026-07-18 15:00:00,2026-07-19 03:00:00,"Riesgo MEDIUM para PAT-0266: evidencia sostenida durante 4 ventana(s) (12h). Variable con mayor aporte: RR (contribución=0.26, concordancia=0.14 con 1/7 variables disponibles). risk_score=0.516, confidence_score=0.424.",risa-vigia-0.1.0
SIG-PAT-0267-704011f186,PAT-0267,2026-07-16 15:00:00,0.9761,CRITICAL,0.3969,2026-07-14 15:00:00,2026-07-16 15:00:00,"Riesgo CRITICAL para PAT-0267: evidencia sostenida durante 16 ventana(s) (48h). Variable con mayor aporte: SpO2 (contribución=0.75, concordancia=0.43 con 3/7 variables disponibles). risk_score=0.976, confidence_score=0.397.",risa-vigia-0.1.0
SIG-PAT-0268-e7de3ed552,PAT-0268,2026-07-26 15:00:00,0.7975,HIGH,0.4242,2026-07-25 12:00:00,2026-07-26 15:00:00,"Riesgo HIGH para PAT-0268: evidencia sostenida durante 9 ventana(s) (27h). Variable con mayor aporte: DBP (contribución=0.46, concordancia=0.29 con 2/7 variables disponibles). risk_score=0.798, confidence_score=0.424.",risa-vigia-0.1.0
SIG-PAT-0268-01cb870538,PAT-0268,2026-07-27 09:00:00,0.5487,MEDIUM,0.4242,2026-07-26 21:00:00,2026-07-27 09:00:00,"Riesgo MEDIUM para PAT-0268: evidencia sostenida durante 4 ventana(s) (12h). Variable con mayor aporte: SBP (contribución=0.40, concordancia=0.14 con 1/7 variables disponibles). risk_score=0.549, confidence_score=0.424.",risa-vigia-0.1.0
SIG-PAT-0269-1d29edbd50,PAT-0269,2026-07-19 09:00:00,0.6306,HIGH,0.4242,2026-07-19 00:00:00,2026-07-19 09:00:00,"Riesgo HIGH para PAT-0269: evidencia sostenida durante 3 ventana(s) (9h). Variable con mayor aporte: HR (contribución=0.34, concordancia=0.29 con 2/7 variables disponibles). risk_score=0.631, confidence_score=0.424.",risa-vigia-0.1.0
SIG-PAT-0270-47f1bd44f3,PAT-0270,2026-07-25 15:00:00,0.719,HIGH,0.4242,2026-07-23 18:00:00,2026-07-25 15:00:00,"Riesgo HIGH para PAT-0270: evidencia sostenida durante 15 ventana(s) (45h). Variable con mayor aporte: HR (contribución=0.41, concordancia=0.29 con 2/7 variables disponibles). risk_score=0.719, confidence_score=0.424.",risa-vigia-0.1.0
SIG-PAT-0270-d3709d44b3,PAT-0270,2026-07-26 15:00:00,0.6447,HIGH,0.4242,2026-07-25 21:00:00,2026-07-26 15:00:00,"Riesgo HIGH para PAT-0270: evidencia sostenida durante 6 ventana(s) (18h). Variable con mayor aporte: DBP (contribución=0.57, concordancia=0.14 con 1/7 variables disponibles). risk_score=0.645, confidence_score=0.424.",risa-vigia-0.1.0
SIG-PAT-0270-cae9472a96,PAT-0270,2026-07-27 15:00:00,0.6217,HIGH,0.4131,2026-07-27 00:00:00,2026-07-27 15:00:00,"Riesgo HIGH para PAT-0270: evidencia sostenida durante 5 ventana(s) (15h). Variable con mayor aporte: DBP (contribución=0.45, concordancia=0.14 con 1/7 variables disponibles). risk_score=0.622, confidence_score=0.413.",risa-vigia-0.1.0
SIG-PAT-0270-9fdcd0401f,PAT-0270,2026-07-28 09:00:00,0.4722,MEDIUM,0.4242,2026-07-27 21:00:00,2026-07-28 09:00:00,"Riesgo MEDIUM para PAT-0270: evidencia sostenida durante 4 ventana(s) (12h). Variable con mayor aporte: SBP (contribución=0.36, concordancia=0.14 con 1/7 variables disponibles). risk_score=0.472, confidence_score=0.424.",risa-vigia-0.1.0
SIG-PAT-0270-d3ec60c07d,PAT-0270,2026-07-29 09:00:00,0.8648,CRITICAL,0.4136,2026-07-29 00:00:00,2026-07-29 09:00:00,"Riesgo CRITICAL para PAT-0270: evidencia sostenida durante 3 ventana(s) (9h). Variable con mayor aporte: DBP (contribución=0.55, concordancia=0.43 con 3/7 variables disponibles). risk_score=0.865, confidence_score=0.414.",risa-vigia-0.1.0
SIG-PAT-0271-4ada7c6b67,PAT-0271,2026-07-15 21:00:00,0.719,HIGH,0.4242,2026-07-14 00:00:00,2026-07-15 21:00:00,"Riesgo HIGH para PAT-0271: evidencia sostenida durante 15 ventana(s) (45h). Variable con mayor aporte: SBP (contribución=0.43, concordancia=0.29 con 2/7 variables disponibles). risk_score=0.719, confidence_score=0.424.",risa-vigia-0.1.0
SIG-PAT-0271-0ccc32b11e,PAT-0271,2026-07-16 12:00:00,0.5464,MEDIUM,0.4242,2026-07-15 21:00:00,2026-07-16 12:00:00,"Riesgo MEDIUM para PAT-0271: evidencia sostenida durante 5 ventana(s) (15h). Variable con mayor aporte: DBP (contribución=0.31, concordancia=0.14 con 1/7 variables disponibles). risk_score=0.546, confidence_score=0.424.",risa-vigia-0.1.0
SIG-PAT-0272-d878c5c6f3,PAT-0272,2026-07-05 12:00:00,0.4808,MEDIUM,0.4242,2026-07-05 00:00:00,2026-07-05 12:00:00,"Riesgo MEDIUM para PAT-0272: evidencia sostenida durante 4 ventana(s) (12h). Variable con mayor aporte: HR (contribución=0.35, concordancia=0.14 con 1/7 variables disponibles). risk_score=0.481, confidence_score=0.424.",risa-vigia-0.1.0
SIG-PAT-0272-6c2b20f338,PAT-0272,2026-07-06 21:00:00,0.7043,HIGH,0.4242,2026-07-06 00:00:00,2026-07-06 21:00:00,"Riesgo HIGH para PAT-0272: evidencia sostenida durante 7 ventana(s) (21h). Variable con mayor aporte: HR (contribución=0.40, concordancia=0.29 con 2/7 variables disponibles). risk_score=0.704, confidence_score=0.424.",risa-vigia-0.1.0
SIG-PAT-0272-439f00237f,PAT-0272,2026-07-07 12:00:00,0.5015,MEDIUM,0.4242,2026-07-07 00:00:00,2026-07-07 12:00:00,"Riesgo MEDIUM para PAT-0272: evidencia sostenida durante 4 ventana(s) (12h). Variable con mayor aporte: HR (contribución=0.20, concordancia=0.00 con 0/7 variables disponibles). risk_score=0.502, confidence_score=0.424.",risa-vigia-0.1.0
SIG-PAT-0272-92a7928a48,PAT-0272,2026-07-08 12:00:00,0.3839,MEDIUM,0.4242,2026-07-08 00:00:00,2026-07-08 12:00:00,"Riesgo MEDIUM para PAT-0272: evidencia sostenida durante 4 ventana(s) (12h). Variable con mayor aporte: HR (contribución=0.24, concordancia=0.00 con 0/7 variables disponibles). risk_score=0.384, confidence_score=0.424.",risa-vigia-0.1.0
SIG-PAT-0272-0a75fc2cb7,PAT-0272,2026-07-10 09:00:00,0.5528,HIGH,0.4242,2026-07-09 21:00:00,2026-07-10 09:00:00,"Riesgo HIGH para PAT-0272: evidencia sostenida durante 4 ventana(s) (12h). Variable con mayor aporte: SBP (contribución=0.35, concordancia=0.14 con 1/7 variables disponibles). risk_score=0.553, confidence_score=0.424.",risa-vigia-0.1.0
SIG-PAT-0273-d5a5d097a8,PAT-0273,2026-07-09 18:00:00,0.4874,MEDIUM,0.4242,2026-07-09 00:00:00,2026-07-09 18:00:00,"Riesgo MEDIUM para PAT-0273: evidencia sostenida durante 6 ventana(s) (18h). Variable con mayor aporte: SBP (contribución=0.29, concordancia=0.14 con 1/7 variables disponibles). risk_score=0.487, confidence_score=0.424.",risa-vigia-0.1.0
SIG-PAT-0273-a2ea9cec57,PAT-0273,2026-07-10 15:00:00,0.4864,MEDIUM,0.4242,2026-07-10 00:00:00,2026-07-10 15:00:00,"Riesgo MEDIUM para PAT-0273: evidencia sostenida durante 5 ventana(s) (15h). Variable con mayor aporte: HR (contribución=0.31, concordancia=0.14 con 1/7 variables disponibles). risk_score=0.486, confidence_score=0.424.",risa-vigia-0.1.0
SIG-PAT-0273-6462988f50,PAT-0273,2026-07-11 12:00:00,0.3177,MEDIUM,0.4242,2026-07-11 00:00:00,2026-07-11 12:00:00,"Riesgo MEDIUM para PAT-0273: evidencia sostenida durante 4 ventana(s) (12h). Variable con mayor aporte: HR (contribución=0.21, concordancia=0.00 con 0/7 variables disponibles). risk_score=0.318, confidence_score=0.424.",risa-vigia-0.1.0
SIG-PAT-0273-6dc747354f,PAT-0273,2026-07-12 09:00:00,0.527,MEDIUM,0.4242,2026-07-12 00:00:00,2026-07-12 09:00:00,"Riesgo MEDIUM para PAT-0273: evidencia sostenida durante 3 ventana(s) (9h). Variable con mayor aporte: SBP (contribución=0.28, concordancia=0.14 con 1/7 variables disponibles). risk_score=0.527, confidence_score=0.424.",risa-vigia-0.1.0
SIG-PAT-0274-9eebf28381,PAT-0274,2026-07-23 15:00:00,0.735,HIGH,0.4242,2026-07-21 12:00:00,2026-07-23 15:00:00,"Riesgo HIGH para PAT-0274: evidencia sostenida durante 17 ventana(s) (51h). Variable con mayor aporte: SBP (contribución=0.43, concordancia=0.29 con 2/7 variables disponibles). risk_score=0.735, confidence_score=0.424.",risa-vigia-0.1.0
SIG-PAT-0274-1eec08569d,PAT-0274,2026-07-24 12:00:00,0.359,MEDIUM,0.4242,2026-07-24 00:00:00,2026-07-24 12:00:00,"Riesgo MEDIUM para PAT-0274: evidencia sostenida durante 4 ventana(s) (12h). Variable con mayor aporte: HR (contribución=0.14, concordancia=0.00 con 0/7 variables disponibles). risk_score=0.359, confidence_score=0.424.",risa-vigia-0.1.0
SIG-PAT-0275-5b6d64a26b,PAT-0275,2026-07-08 18:00:00,0.6628,HIGH,0.4242,2026-07-08 00:00:00,2026-07-08 18:00:00,"Riesgo HIGH para PAT-0275: evidencia sostenida durante 6 ventana(s) (18h). Variable con mayor aporte: HR (contribución=0.56, concordancia=0.14 con 1/7 variables disponibles). risk_score=0.663, confidence_score=0.424.",risa-vigia-0.1.0
SIG-PAT-0275-2799225a8f,PAT-0275,2026-07-11 09:00:00,0.3875,MEDIUM,0.4242,2026-07-11 00:00:00,2026-07-11 09:00:00,"Riesgo MEDIUM para PAT-0275: evidencia sostenida durante 3 ventana(s) (9h). Variable con mayor aporte: HR (contribución=0.26, concordancia=0.14 con 1/7 variables disponibles). risk_score=0.388, confidence_score=0.424.",risa-vigia-0.1.0
SIG-PAT-0276-fe19168578,PAT-0276,2026-07-06 12:00:00,0.6258,HIGH,0.4242,2026-07-05 18:00:00,2026-07-06 12:00:00,"Riesgo HIGH para PAT-0276: evidencia sostenida durante 6 ventana(s) (18h). Variable con mayor aporte: HR (contribución=0.40, concordancia=0.14 con 1/7 variables disponibles). risk_score=0.626, confidence_score=0.424.",risa-vigia-0.1.0
SIG-PAT-0276-f07c9f3270,PAT-0276,2026-07-10 21:00:00,0.4088,MEDIUM,0.4242,2026-07-10 00:00:00,2026-07-10 21:00:00,"Riesgo MEDIUM para PAT-0276: evidencia sostenida durante 7 ventana(s) (21h). Variable con mayor aporte: DBP (contribución=0.31, concordancia=0.14 con 1/7 variables disponibles). risk_score=0.409, confidence_score=0.424.",risa-vigia-0.1.0
SIG-PAT-0276-c3b1cd596c,PAT-0276,2026-07-12 18:00:00,0.4953,MEDIUM,0.4242,2026-07-11 09:00:00,2026-07-12 18:00:00,"Riesgo MEDIUM para PAT-0276: evidencia sostenida durante 11 ventana(s) (33h). Variable con mayor aporte: DBP (contribución=0.39, concordancia=0.14 con 1/7 variables disponibles). risk_score=0.495, confidence_score=0.424.",risa-vigia-0.1.0
SIG-PAT-0276-c1856cb896,PAT-0276,2026-07-15 12:00:00,0.4852,MEDIUM,0.4242,2026-07-14 15:00:00,2026-07-15 12:00:00,"Riesgo MEDIUM para PAT-0276: evidencia sostenida durante 7 ventana(s) (21h). Variable con mayor aporte: DBP (contribución=0.34, concordancia=0.14 con 1/7 variables disponibles). risk_score=0.485, confidence_score=0.424.",risa-vigia-0.1.0
SIG-PAT-0276-4d20bb5a82,PAT-0276,2026-07-16 21:00:00,0.4572,MEDIUM,0.4242,2026-07-15 21:00:00,2026-07-16 21:00:00,"Riesgo MEDIUM para PAT-0276: evidencia sostenida durante 8 ventana(s) (24h). Variable con mayor aporte: SBP (contribución=0.28, concordancia=0.14 con 1/7 variables disponibles). risk_score=0.457, confidence_score=0.424.",risa-vigia-0.1.0
SIG-PAT-0276-2d13e758ee,PAT-0276,2026-07-23 21:00:00,0.5914,HIGH,0.4242,2026-07-22 00:00:00,2026-07-23 21:00:00,"Riesgo HIGH para PAT-0276: evidencia sostenida durante 15 ventana(s) (45h). Variable con mayor aporte: DBP (contribución=0.37, concordancia=0.14 con 1/7 variables disponibles). risk_score=0.591, confidence_score=0.424.",risa-vigia-0.1.0
SIG-PAT-0276-179132b3a9,PAT-0276,2026-07-24 12:00:00,0.5423,MEDIUM,0.4242,2026-07-24 00:00:00,2026-07-24 12:00:00,"Riesgo MEDIUM para PAT-0276: evidencia sostenida durante 4 ventana(s) (12h). Variable con mayor aporte: SBP (contribución=0.37, concordancia=0.14 con 1/7 variables disponibles). risk_score=0.542, confidence_score=0.424.",risa-vigia-0.1.0
SIG-PAT-0276-f651592794,PAT-0276,2026-07-29 12:00:00,0.3951,MEDIUM,0.4242,2026-07-28 21:00:00,2026-07-29 12:00:00,"Riesgo MEDIUM para PAT-0276: evidencia sostenida durante 5 ventana(s) (15h). Variable con mayor aporte: HR (contribución=0.20, concordancia=0.00 con 0/7 variables disponibles). risk_score=0.395, confidence_score=0.424.",risa-vigia-0.1.0
SIG-PAT-0277-7b9ad67543,PAT-0277,2026-07-14 15:00:00,0.4754,MEDIUM,0.4242,2026-07-13 21:00:00,2026-07-14 15:00:00,"Riesgo MEDIUM para PAT-0277: evidencia sostenida durante 6 ventana(s) (18h). Variable con mayor aporte: DBP (contribución=0.26, concordancia=0.14 con 1/7 variables disponibles). risk_score=0.475, confidence_score=0.424.",risa-vigia-0.1.0
SIG-PAT-0277-d6622ae708,PAT-0277,2026-07-16 21:00:00,0.4737,MEDIUM,0.4242,2026-07-16 00:00:00,2026-07-16 21:00:00,"Riesgo MEDIUM para PAT-0277: evidencia sostenida durante 7 ventana(s) (21h). Variable con mayor aporte: DBP (contribución=0.35, concordancia=0.14 con 1/7 variables disponibles). risk_score=0.474, confidence_score=0.424.",risa-vigia-0.1.0
SIG-PAT-0277-ec298a92ef,PAT-0277,2026-07-18 12:00:00,0.8121,CRITICAL,0.4242,2026-07-17 15:00:00,2026-07-18 12:00:00,"Riesgo CRITICAL para PAT-0277: evidencia sostenida durante 7 ventana(s) (21h). Variable con mayor aporte: DBP (contribución=0.76, concordancia=0.14 con 1/7 variables disponibles). risk_score=0.812, confidence_score=0.424.",risa-vigia-0.1.0
SIG-PAT-0278-032977ed34,PAT-0278,2026-07-16 15:00:00,0.3791,MEDIUM,0.4242,2026-07-16 00:00:00,2026-07-16 15:00:00,"Riesgo MEDIUM para PAT-0278: evidencia sostenida durante 5 ventana(s) (15h). Variable con mayor aporte: HR (contribución=0.23, concordancia=0.00 con 0/7 variables disponibles). risk_score=0.379, confidence_score=0.424.",risa-vigia-0.1.0
SIG-PAT-0278-9d297c54ba,PAT-0278,2026-07-18 12:00:00,0.7144,HIGH,0.4242,2026-07-17 00:00:00,2026-07-18 12:00:00,"Riesgo HIGH para PAT-0278: evidencia sostenida durante 12 ventana(s) (36h). Variable con mayor aporte: DBP (contribución=0.61, concordancia=0.14 con 1/7 variables disponibles). risk_score=0.714, confidence_score=0.424.",risa-vigia-0.1.0
SIG-PAT-0278-f8f77e7eb1,PAT-0278,2026-07-20 21:00:00,0.5473,MEDIUM,0.4242,2026-07-19 21:00:00,2026-07-20 21:00:00,"Riesgo MEDIUM para PAT-0278: evidencia sostenida durante 8 ventana(s) (24h). Variable con mayor aporte: SBP (contribución=0.37, concordancia=0.14 con 1/7 variables disponibles). risk_score=0.547, confidence_score=0.424.",risa-vigia-0.1.0
SIG-PAT-0278-9c9a2048cd,PAT-0278,2026-07-23 12:00:00,0.6451,HIGH,0.4242,2026-07-23 00:00:00,2026-07-23 12:00:00,"Riesgo HIGH para PAT-0278: evidencia sostenida durante 4 ventana(s) (12h). Variable con mayor aporte: SBP (contribución=0.42, concordancia=0.14 con 1/7 variables disponibles). risk_score=0.645, confidence_score=0.424.",risa-vigia-0.1.0
SIG-PAT-0279-9770251c88,PAT-0279,2026-07-05 09:00:00,0.5505,HIGH,0.4242,2026-07-03 06:00:00,2026-07-05 09:00:00,"Riesgo HIGH para PAT-0279: evidencia sostenida durante 17 ventana(s) (51h). Variable con mayor aporte: HR (contribución=0.26, concordancia=0.14 con 1/7 variables disponibles). risk_score=0.551, confidence_score=0.424.",risa-vigia-0.1.0
SIG-PAT-0279-11aee2e501,PAT-0279,2026-07-08 09:00:00,0.7092,HIGH,0.4242,2026-07-07 09:00:00,2026-07-08 09:00:00,"Riesgo HIGH para PAT-0279: evidencia sostenida durante 8 ventana(s) (24h). Variable con mayor aporte: DBP (contribución=0.50, concordancia=0.14 con 1/7 variables disponibles). risk_score=0.709, confidence_score=0.424.",risa-vigia-0.1.0
SIG-PAT-0280-6af0d96305,PAT-0280,2026-07-06 12:00:00,0.4981,MEDIUM,0.4242,2026-07-06 00:00:00,2026-07-06 12:00:00,"Riesgo MEDIUM para PAT-0280: evidencia sostenida durante 4 ventana(s) (12h). Variable con mayor aporte: HR (contribución=0.28, concordancia=0.14 con 1/7 variables disponibles). risk_score=0.498, confidence_score=0.424.",risa-vigia-0.1.0
SIG-PAT-0280-fc719511f7,PAT-0280,2026-07-07 21:00:00,0.5613,HIGH,0.7273,2026-07-07 09:00:00,2026-07-07 21:00:00,"Riesgo HIGH para PAT-0280: evidencia sostenida durante 4 ventana(s) (12h). Variable con mayor aporte: DBP (contribución=0.46, concordancia=0.12 con 1/8 variables disponibles). risk_score=0.561, confidence_score=0.727.",risa-vigia-0.1.0
SIG-PAT-0280-29fa75f012,PAT-0280,2026-07-08 18:00:00,0.6849,HIGH,0.4128,2026-07-08 03:00:00,2026-07-08 18:00:00,"Riesgo HIGH para PAT-0280: evidencia sostenida durante 5 ventana(s) (15h). Variable con mayor aporte: DBP (contribución=0.63, concordancia=0.14 con 1/7 variables disponibles). risk_score=0.685, confidence_score=0.413.",risa-vigia-0.1.0
SIG-PAT-0280-0880eee746,PAT-0280,2026-07-10 12:00:00,0.6084,HIGH,0.4242,2026-07-10 00:00:00,2026-07-10 12:00:00,"Riesgo HIGH para PAT-0280: evidencia sostenida durante 4 ventana(s) (12h). Variable con mayor aporte: DBP (contribución=0.46, concordancia=0.14 con 1/7 variables disponibles). risk_score=0.608, confidence_score=0.424.",risa-vigia-0.1.0
SIG-PAT-0281-f1b748bb8c,PAT-0281,2026-07-19 00:00:00,0.7335,HIGH,0.4242,2026-07-17 00:00:00,2026-07-19 00:00:00,"Riesgo HIGH para PAT-0281: evidencia sostenida durante 16 ventana(s) (48h). Variable con mayor aporte: SBP (contribución=0.39, concordancia=0.29 con 2/7 variables disponibles). risk_score=0.733, confidence_score=0.424.",risa-vigia-0.1.0
SIG-PAT-0282-2a5b73b2c4,PAT-0282,2026-07-20 12:00:00,0.7966,HIGH,0.4242,2026-07-19 21:00:00,2026-07-20 12:00:00,"Riesgo HIGH para PAT-0282: evidencia sostenida durante 5 ventana(s) (15h). Variable con mayor aporte: SBP (contribución=0.63, concordancia=0.14 con 1/7 variables disponibles). risk_score=0.797, confidence_score=0.424.",risa-vigia-0.1.0
SIG-PAT-0282-be5647714b,PAT-0282,2026-07-21 15:00:00,0.5604,HIGH,0.8182,2026-07-20 21:00:00,2026-07-21 15:00:00,"Riesgo HIGH para PAT-0282: evidencia sostenida durante 6 ventana(s) (18h). Variable con mayor aporte: LAB_B (contribución=0.40, concordancia=0.11 con 1/9 variables disponibles). risk_score=0.560, confidence_score=0.818.",risa-vigia-0.1.0
SIG-PAT-0282-a9f55ae36e,PAT-0282,2026-07-22 12:00:00,0.5045,MEDIUM,0.4242,2026-07-22 00:00:00,2026-07-22 12:00:00,"Riesgo MEDIUM para PAT-0282: evidencia sostenida durante 4 ventana(s) (12h). Variable con mayor aporte: HR (contribución=0.29, concordancia=0.14 con 1/7 variables disponibles). risk_score=0.504, confidence_score=0.424.",risa-vigia-0.1.0
SIG-PAT-0282-b469d3ac3c,PAT-0282,2026-07-26 09:00:00,0.4867,MEDIUM,0.4242,2026-07-26 03:00:00,2026-07-26 09:00:00,"Riesgo MEDIUM para PAT-0282: evidencia sostenida durante 2 ventana(s) (6h). Variable con mayor aporte: DBP (contribución=0.34, concordancia=0.14 con 1/7 variables disponibles). risk_score=0.487, confidence_score=0.424.",risa-vigia-0.1.0
SIG-PAT-0283-0f9ab34e5e,PAT-0283,2026-07-17 18:00:00,0.5913,HIGH,0.4242,2026-07-17 00:00:00,2026-07-17 18:00:00,"Riesgo HIGH para PAT-0283: evidencia sostenida durante 6 ventana(s) (18h). Variable con mayor aporte: HR (contribución=0.42, concordancia=0.14 con 1/7 variables disponibles). risk_score=0.591, confidence_score=0.424.",risa-vigia-0.1.0
SIG-PAT-0283-cbe093fd9c,PAT-0283,2026-07-18 12:00:00,0.5198,MEDIUM,0.4242,2026-07-18 00:00:00,2026-07-18 12:00:00,"Riesgo MEDIUM para PAT-0283: evidencia sostenida durante 4 ventana(s) (12h). Variable con mayor aporte: HR (contribución=0.34, concordancia=0.14 con 1/7 variables disponibles). risk_score=0.520, confidence_score=0.424.",risa-vigia-0.1.0
SIG-PAT-0283-bf6967db0f,PAT-0283,2026-07-19 15:00:00,0.6677,HIGH,0.4242,2026-07-19 00:00:00,2026-07-19 15:00:00,"Riesgo HIGH para PAT-0283: evidencia sostenida durante 5 ventana(s) (15h). Variable con mayor aporte: DBP (contribución=0.39, concordancia=0.14 con 1/7 variables disponibles). risk_score=0.668, confidence_score=0.424.",risa-vigia-0.1.0
SIG-PAT-0284-af03f19ac2,PAT-0284,2026-07-19 12:00:00,0.4016,MEDIUM,0.4242,2026-07-19 00:00:00,2026-07-19 12:00:00,"Riesgo MEDIUM para PAT-0284: evidencia sostenida durante 4 ventana(s) (12h). Variable con mayor aporte: HR (contribución=0.26, concordancia=0.14 con 1/7 variables disponibles). risk_score=0.402, confidence_score=0.424.",risa-vigia-0.1.0
SIG-PAT-0284-a8424dc7a0,PAT-0284,2026-07-20 18:00:00,0.3814,MEDIUM,0.4242,2026-07-20 06:00:00,2026-07-20 18:00:00,"Riesgo MEDIUM para PAT-0284: evidencia sostenida durante 4 ventana(s) (12h). Variable con mayor aporte: SBP (contribución=0.29, concordancia=0.14 con 1/7 variables disponibles). risk_score=0.381, confidence_score=0.424.",risa-vigia-0.1.0
SIG-PAT-0284-c8bcf53745,PAT-0284,2026-07-22 12:00:00,0.6175,HIGH,0.4242,2026-07-22 00:00:00,2026-07-22 12:00:00,"Riesgo HIGH para PAT-0284: evidencia sostenida durante 4 ventana(s) (12h). Variable con mayor aporte: SBP (contribución=0.45, concordancia=0.14 con 1/7 variables disponibles). risk_score=0.618, confidence_score=0.424.",risa-vigia-0.1.0
SIG-PAT-0285-4962470847,PAT-0285,2026-07-10 15:00:00,0.5533,HIGH,0.4242,2026-07-09 21:00:00,2026-07-10 15:00:00,"Riesgo HIGH para PAT-0285: evidencia sostenida durante 6 ventana(s) (18h). Variable con mayor aporte: DBP (contribución=0.35, concordancia=0.14 con 1/7 variables disponibles). risk_score=0.553, confidence_score=0.424.",risa-vigia-0.1.0
SIG-PAT-0285-d8890f84d2,PAT-0285,2026-07-11 12:00:00,0.5068,MEDIUM,0.7086,2026-07-11 00:00:00,2026-07-11 12:00:00,"Riesgo MEDIUM para PAT-0285: evidencia sostenida durante 4 ventana(s) (12h). Variable con mayor aporte: RR (contribución=0.23, concordancia=0.00 con 0/8 variables disponibles). risk_score=0.507, confidence_score=0.709.",risa-vigia-0.1.0
SIG-PAT-0285-f701015191,PAT-0285,2026-07-12 09:00:00,0.6766,HIGH,0.4242,2026-07-12 03:00:00,2026-07-12 09:00:00,"Riesgo HIGH para PAT-0285: evidencia sostenida durante 2 ventana(s) (6h). Variable con mayor aporte: HR (contribución=0.41, concordancia=0.29 con 2/7 variables disponibles). risk_score=0.677, confidence_score=0.424.",risa-vigia-0.1.0
SIG-PAT-0286-3bf6ea8934,PAT-0286,2026-07-20 18:00:00,0.6802,HIGH,0.4242,2026-07-20 00:00:00,2026-07-20 18:00:00,"Riesgo HIGH para PAT-0286: evidencia sostenida durante 6 ventana(s) (18h). Variable con mayor aporte: DBP (contribución=0.54, concordancia=0.14 con 1/7 variables disponibles). risk_score=0.680, confidence_score=0.424.",risa-vigia-0.1.0
SIG-PAT-0287-9d1d157dee,PAT-0287,2026-07-12 12:00:00,0.6118,HIGH,0.4242,2026-07-11 21:00:00,2026-07-12 12:00:00,"Riesgo HIGH para PAT-0287: evidencia sostenida durante 5 ventana(s) (15h). Variable con mayor aporte: HR (contribución=0.44, concordancia=0.14 con 1/7 variables disponibles). risk_score=0.612, confidence_score=0.424.",risa-vigia-0.1.0
SIG-PAT-0287-a0489427ce,PAT-0287,2026-07-15 12:00:00,0.8136,CRITICAL,0.4242,2026-07-15 00:00:00,2026-07-15 12:00:00,"Riesgo CRITICAL para PAT-0287: evidencia sostenida durante 4 ventana(s) (12h). Variable con mayor aporte: SBP (contribución=0.51, concordancia=0.29 con 2/7 variables disponibles). risk_score=0.814, confidence_score=0.424.",risa-vigia-0.1.0
SIG-PAT-0287-7484224c08,PAT-0287,2026-07-19 15:00:00,0.5725,HIGH,0.4242,2026-07-19 03:00:00,2026-07-19 15:00:00,"Riesgo HIGH para PAT-0287: evidencia sostenida durante 4 ventana(s) (12h). Variable con mayor aporte: DBP (contribución=0.49, concordancia=0.14 con 1/7 variables disponibles). risk_score=0.573, confidence_score=0.424.",risa-vigia-0.1.0
SIG-PAT-0287-7535ffcf60,PAT-0287,2026-07-21 15:00:00,0.5078,MEDIUM,0.4242,2026-07-20 21:00:00,2026-07-21 15:00:00,"Riesgo MEDIUM para PAT-0287: evidencia sostenida durante 6 ventana(s) (18h). Variable con mayor aporte: SBP (contribución=0.35, concordancia=0.14 con 1/7 variables disponibles). risk_score=0.508, confidence_score=0.424.",risa-vigia-0.1.0
SIG-PAT-0287-97f823f181,PAT-0287,2026-07-22 18:00:00,0.5294,MEDIUM,0.4242,2026-07-22 00:00:00,2026-07-22 18:00:00,"Riesgo MEDIUM para PAT-0287: evidencia sostenida durante 6 ventana(s) (18h). Variable con mayor aporte: SBP (contribución=0.31, concordancia=0.14 con 1/7 variables disponibles). risk_score=0.529, confidence_score=0.424.",risa-vigia-0.1.0
SIG-PAT-0288-4ec8259958,PAT-0288,2026-07-23 00:00:00,0.7294,HIGH,0.4242,2026-07-21 09:00:00,2026-07-23 00:00:00,"Riesgo HIGH para PAT-0288: evidencia sostenida durante 13 ventana(s) (39h). Variable con mayor aporte: HR (contribución=0.43, concordancia=0.14 con 1/7 variables disponibles). risk_score=0.729, confidence_score=0.424.",risa-vigia-0.1.0
SIG-PAT-0288-798585d983,PAT-0288,2026-07-23 15:00:00,0.5883,HIGH,0.4242,2026-07-23 00:00:00,2026-07-23 15:00:00,"Riesgo HIGH para PAT-0288: evidencia sostenida durante 5 ventana(s) (15h). Variable con mayor aporte: DBP (contribución=0.37, concordancia=0.14 con 1/7 variables disponibles). risk_score=0.588, confidence_score=0.424.",risa-vigia-0.1.0
SIG-PAT-0288-7d15c1c8d8,PAT-0288,2026-07-24 18:00:00,0.3572,MEDIUM,0.4242,2026-07-24 00:00:00,2026-07-24 18:00:00,"Riesgo MEDIUM para PAT-0288: evidencia sostenida durante 6 ventana(s) (18h). Variable con mayor aporte: HR (contribución=0.20, concordancia=0.00 con 0/7 variables disponibles). risk_score=0.357, confidence_score=0.424.",risa-vigia-0.1.0
SIG-PAT-0289-101e9ebdbc,PAT-0289,2026-07-20 12:00:00,0.59,HIGH,0.4134,2026-07-19 21:00:00,2026-07-20 12:00:00,"Riesgo HIGH para PAT-0289: evidencia sostenida durante 5 ventana(s) (15h). Variable con mayor aporte: HR (contribución=0.39, concordancia=0.14 con 1/7 variables disponibles). risk_score=0.590, confidence_score=0.413.",risa-vigia-0.1.0
SIG-PAT-0289-b9f6e3b666,PAT-0289,2026-07-21 12:00:00,0.5199,MEDIUM,0.4242,2026-07-21 00:00:00,2026-07-21 12:00:00,"Riesgo MEDIUM para PAT-0289: evidencia sostenida durante 4 ventana(s) (12h). Variable con mayor aporte: HR (contribución=0.39, concordancia=0.14 con 1/7 variables disponibles). risk_score=0.520, confidence_score=0.424.",risa-vigia-0.1.0
SIG-PAT-0289-47e34412bd,PAT-0289,2026-07-22 12:00:00,0.5322,MEDIUM,0.4242,2026-07-22 00:00:00,2026-07-22 12:00:00,"Riesgo MEDIUM para PAT-0289: evidencia sostenida durante 4 ventana(s) (12h). Variable con mayor aporte: HR (contribución=0.29, concordancia=0.14 con 1/7 variables disponibles). risk_score=0.532, confidence_score=0.424.",risa-vigia-0.1.0
SIG-PAT-0289-f1f2e20c90,PAT-0289,2026-07-23 12:00:00,0.539,MEDIUM,0.4242,2026-07-23 00:00:00,2026-07-23 12:00:00,"Riesgo MEDIUM para PAT-0289: evidencia sostenida durante 4 ventana(s) (12h). Variable con mayor aporte: HR (contribución=0.21, concordancia=0.00 con 0/7 variables disponibles). risk_score=0.539, confidence_score=0.424.",risa-vigia-0.1.0
SIG-PAT-0290-c9ff73243f,PAT-0290,2026-07-27 12:00:00,0.5099,MEDIUM,0.4242,2026-07-26 21:00:00,2026-07-27 12:00:00,"Riesgo MEDIUM para PAT-0290: evidencia sostenida durante 5 ventana(s) (15h). Variable con mayor aporte: HR (contribución=0.34, concordancia=0.14 con 1/7 variables disponibles). risk_score=0.510, confidence_score=0.424.",risa-vigia-0.1.0
SIG-PAT-0290-0187f14418,PAT-0290,2026-07-28 15:00:00,0.9872,CRITICAL,0.4242,2026-07-27 12:00:00,2026-07-28 15:00:00,"Riesgo CRITICAL para PAT-0290: evidencia sostenida durante 9 ventana(s) (27h). Variable con mayor aporte: SpO2 (contribución=0.82, concordancia=0.57 con 4/7 variables disponibles). risk_score=0.987, confidence_score=0.424.",risa-vigia-0.1.0
SIG-PAT-0290-17da30420f,PAT-0290,2026-07-29 12:00:00,0.4224,MEDIUM,0.4128,2026-07-29 00:00:00,2026-07-29 12:00:00,"Riesgo MEDIUM para PAT-0290: evidencia sostenida durante 4 ventana(s) (12h). Variable con mayor aporte: RR (contribución=0.19, concordancia=0.00 con 0/7 variables disponibles). risk_score=0.422, confidence_score=0.413.",risa-vigia-0.1.0
SIG-PAT-0291-6db32ae191,PAT-0291,2026-07-07 12:00:00,0.8407,CRITICAL,0.4136,2026-07-07 00:00:00,2026-07-07 12:00:00,"Riesgo CRITICAL para PAT-0291: evidencia sostenida durante 4 ventana(s) (12h). Variable con mayor aporte: HR (contribución=0.66, concordancia=0.29 con 2/7 variables disponibles). risk_score=0.841, confidence_score=0.414.",risa-vigia-0.1.0
SIG-PAT-0291-21b7a0d900,PAT-0291,2026-07-08 18:00:00,0.6248,HIGH,0.7273,2026-07-07 21:00:00,2026-07-08 18:00:00,"Riesgo HIGH para PAT-0291: evidencia sostenida durante 7 ventana(s) (21h). Variable con mayor aporte: HR (contribución=0.32, concordancia=0.12 con 1/8 variables disponibles). risk_score=0.625, confidence_score=0.727.",risa-vigia-0.1.0
SIG-PAT-0291-737cceee2e,PAT-0291,2026-07-09 09:00:00,0.4631,MEDIUM,0.4242,2026-07-09 00:00:00,2026-07-09 09:00:00,"Riesgo MEDIUM para PAT-0291: evidencia sostenida durante 3 ventana(s) (9h). Variable con mayor aporte: SBP (contribución=0.33, concordancia=0.14 con 1/7 variables disponibles). risk_score=0.463, confidence_score=0.424.",risa-vigia-0.1.0
SIG-PAT-0292-97c1d7a1ac,PAT-0292,2026-07-25 15:00:00,0.3787,MEDIUM,0.4242,2026-07-24 21:00:00,2026-07-25 15:00:00,"Riesgo MEDIUM para PAT-0292: evidencia sostenida durante 6 ventana(s) (18h). Variable con mayor aporte: HR (contribución=0.12, concordancia=0.00 con 0/7 variables disponibles). risk_score=0.379, confidence_score=0.424.",risa-vigia-0.1.0
SIG-PAT-0292-6915148bcf,PAT-0292,2026-07-27 12:00:00,0.5648,HIGH,0.4136,2026-07-26 21:00:00,2026-07-27 12:00:00,"Riesgo HIGH para PAT-0292: evidencia sostenida durante 5 ventana(s) (15h). Variable con mayor aporte: SBP (contribución=0.30, concordancia=0.14 con 1/7 variables disponibles). risk_score=0.565, confidence_score=0.414.",risa-vigia-0.1.0
SIG-PAT-0293-840bc77fc5,PAT-0293,2026-07-15 12:00:00,0.9855,CRITICAL,0.4242,2026-07-12 09:00:00,2026-07-15 12:00:00,"Riesgo CRITICAL para PAT-0293: evidencia sostenida durante 25 ventana(s) (75h). Variable con mayor aporte: SpO2 (contribución=0.83, concordancia=0.43 con 3/7 variables disponibles). risk_score=0.986, confidence_score=0.424.",risa-vigia-0.1.0
SIG-PAT-0293-8d12fa6036,PAT-0293,2026-07-21 15:00:00,0.5562,HIGH,0.4242,2026-07-21 00:00:00,2026-07-21 15:00:00,"Riesgo HIGH para PAT-0293: evidencia sostenida durante 5 ventana(s) (15h). Variable con mayor aporte: DBP (contribución=0.42, concordancia=0.14 con 1/7 variables disponibles). risk_score=0.556, confidence_score=0.424.",risa-vigia-0.1.0
SIG-PAT-0293-c3f8fcd7bf,PAT-0293,2026-07-22 12:00:00,0.4221,MEDIUM,0.4242,2026-07-21 21:00:00,2026-07-22 12:00:00,"Riesgo MEDIUM para PAT-0293: evidencia sostenida durante 5 ventana(s) (15h). Variable con mayor aporte: DBP (contribución=0.30, concordancia=0.14 con 1/7 variables disponibles). risk_score=0.422, confidence_score=0.424.",risa-vigia-0.1.0
SIG-PAT-0294-219accd54f,PAT-0294,2026-07-14 12:00:00,0.6718,HIGH,0.4242,2026-07-14 00:00:00,2026-07-14 12:00:00,"Riesgo HIGH para PAT-0294: evidencia sostenida durante 4 ventana(s) (12h). Variable con mayor aporte: SBP (contribución=0.43, concordancia=0.29 con 2/7 variables disponibles). risk_score=0.672, confidence_score=0.424.",risa-vigia-0.1.0
SIG-PAT-0294-3d1ea41a44,PAT-0294,2026-07-16 15:00:00,0.439,MEDIUM,0.4242,2026-07-16 00:00:00,2026-07-16 15:00:00,"Riesgo MEDIUM para PAT-0294: evidencia sostenida durante 5 ventana(s) (15h). Variable con mayor aporte: HR (contribución=0.28, concordancia=0.14 con 1/7 variables disponibles). risk_score=0.439, confidence_score=0.424.",risa-vigia-0.1.0
SIG-PAT-0294-942f12a658,PAT-0294,2026-07-17 09:00:00,0.7249,HIGH,0.3636,2026-07-17 00:00:00,2026-07-17 09:00:00,"Riesgo HIGH para PAT-0294: evidencia sostenida durante 3 ventana(s) (9h). Variable con mayor aporte: RR (contribución=0.65, concordancia=0.17 con 1/6 variables disponibles). risk_score=0.725, confidence_score=0.364.",risa-vigia-0.1.0
SIG-PAT-0295-372b0bfb38,PAT-0295,2026-07-10 12:00:00,0.6292,HIGH,0.4242,2026-07-08 21:00:00,2026-07-10 12:00:00,"Riesgo HIGH para PAT-0295: evidencia sostenida durante 13 ventana(s) (39h). Variable con mayor aporte: HR (contribución=0.49, concordancia=0.14 con 1/7 variables disponibles). risk_score=0.629, confidence_score=0.424.",risa-vigia-0.1.0
SIG-PAT-0295-0d13aafc18,PAT-0295,2026-07-14 12:00:00,0.5132,MEDIUM,0.4242,2026-07-14 00:00:00,2026-07-14 12:00:00,"Riesgo MEDIUM para PAT-0295: evidencia sostenida durante 4 ventana(s) (12h). Variable con mayor aporte: DBP (contribución=0.27, concordancia=0.14 con 1/7 variables disponibles). risk_score=0.513, confidence_score=0.424.",risa-vigia-0.1.0
SIG-PAT-0296-51707337d8,PAT-0296,2026-07-05 18:00:00,0.7487,HIGH,0.4242,2026-07-05 00:00:00,2026-07-05 18:00:00,"Riesgo HIGH para PAT-0296: evidencia sostenida durante 6 ventana(s) (18h). Variable con mayor aporte: SBP (contribución=0.38, concordancia=0.29 con 2/7 variables disponibles). risk_score=0.749, confidence_score=0.424.",risa-vigia-0.1.0
SIG-PAT-0296-dc05d9b879,PAT-0296,2026-07-08 09:00:00,0.393,MEDIUM,0.4242,2026-07-08 00:00:00,2026-07-08 09:00:00,"Riesgo MEDIUM para PAT-0296: evidencia sostenida durante 3 ventana(s) (9h). Variable con mayor aporte: HR (contribución=0.22, concordancia=0.00 con 0/7 variables disponibles). risk_score=0.393, confidence_score=0.424.",risa-vigia-0.1.0
SIG-PAT-0297-a861859440,PAT-0297,2026-07-28 18:00:00,0.7785,HIGH,0.7273,2026-07-26 12:00:00,2026-07-28 18:00:00,"Riesgo HIGH para PAT-0297: evidencia sostenida durante 18 ventana(s) (54h). Variable con mayor aporte: LAB_A (contribución=0.68, concordancia=0.12 con 1/8 variables disponibles). risk_score=0.778, confidence_score=0.727.",risa-vigia-0.1.0
SIG-PAT-0297-153e0124b3,PAT-0297,2026-07-30 15:00:00,0.3598,MEDIUM,0.4242,2026-07-29 00:00:00,2026-07-30 15:00:00,"Riesgo MEDIUM para PAT-0297: evidencia sostenida durante 13 ventana(s) (39h). Variable con mayor aporte: DBP (contribución=0.18, concordancia=0.00 con 0/7 variables disponibles). risk_score=0.360, confidence_score=0.424.",risa-vigia-0.1.0
SIG-PAT-0298-7e683408d6,PAT-0298,2026-07-09 12:00:00,0.4986,MEDIUM,0.4242,2026-07-08 15:00:00,2026-07-09 12:00:00,"Riesgo MEDIUM para PAT-0298: evidencia sostenida durante 7 ventana(s) (21h). Variable con mayor aporte: DBP (contribución=0.28, concordancia=0.14 con 1/7 variables disponibles). risk_score=0.499, confidence_score=0.424.",risa-vigia-0.1.0
SIG-PAT-0298-20ecec7b4b,PAT-0298,2026-07-12 00:00:00,0.6349,HIGH,0.4242,2026-07-09 21:00:00,2026-07-12 00:00:00,"Riesgo HIGH para PAT-0298: evidencia sostenida durante 17 ventana(s) (51h). Variable con mayor aporte: SBP (contribución=0.54, concordancia=0.14 con 1/7 variables disponibles). risk_score=0.635, confidence_score=0.424.",risa-vigia-0.1.0
SIG-PAT-0298-603be9de0f,PAT-0298,2026-07-12 18:00:00,0.6569,HIGH,0.4242,2026-07-12 00:00:00,2026-07-12 18:00:00,"Riesgo HIGH para PAT-0298: evidencia sostenida durante 6 ventana(s) (18h). Variable con mayor aporte: DBP (contribución=0.45, concordancia=0.14 con 1/7 variables disponibles). risk_score=0.657, confidence_score=0.424.",risa-vigia-0.1.0
SIG-PAT-0298-eea636e6f6,PAT-0298,2026-07-14 15:00:00,0.5487,MEDIUM,0.4242,2026-07-14 00:00:00,2026-07-14 15:00:00,"Riesgo MEDIUM para PAT-0298: evidencia sostenida durante 5 ventana(s) (15h). Variable con mayor aporte: HR (contribución=0.23, concordancia=0.00 con 0/7 variables disponibles). risk_score=0.549, confidence_score=0.424.",risa-vigia-0.1.0
SIG-PAT-0299-f9f747e77d,PAT-0299,2026-07-18 12:00:00,0.6389,HIGH,0.4242,2026-07-16 18:00:00,2026-07-18 12:00:00,"Riesgo HIGH para PAT-0299: evidencia sostenida durante 14 ventana(s) (42h). Variable con mayor aporte: DBP (contribución=0.33, concordancia=0.29 con 2/7 variables disponibles). risk_score=0.639, confidence_score=0.424.",risa-vigia-0.1.0
SIG-PAT-0299-a5ceb92f16,PAT-0299,2026-07-21 12:00:00,0.5219,MEDIUM,0.4242,2026-07-21 00:00:00,2026-07-21 12:00:00,"Riesgo MEDIUM para PAT-0299: evidencia sostenida durante 4 ventana(s) (12h). Variable con mayor aporte: DBP (contribución=0.30, concordancia=0.14 con 1/7 variables disponibles). risk_score=0.522, confidence_score=0.424.",risa-vigia-0.1.0
SIG-PAT-0300-7f2cf26584,PAT-0300,2026-07-09 12:00:00,0.7107,HIGH,0.4007,2026-07-09 00:00:00,2026-07-09 12:00:00,"Riesgo HIGH para PAT-0300: evidencia sostenida durante 4 ventana(s) (12h). Variable con mayor aporte: HR (contribución=0.37, concordancia=0.29 con 2/7 variables disponibles). risk_score=0.711, confidence_score=0.401.",risa-vigia-0.1.0
SIG-PAT-0300-df60cdf2d8,PAT-0300,2026-07-10 12:00:00,0.4965,MEDIUM,0.4242,2026-07-10 00:00:00,2026-07-10 12:00:00,"Riesgo MEDIUM para PAT-0300: evidencia sostenida durante 4 ventana(s) (12h). Variable con mayor aporte: HR (contribución=0.35, concordancia=0.14 con 1/7 variables disponibles). risk_score=0.497, confidence_score=0.424.",risa-vigia-0.1.0
SIG-PAT-0300-e981ef3ca0,PAT-0300,2026-07-12 12:00:00,0.4021,MEDIUM,0.4242,2026-07-11 21:00:00,2026-07-12 12:00:00,"Riesgo MEDIUM para PAT-0300: evidencia sostenida durante 5 ventana(s) (15h). Variable con mayor aporte: HR (contribución=0.30, concordancia=0.14 con 1/7 variables disponibles). risk_score=0.402, confidence_score=0.424.",risa-vigia-0.1.0
SIG-PAT-0301-c2a74b51bd,PAT-0301,2026-07-11 12:00:00,0.5767,HIGH,0.4242,2026-07-10 03:00:00,2026-07-11 12:00:00,"Riesgo HIGH para PAT-0301: evidencia sostenida durante 11 ventana(s) (33h). Variable con mayor aporte: RR (contribución=0.26, concordancia=0.14 con 1/7 variables disponibles). risk_score=0.577, confidence_score=0.424.",risa-vigia-0.1.0
SIG-PAT-0301-2a6ff2950d,PAT-0301,2026-07-12 15:00:00,0.6568,HIGH,0.4131,2026-07-11 21:00:00,2026-07-12 15:00:00,"Riesgo HIGH para PAT-0301: evidencia sostenida durante 6 ventana(s) (18h). Variable con mayor aporte: DBP (contribución=0.54, concordancia=0.14 con 1/7 variables disponibles). risk_score=0.657, confidence_score=0.413.",risa-vigia-0.1.0
SIG-PAT-0301-79a67e84a3,PAT-0301,2026-07-14 15:00:00,0.3237,MEDIUM,0.4242,2026-07-14 03:00:00,2026-07-14 15:00:00,"Riesgo MEDIUM para PAT-0301: evidencia sostenida durante 4 ventana(s) (12h). Variable con mayor aporte: HR (contribución=0.16, concordancia=0.00 con 0/7 variables disponibles). risk_score=0.324, confidence_score=0.424.",risa-vigia-0.1.0
SIG-PAT-0301-0b7cc0c811,PAT-0301,2026-07-16 15:00:00,0.6849,HIGH,0.7273,2026-07-16 00:00:00,2026-07-16 15:00:00,"Riesgo HIGH para PAT-0301: evidencia sostenida durante 5 ventana(s) (15h). Variable con mayor aporte: SBP (contribución=0.46, concordancia=0.12 con 1/8 variables disponibles). risk_score=0.685, confidence_score=0.727.",risa-vigia-0.1.0
SIG-PAT-0302-795f7321f7,PAT-0302,2026-07-06 12:00:00,0.7477,HIGH,0.4242,2026-07-05 21:00:00,2026-07-06 12:00:00,"Riesgo HIGH para PAT-0302: evidencia sostenida durante 5 ventana(s) (15h). Variable con mayor aporte: SBP (contribución=0.37, concordancia=0.29 con 2/7 variables disponibles). risk_score=0.748, confidence_score=0.424.",risa-vigia-0.1.0
SIG-PAT-0302-c35ffe8603,PAT-0302,2026-07-08 12:00:00,0.6396,HIGH,0.4242,2026-07-08 00:00:00,2026-07-08 12:00:00,"Riesgo HIGH para PAT-0302: evidencia sostenida durante 4 ventana(s) (12h). Variable con mayor aporte: SBP (contribución=0.45, concordancia=0.14 con 1/7 variables disponibles). risk_score=0.640, confidence_score=0.424.",risa-vigia-0.1.0
SIG-PAT-0302-0ce33771c0,PAT-0302,2026-07-10 12:00:00,0.6412,HIGH,0.4242,2026-07-08 21:00:00,2026-07-10 12:00:00,"Riesgo HIGH para PAT-0302: evidencia sostenida durante 13 ventana(s) (39h). Variable con mayor aporte: DBP (contribución=0.48, concordancia=0.14 con 1/7 variables disponibles). risk_score=0.641, confidence_score=0.424.",risa-vigia-0.1.0
SIG-PAT-0303-cda377fa9a,PAT-0303,2026-07-09 15:00:00,0.5371,MEDIUM,0.4131,2026-07-08 18:00:00,2026-07-09 15:00:00,"Riesgo MEDIUM para PAT-0303: evidencia sostenida durante 7 ventana(s) (21h). Variable con mayor aporte: HR (contribución=0.26, concordancia=0.14 con 1/7 variables disponibles). risk_score=0.537, confidence_score=0.413.",risa-vigia-0.1.0
SIG-PAT-0303-4a034039df,PAT-0303,2026-07-11 21:00:00,0.8516,CRITICAL,0.4242,2026-07-10 00:00:00,2026-07-11 21:00:00,"Riesgo CRITICAL para PAT-0303: evidencia sostenida durante 15 ventana(s) (45h). Variable con mayor aporte: SBP (contribución=0.75, concordancia=0.14 con 1/7 variables disponibles). risk_score=0.852, confidence_score=0.424.",risa-vigia-0.1.0
SIG-PAT-0303-4fd6214523,PAT-0303,2026-07-12 18:00:00,0.6706,HIGH,0.4125,2026-07-12 00:00:00,2026-07-12 18:00:00,"Riesgo HIGH para PAT-0303: evidencia sostenida durante 6 ventana(s) (18h). Variable con mayor aporte: SBP (contribución=0.48, concordancia=0.14 con 1/7 variables disponibles). risk_score=0.671, confidence_score=0.412.",risa-vigia-0.1.0
SIG-PAT-0304-7339e7d948,PAT-0304,2026-07-11 21:00:00,0.5103,MEDIUM,0.4242,2026-07-11 09:00:00,2026-07-11 21:00:00,"Riesgo MEDIUM para PAT-0304: evidencia sostenida durante 4 ventana(s) (12h). Variable con mayor aporte: TEMP (contribución=0.40, concordancia=0.14 con 1/7 variables disponibles). risk_score=0.510, confidence_score=0.424.",risa-vigia-0.1.0
SIG-PAT-0304-aedf69d4b3,PAT-0304,2026-07-13 15:00:00,0.8204,CRITICAL,0.4136,2026-07-12 00:00:00,2026-07-13 15:00:00,"Riesgo CRITICAL para PAT-0304: evidencia sostenida durante 13 ventana(s) (39h). Variable con mayor aporte: HR (contribución=0.53, concordancia=0.29 con 2/7 variables disponibles). risk_score=0.820, confidence_score=0.414.",risa-vigia-0.1.0
SIG-PAT-0304-5a539ee256,PAT-0304,2026-07-15 21:00:00,0.5881,HIGH,0.4242,2026-07-13 21:00:00,2026-07-15 21:00:00,"Riesgo HIGH para PAT-0304: evidencia sostenida durante 16 ventana(s) (48h). Variable con mayor aporte: HR (contribución=0.29, concordancia=0.14 con 1/7 variables disponibles). risk_score=0.588, confidence_score=0.424.",risa-vigia-0.1.0
SIG-PAT-0305-b69d7aff12,PAT-0305,2026-07-19 15:00:00,0.621,HIGH,0.4242,2026-07-19 00:00:00,2026-07-19 15:00:00,"Riesgo HIGH para PAT-0305: evidencia sostenida durante 5 ventana(s) (15h). Variable con mayor aporte: HR (contribución=0.52, concordancia=0.14 con 1/7 variables disponibles). risk_score=0.621, confidence_score=0.424.",risa-vigia-0.1.0
SIG-PAT-0305-ef4f62e38c,PAT-0305,2026-07-20 12:00:00,0.4877,MEDIUM,0.4242,2026-07-20 00:00:00,2026-07-20 12:00:00,"Riesgo MEDIUM para PAT-0305: evidencia sostenida durante 4 ventana(s) (12h). Variable con mayor aporte: DBP (contribución=0.28, concordancia=0.14 con 1/7 variables disponibles). risk_score=0.488, confidence_score=0.424.",risa-vigia-0.1.0
SIG-PAT-0305-4e568ec2a5,PAT-0305,2026-07-22 09:00:00,0.7134,HIGH,0.3636,2026-07-22 00:00:00,2026-07-22 09:00:00,"Riesgo HIGH para PAT-0305: evidencia sostenida durante 3 ventana(s) (9h). Variable con mayor aporte: DBP (contribución=0.40, concordancia=0.33 con 2/6 variables disponibles). risk_score=0.713, confidence_score=0.364.",risa-vigia-0.1.0
SIG-PAT-0306-7d185b4bd3,PAT-0306,2026-07-20 15:00:00,0.7632,HIGH,0.4242,2026-07-19 21:00:00,2026-07-20 15:00:00,"Riesgo HIGH para PAT-0306: evidencia sostenida durante 6 ventana(s) (18h). Variable con mayor aporte: HR (contribución=0.68, concordancia=0.14 con 1/7 variables disponibles). risk_score=0.763, confidence_score=0.424.",risa-vigia-0.1.0
SIG-PAT-0306-20e1882c91,PAT-0306,2026-07-23 00:00:00,0.5654,HIGH,0.4242,2026-07-21 00:00:00,2026-07-23 00:00:00,"Riesgo HIGH para PAT-0306: evidencia sostenida durante 16 ventana(s) (48h). Variable con mayor aporte: DBP (contribución=0.35, concordancia=0.14 con 1/7 variables disponibles). risk_score=0.565, confidence_score=0.424.",risa-vigia-0.1.0
SIG-PAT-0306-2df4ccce77,PAT-0306,2026-07-23 18:00:00,0.3846,MEDIUM,0.4242,2026-07-23 00:00:00,2026-07-23 18:00:00,"Riesgo MEDIUM para PAT-0306: evidencia sostenida durante 6 ventana(s) (18h). Variable con mayor aporte: HR (contribución=0.18, concordancia=0.00 con 0/7 variables disponibles). risk_score=0.385, confidence_score=0.424.",risa-vigia-0.1.0
SIG-PAT-0307-3296fbf07a,PAT-0307,2026-07-08 12:00:00,0.6821,HIGH,0.4242,2026-07-07 21:00:00,2026-07-08 12:00:00,"Riesgo HIGH para PAT-0307: evidencia sostenida durante 5 ventana(s) (15h). Variable con mayor aporte: HR (contribución=0.42, concordancia=0.29 con 2/7 variables disponibles). risk_score=0.682, confidence_score=0.424.",risa-vigia-0.1.0
SIG-PAT-0307-d8eb530b97,PAT-0307,2026-07-09 09:00:00,0.9874,CRITICAL,0.4242,2026-07-08 15:00:00,2026-07-09 09:00:00,"Riesgo CRITICAL para PAT-0307: evidencia sostenida durante 6 ventana(s) (18h). Variable con mayor aporte: SpO2 (contribución=0.69, concordancia=0.57 con 4/7 variables disponibles). risk_score=0.987, confidence_score=0.424.",risa-vigia-0.1.0
SIG-PAT-0307-62f0e613b1,PAT-0307,2026-07-11 12:00:00,0.5354,MEDIUM,0.4242,2026-07-11 00:00:00,2026-07-11 12:00:00,"Riesgo MEDIUM para PAT-0307: evidencia sostenida durante 4 ventana(s) (12h). Variable con mayor aporte: SBP (contribución=0.45, concordancia=0.14 con 1/7 variables disponibles). risk_score=0.535, confidence_score=0.424.",risa-vigia-0.1.0
SIG-PAT-0307-408e7ff5c7,PAT-0307,2026-07-14 12:00:00,0.4741,MEDIUM,0.4242,2026-07-14 00:00:00,2026-07-14 12:00:00,"Riesgo MEDIUM para PAT-0307: evidencia sostenida durante 4 ventana(s) (12h). Variable con mayor aporte: HR (contribución=0.23, concordancia=0.00 con 0/7 variables disponibles). risk_score=0.474, confidence_score=0.424.",risa-vigia-0.1.0
SIG-PAT-0307-305df57c74,PAT-0307,2026-07-15 15:00:00,0.3227,MEDIUM,0.4242,2026-07-15 00:00:00,2026-07-15 15:00:00,"Riesgo MEDIUM para PAT-0307: evidencia sostenida durante 5 ventana(s) (15h). Variable con mayor aporte: HR (contribución=0.14, concordancia=0.00 con 0/7 variables disponibles). risk_score=0.323, confidence_score=0.424.",risa-vigia-0.1.0
SIG-PAT-0307-5b87c84496,PAT-0307,2026-07-21 12:00:00,0.5748,HIGH,0.4007,2026-07-21 00:00:00,2026-07-21 12:00:00,"Riesgo HIGH para PAT-0307: evidencia sostenida durante 4 ventana(s) (12h). Variable con mayor aporte: SBP (contribución=0.41, concordancia=0.14 con 1/7 variables disponibles). risk_score=0.575, confidence_score=0.401.",risa-vigia-0.1.0
SIG-PAT-0307-051670e261,PAT-0307,2026-07-24 06:00:00,0.7538,HIGH,0.4242,2026-07-23 00:00:00,2026-07-24 06:00:00,"Riesgo HIGH para PAT-0307: evidencia sostenida durante 10 ventana(s) (30h). Variable con mayor aporte: SBP (contribución=0.61, concordancia=0.14 con 1/7 variables disponibles). risk_score=0.754, confidence_score=0.424.",risa-vigia-0.1.0
SIG-PAT-0308-4a41cbbe2b,PAT-0308,2026-07-10 12:00:00,0.4542,MEDIUM,0.4242,2026-07-09 18:00:00,2026-07-10 12:00:00,"Riesgo MEDIUM para PAT-0308: evidencia sostenida durante 6 ventana(s) (18h). Variable con mayor aporte: HR (contribución=0.31, concordancia=0.14 con 1/7 variables disponibles). risk_score=0.454, confidence_score=0.424.",risa-vigia-0.1.0
SIG-PAT-0308-3898e6df8d,PAT-0308,2026-07-11 12:00:00,0.5646,HIGH,0.4242,2026-07-11 00:00:00,2026-07-11 12:00:00,"Riesgo HIGH para PAT-0308: evidencia sostenida durante 4 ventana(s) (12h). Variable con mayor aporte: SBP (contribución=0.26, concordancia=0.14 con 1/7 variables disponibles). risk_score=0.565, confidence_score=0.424.",risa-vigia-0.1.0
SIG-PAT-0308-c2fba9fc36,PAT-0308,2026-07-13 15:00:00,0.5961,HIGH,0.4242,2026-07-12 09:00:00,2026-07-13 15:00:00,"Riesgo HIGH para PAT-0308: evidencia sostenida durante 10 ventana(s) (30h). Variable con mayor aporte: DBP (contribución=0.39, concordancia=0.14 con 1/7 variables disponibles). risk_score=0.596, confidence_score=0.424.",risa-vigia-0.1.0
SIG-PAT-0309-2fd0fb3b97,PAT-0309,2026-07-28 03:00:00,0.587,HIGH,0.4242,2026-07-27 03:00:00,2026-07-28 03:00:00,"Riesgo HIGH para PAT-0309: evidencia sostenida durante 8 ventana(s) (24h). Variable con mayor aporte: HR (contribución=0.43, concordancia=0.14 con 1/7 variables disponibles). risk_score=0.587, confidence_score=0.424.",risa-vigia-0.1.0
SIG-PAT-0310-5ee01ae548,PAT-0310,2026-07-09 12:00:00,0.7777,HIGH,0.9091,2026-07-07 15:00:00,2026-07-09 12:00:00,"Riesgo HIGH para PAT-0310: evidencia sostenida durante 15 ventana(s) (45h). Variable con mayor aporte: DBP (contribución=0.49, concordancia=0.20 con 2/10 variables disponibles). risk_score=0.778, confidence_score=0.909.",risa-vigia-0.1.0
SIG-PAT-0310-6aeb16551c,PAT-0310,2026-07-12 09:00:00,0.558,HIGH,0.4242,2026-07-12 00:00:00,2026-07-12 09:00:00,"Riesgo HIGH para PAT-0310: evidencia sostenida durante 3 ventana(s) (9h). Variable con mayor aporte: SBP (contribución=0.41, concordancia=0.14 con 1/7 variables disponibles). risk_score=0.558, confidence_score=0.424.",risa-vigia-0.1.0
SIG-PAT-0311-9963bd3f84,PAT-0311,2026-07-26 21:00:00,0.8432,CRITICAL,0.7273,2026-07-24 21:00:00,2026-07-26 21:00:00,"Riesgo CRITICAL para PAT-0311: evidencia sostenida durante 16 ventana(s) (48h). Variable con mayor aporte: LAB_A (contribución=0.68, concordancia=0.12 con 1/8 variables disponibles). risk_score=0.843, confidence_score=0.727.",risa-vigia-0.1.0
SIG-PAT-0311-0e2be02fa6,PAT-0311,2026-07-30 12:00:00,0.4952,MEDIUM,0.7273,2026-07-29 21:00:00,2026-07-30 12:00:00,"Riesgo MEDIUM para PAT-0311: evidencia sostenida durante 5 ventana(s) (15h). Variable con mayor aporte: DBP (contribución=0.30, concordancia=0.12 con 1/8 variables disponibles). risk_score=0.495, confidence_score=0.727.",risa-vigia-0.1.0
SIG-PAT-0312-588ac9b054,PAT-0312,2026-07-22 15:00:00,0.6333,HIGH,0.4242,2026-07-20 21:00:00,2026-07-22 15:00:00,"Riesgo HIGH para PAT-0312: evidencia sostenida durante 14 ventana(s) (42h). Variable con mayor aporte: SBP (contribución=0.30, concordancia=0.14 con 1/7 variables disponibles). risk_score=0.633, confidence_score=0.424.",risa-vigia-0.1.0
SIG-PAT-0312-73d41f1328,PAT-0312,2026-07-23 12:00:00,0.81,CRITICAL,0.4242,2026-07-22 15:00:00,2026-07-23 12:00:00,"Riesgo CRITICAL para PAT-0312: evidencia sostenida durante 7 ventana(s) (21h). Variable con mayor aporte: DBP (contribución=0.76, concordancia=0.14 con 1/7 variables disponibles). risk_score=0.810, confidence_score=0.424.",risa-vigia-0.1.0
SIG-PAT-0312-0ff9345f78,PAT-0312,2026-07-25 09:00:00,0.5816,HIGH,0.4242,2026-07-25 00:00:00,2026-07-25 09:00:00,"Riesgo HIGH para PAT-0312: evidencia sostenida durante 3 ventana(s) (9h). Variable con mayor aporte: HR (contribución=0.22, concordancia=0.14 con 1/7 variables disponibles). risk_score=0.582, confidence_score=0.424.",risa-vigia-0.1.0
SIG-PAT-0313-9b99539bc8,PAT-0313,2026-07-25 09:00:00,0.3435,MEDIUM,0.4242,2026-07-25 00:00:00,2026-07-25 09:00:00,"Riesgo MEDIUM para PAT-0313: evidencia sostenida durante 3 ventana(s) (9h). Variable con mayor aporte: HR (contribución=0.17, concordancia=0.00 con 0/7 variables disponibles). risk_score=0.344, confidence_score=0.424.",risa-vigia-0.1.0
SIG-PAT-0314-e4f05f384e,PAT-0314,2026-07-27 12:00:00,0.5284,MEDIUM,0.4242,2026-07-27 00:00:00,2026-07-27 12:00:00,"Riesgo MEDIUM para PAT-0314: evidencia sostenida durante 4 ventana(s) (12h). Variable con mayor aporte: DBP (contribución=0.28, concordancia=0.14 con 1/7 variables disponibles). risk_score=0.528, confidence_score=0.424.",risa-vigia-0.1.0
SIG-PAT-0315-7e66e2dec0,PAT-0315,2026-07-10 12:00:00,0.5898,HIGH,0.4242,2026-07-10 00:00:00,2026-07-10 12:00:00,"Riesgo HIGH para PAT-0315: evidencia sostenida durante 4 ventana(s) (12h). Variable con mayor aporte: HR (contribución=0.51, concordancia=0.14 con 1/7 variables disponibles). risk_score=0.590, confidence_score=0.424.",risa-vigia-0.1.0
SIG-PAT-0316-6decf04ad0,PAT-0316,2026-07-21 12:00:00,0.5858,HIGH,0.4242,2026-07-21 00:00:00,2026-07-21 12:00:00,"Riesgo HIGH para PAT-0316: evidencia sostenida durante 4 ventana(s) (12h). Variable con mayor aporte: SBP (contribución=0.41, concordancia=0.14 con 1/7 variables disponibles). risk_score=0.586, confidence_score=0.424.",risa-vigia-0.1.0
SIG-PAT-0316-55a440b82d,PAT-0316,2026-07-22 15:00:00,0.6418,HIGH,0.4242,2026-07-22 00:00:00,2026-07-22 15:00:00,"Riesgo HIGH para PAT-0316: evidencia sostenida durante 5 ventana(s) (15h). Variable con mayor aporte: DBP (contribución=0.49, concordancia=0.14 con 1/7 variables disponibles). risk_score=0.642, confidence_score=0.424.",risa-vigia-0.1.0
SIG-PAT-0316-964ea5e96e,PAT-0316,2026-07-23 09:00:00,0.6184,HIGH,0.4242,2026-07-22 21:00:00,2026-07-23 09:00:00,"Riesgo HIGH para PAT-0316: evidencia sostenida durante 4 ventana(s) (12h). Variable con mayor aporte: SBP (contribución=0.47, concordancia=0.14 con 1/7 variables disponibles). risk_score=0.618, confidence_score=0.424.",risa-vigia-0.1.0
SIG-PAT-0317-b5ce265613,PAT-0317,2026-07-27 15:00:00,0.5741,HIGH,0.7273,2026-07-26 21:00:00,2026-07-27 15:00:00,"Riesgo HIGH para PAT-0317: evidencia sostenida durante 6 ventana(s) (18h). Variable con mayor aporte: HR (contribución=0.46, concordancia=0.12 con 1/8 variables disponibles). risk_score=0.574, confidence_score=0.727.",risa-vigia-0.1.0
SIG-PAT-0317-629211f949,PAT-0317,2026-07-28 12:00:00,0.4354,MEDIUM,0.4242,2026-07-28 00:00:00,2026-07-28 12:00:00,"Riesgo MEDIUM para PAT-0317: evidencia sostenida durante 4 ventana(s) (12h). Variable con mayor aporte: HR (contribución=0.26, concordancia=0.14 con 1/7 variables disponibles). risk_score=0.435, confidence_score=0.424.",risa-vigia-0.1.0
SIG-PAT-0318-7374f24a7f,PAT-0318,2026-07-12 12:00:00,0.5699,HIGH,0.4242,2026-07-12 00:00:00,2026-07-12 12:00:00,"Riesgo HIGH para PAT-0318: evidencia sostenida durante 4 ventana(s) (12h). Variable con mayor aporte: HR (contribución=0.46, concordancia=0.14 con 1/7 variables disponibles). risk_score=0.570, confidence_score=0.424.",risa-vigia-0.1.0
SIG-PAT-0318-ff3a87d61e,PAT-0318,2026-07-13 15:00:00,0.5738,HIGH,0.4242,2026-07-13 00:00:00,2026-07-13 15:00:00,"Riesgo HIGH para PAT-0318: evidencia sostenida durante 5 ventana(s) (15h). Variable con mayor aporte: RR (contribución=0.27, concordancia=0.14 con 1/7 variables disponibles). risk_score=0.574, confidence_score=0.424.",risa-vigia-0.1.0
SIG-PAT-0318-8de0ae43da,PAT-0318,2026-07-14 15:00:00,0.3647,MEDIUM,0.4242,2026-07-14 00:00:00,2026-07-14 15:00:00,"Riesgo MEDIUM para PAT-0318: evidencia sostenida durante 5 ventana(s) (15h). Variable con mayor aporte: HR (contribución=0.21, concordancia=0.00 con 0/7 variables disponibles). risk_score=0.365, confidence_score=0.424.",risa-vigia-0.1.0
SIG-PAT-0318-092f2c4063,PAT-0318,2026-07-17 15:00:00,0.4134,MEDIUM,0.4242,2026-07-16 21:00:00,2026-07-17 15:00:00,"Riesgo MEDIUM para PAT-0318: evidencia sostenida durante 6 ventana(s) (18h). Variable con mayor aporte: RR (contribución=0.14, concordancia=0.00 con 0/7 variables disponibles). risk_score=0.413, confidence_score=0.424.",risa-vigia-0.1.0
SIG-PAT-0319-d8c28f8bc8,PAT-0319,2026-07-06 18:00:00,0.6067,HIGH,0.4131,2026-07-06 00:00:00,2026-07-06 18:00:00,"Riesgo HIGH para PAT-0319: evidencia sostenida durante 6 ventana(s) (18h). Variable con mayor aporte: HR (contribución=0.43, concordancia=0.14 con 1/7 variables disponibles). risk_score=0.607, confidence_score=0.413.",risa-vigia-0.1.0
SIG-PAT-0319-b3b26bb553,PAT-0319,2026-07-07 12:00:00,0.6787,HIGH,0.4242,2026-07-07 00:00:00,2026-07-07 12:00:00,"Riesgo HIGH para PAT-0319: evidencia sostenida durante 4 ventana(s) (12h). Variable con mayor aporte: SBP (contribución=0.53, concordancia=0.14 con 1/7 variables disponibles). risk_score=0.679, confidence_score=0.424.",risa-vigia-0.1.0
SIG-PAT-0319-f2eda3e7f5,PAT-0319,2026-07-11 00:00:00,0.5476,MEDIUM,0.4242,2026-07-10 00:00:00,2026-07-11 00:00:00,"Riesgo MEDIUM para PAT-0319: evidencia sostenida durante 8 ventana(s) (24h). Variable con mayor aporte: SBP (contribución=0.39, concordancia=0.14 con 1/7 variables disponibles). risk_score=0.548, confidence_score=0.424.",risa-vigia-0.1.0
SIG-PAT-0319-bbec699b19,PAT-0319,2026-07-11 12:00:00,0.535,MEDIUM,0.4242,2026-07-11 00:00:00,2026-07-11 12:00:00,"Riesgo MEDIUM para PAT-0319: evidencia sostenida durante 4 ventana(s) (12h). Variable con mayor aporte: SBP (contribución=0.31, concordancia=0.14 con 1/7 variables disponibles). risk_score=0.535, confidence_score=0.424.",risa-vigia-0.1.0
SIG-PAT-0320-4ddbd9dfaf,PAT-0320,2026-07-22 12:00:00,0.4243,MEDIUM,0.4242,2026-07-22 00:00:00,2026-07-22 12:00:00,"Riesgo MEDIUM para PAT-0320: evidencia sostenida durante 4 ventana(s) (12h). Variable con mayor aporte: HR (contribución=0.34, concordancia=0.14 con 1/7 variables disponibles). risk_score=0.424, confidence_score=0.424.",risa-vigia-0.1.0
SIG-PAT-0320-f0aa0a2bb6,PAT-0320,2026-07-23 18:00:00,0.5511,HIGH,0.4242,2026-07-23 06:00:00,2026-07-23 18:00:00,"Riesgo HIGH para PAT-0320: evidencia sostenida durante 4 ventana(s) (12h). Variable con mayor aporte: RR (contribución=0.27, concordancia=0.14 con 1/7 variables disponibles). risk_score=0.551, confidence_score=0.424.",risa-vigia-0.1.0
SIG-PAT-0320-999c05f515,PAT-0320,2026-07-24 12:00:00,0.7807,HIGH,0.4128,2026-07-23 21:00:00,2026-07-24 12:00:00,"Riesgo HIGH para PAT-0320: evidencia sostenida durante 5 ventana(s) (15h). Variable con mayor aporte: DBP (contribución=0.56, concordancia=0.29 con 2/7 variables disponibles). risk_score=0.781, confidence_score=0.413.",risa-vigia-0.1.0
SIG-PAT-0320-1408c3a562,PAT-0320,2026-07-27 12:00:00,0.608,HIGH,0.4125,2026-07-27 00:00:00,2026-07-27 12:00:00,"Riesgo HIGH para PAT-0320: evidencia sostenida durante 4 ventana(s) (12h). Variable con mayor aporte: SBP (contribución=0.46, concordancia=0.14 con 1/7 variables disponibles). risk_score=0.608, confidence_score=0.412.",risa-vigia-0.1.0
SIG-PAT-0321-854ed174a9,PAT-0321,2026-07-08 18:00:00,0.8775,CRITICAL,0.7273,2026-07-07 12:00:00,2026-07-08 18:00:00,"Riesgo CRITICAL para PAT-0321: evidencia sostenida durante 10 ventana(s) (30h). Variable con mayor aporte: HR (contribución=0.73, concordancia=0.25 con 2/8 variables disponibles). risk_score=0.878, confidence_score=0.727.",risa-vigia-0.1.0
SIG-PAT-0321-1416a21807,PAT-0321,2026-07-09 15:00:00,0.7024,HIGH,0.4242,2026-07-08 21:00:00,2026-07-09 15:00:00,"Riesgo HIGH para PAT-0321: evidencia sostenida durante 6 ventana(s) (18h). Variable con mayor aporte: HR (contribución=0.37, concordancia=0.29 con 2/7 variables disponibles). risk_score=0.702, confidence_score=0.424.",risa-vigia-0.1.0
SIG-PAT-0321-2b57f7ddd8,PAT-0321,2026-07-10 18:00:00,0.7742,HIGH,0.4242,2026-07-09 18:00:00,2026-07-10 18:00:00,"Riesgo HIGH para PAT-0321: evidencia sostenida durante 8 ventana(s) (24h). Variable con mayor aporte: DBP (contribución=0.54, concordancia=0.29 con 2/7 variables disponibles). risk_score=0.774, confidence_score=0.424.",risa-vigia-0.1.0
SIG-PAT-0321-3c34789c64,PAT-0321,2026-07-12 12:00:00,0.4306,MEDIUM,0.4242,2026-07-12 00:00:00,2026-07-12 12:00:00,"Riesgo MEDIUM para PAT-0321: evidencia sostenida durante 4 ventana(s) (12h). Variable con mayor aporte: HR (contribución=0.26, concordancia=0.14 con 1/7 variables disponibles). risk_score=0.431, confidence_score=0.424.",risa-vigia-0.1.0
SIG-PAT-0322-fdb028c40f,PAT-0322,2026-07-24 18:00:00,0.7028,HIGH,0.4242,2026-07-23 21:00:00,2026-07-24 18:00:00,"Riesgo HIGH para PAT-0322: evidencia sostenida durante 7 ventana(s) (21h). Variable con mayor aporte: HR (contribución=0.56, concordancia=0.14 con 1/7 variables disponibles). risk_score=0.703, confidence_score=0.424.",risa-vigia-0.1.0
SIG-PAT-0322-df53051d52,PAT-0322,2026-07-26 12:00:00,0.6451,HIGH,0.4128,2026-07-25 21:00:00,2026-07-26 12:00:00,"Riesgo HIGH para PAT-0322: evidencia sostenida durante 5 ventana(s) (15h). Variable con mayor aporte: HR (contribución=0.31, concordancia=0.29 con 2/7 variables disponibles). risk_score=0.645, confidence_score=0.413.",risa-vigia-0.1.0
SIG-PAT-0322-3dc1c4c036,PAT-0322,2026-07-27 09:00:00,0.5096,MEDIUM,0.4242,2026-07-27 00:00:00,2026-07-27 09:00:00,"Riesgo MEDIUM para PAT-0322: evidencia sostenida durante 3 ventana(s) (9h). Variable con mayor aporte: HR (contribución=0.32, concordancia=0.14 con 1/7 variables disponibles). risk_score=0.510, confidence_score=0.424.",risa-vigia-0.1.0
SIG-PAT-0323-d44f889fdf,PAT-0323,2026-07-28 12:00:00,0.8224,CRITICAL,0.4242,2026-07-26 09:00:00,2026-07-28 12:00:00,"Riesgo CRITICAL para PAT-0323: evidencia sostenida durante 17 ventana(s) (51h). Variable con mayor aporte: TEMP (contribución=0.42, concordancia=0.43 con 3/7 variables disponibles). risk_score=0.822, confidence_score=0.424.",risa-vigia-0.1.0
SIG-PAT-0324-fba8b3028a,PAT-0324,2026-07-11 18:00:00,0.5646,HIGH,0.4242,2026-07-10 00:00:00,2026-07-11 18:00:00,"Riesgo HIGH para PAT-0324: evidencia sostenida durante 14 ventana(s) (42h). Variable con mayor aporte: DBP (contribución=0.36, concordancia=0.14 con 1/7 variables disponibles). risk_score=0.565, confidence_score=0.424.",risa-vigia-0.1.0
SIG-PAT-0325-0004925f5c,PAT-0325,2026-07-09 12:00:00,0.5587,HIGH,0.4242,2026-07-09 00:00:00,2026-07-09 12:00:00,"Riesgo HIGH para PAT-0325: evidencia sostenida durante 4 ventana(s) (12h). Variable con mayor aporte: HR (contribución=0.46, concordancia=0.14 con 1/7 variables disponibles). risk_score=0.559, confidence_score=0.424.",risa-vigia-0.1.0
SIG-PAT-0325-0b387b0399,PAT-0325,2026-07-10 12:00:00,0.6334,HIGH,0.4242,2026-07-10 00:00:00,2026-07-10 12:00:00,"Riesgo HIGH para PAT-0325: evidencia sostenida durante 4 ventana(s) (12h). Variable con mayor aporte: DBP (contribución=0.30, concordancia=0.29 con 2/7 variables disponibles). risk_score=0.633, confidence_score=0.424.",risa-vigia-0.1.0
SIG-PAT-0325-9baca51cf0,PAT-0325,2026-07-12 09:00:00,0.6308,HIGH,0.4242,2026-07-12 00:00:00,2026-07-12 09:00:00,"Riesgo HIGH para PAT-0325: evidencia sostenida durante 3 ventana(s) (9h). Variable con mayor aporte: DBP (contribución=0.36, concordancia=0.29 con 2/7 variables disponibles). risk_score=0.631, confidence_score=0.424.",risa-vigia-0.1.0
SIG-PAT-0326-97e7d61274,PAT-0326,2026-07-06 21:00:00,0.7749,HIGH,0.4242,2026-07-05 00:00:00,2026-07-06 21:00:00,"Riesgo HIGH para PAT-0326: evidencia sostenida durante 15 ventana(s) (45h). Variable con mayor aporte: HR (contribución=0.34, concordancia=0.29 con 2/7 variables disponibles). risk_score=0.775, confidence_score=0.424.",risa-vigia-0.1.0
SIG-PAT-0327-0b17753561,PAT-0327,2026-07-25 00:00:00,0.5778,HIGH,0.4242,2026-07-24 00:00:00,2026-07-25 00:00:00,"Riesgo HIGH para PAT-0327: evidencia sostenida durante 8 ventana(s) (24h). Variable con mayor aporte: SBP (contribución=0.28, concordancia=0.14 con 1/7 variables disponibles). risk_score=0.578, confidence_score=0.424.",risa-vigia-0.1.0
SIG-PAT-0327-eb9105ddd4,PAT-0327,2026-07-25 18:00:00,0.5755,HIGH,0.4242,2026-07-25 00:00:00,2026-07-25 18:00:00,"Riesgo HIGH para PAT-0327: evidencia sostenida durante 6 ventana(s) (18h). Variable con mayor aporte: SBP (contribución=0.50, concordancia=0.14 con 1/7 variables disponibles). risk_score=0.576, confidence_score=0.424.",risa-vigia-0.1.0
SIG-PAT-0327-ec1d484151,PAT-0327,2026-07-29 12:00:00,0.4523,MEDIUM,0.4242,2026-07-28 21:00:00,2026-07-29 12:00:00,"Riesgo MEDIUM para PAT-0327: evidencia sostenida durante 5 ventana(s) (15h). Variable con mayor aporte: SBP (contribución=0.32, concordancia=0.14 con 1/7 variables disponibles). risk_score=0.452, confidence_score=0.424.",risa-vigia-0.1.0
SIG-PAT-0327-4b90eb0d0b,PAT-0327,2026-07-31 09:00:00,0.3808,MEDIUM,0.4242,2026-07-31 00:00:00,2026-07-31 09:00:00,"Riesgo MEDIUM para PAT-0327: evidencia sostenida durante 3 ventana(s) (9h). Variable con mayor aporte: WEARABLE_HR (contribución=0.15, concordancia=0.00 con 0/7 variables disponibles). risk_score=0.381, confidence_score=0.424.",risa-vigia-0.1.0
SIG-PAT-0328-263a8cdd9c,PAT-0328,2026-07-04 12:00:00,0.4813,MEDIUM,0.4242,2026-07-04 00:00:00,2026-07-04 12:00:00,"Riesgo MEDIUM para PAT-0328: evidencia sostenida durante 4 ventana(s) (12h). Variable con mayor aporte: SBP (contribución=0.34, concordancia=0.14 con 1/7 variables disponibles). risk_score=0.481, confidence_score=0.424.",risa-vigia-0.1.0
SIG-PAT-0329-4a9f1258e5,PAT-0329,2026-07-11 21:00:00,0.7339,HIGH,0.4242,2026-07-11 00:00:00,2026-07-11 21:00:00,"Riesgo HIGH para PAT-0329: evidencia sostenida durante 7 ventana(s) (21h). Variable con mayor aporte: HR (contribución=0.41, concordancia=0.29 con 2/7 variables disponibles). risk_score=0.734, confidence_score=0.424.",risa-vigia-0.1.0
SIG-PAT-0329-0538e91700,PAT-0329,2026-07-13 12:00:00,0.5362,MEDIUM,0.4242,2026-07-13 00:00:00,2026-07-13 12:00:00,"Riesgo MEDIUM para PAT-0329: evidencia sostenida durante 4 ventana(s) (12h). Variable con mayor aporte: DBP (contribución=0.28, concordancia=0.14 con 1/7 variables disponibles). risk_score=0.536, confidence_score=0.424.",risa-vigia-0.1.0
SIG-PAT-0329-312fe0ae47,PAT-0329,2026-07-14 15:00:00,0.4217,MEDIUM,0.4242,2026-07-14 00:00:00,2026-07-14 15:00:00,"Riesgo MEDIUM para PAT-0329: evidencia sostenida durante 5 ventana(s) (15h). Variable con mayor aporte: HR (contribución=0.26, concordancia=0.14 con 1/7 variables disponibles). risk_score=0.422, confidence_score=0.424.",risa-vigia-0.1.0
SIG-PAT-0330-76c88bdf0b,PAT-0330,2026-07-18 12:00:00,0.4889,MEDIUM,0.4242,2026-07-18 00:00:00,2026-07-18 12:00:00,"Riesgo MEDIUM para PAT-0330: evidencia sostenida durante 4 ventana(s) (12h). Variable con mayor aporte: HR (contribución=0.31, concordancia=0.14 con 1/7 variables disponibles). risk_score=0.489, confidence_score=0.424.",risa-vigia-0.1.0
SIG-PAT-0330-2387074363,PAT-0330,2026-07-20 12:00:00,0.5024,MEDIUM,0.4242,2026-07-20 00:00:00,2026-07-20 12:00:00,"Riesgo MEDIUM para PAT-0330: evidencia sostenida durante 4 ventana(s) (12h). Variable con mayor aporte: DBP (contribución=0.27, concordancia=0.14 con 1/7 variables disponibles). risk_score=0.502, confidence_score=0.424.",risa-vigia-0.1.0
SIG-PAT-0330-45845285bf,PAT-0330,2026-07-22 15:00:00,0.6479,HIGH,0.4242,2026-07-21 00:00:00,2026-07-22 15:00:00,"Riesgo HIGH para PAT-0330: evidencia sostenida durante 13 ventana(s) (39h). Variable con mayor aporte: DBP (contribución=0.39, concordancia=0.14 con 1/7 variables disponibles). risk_score=0.648, confidence_score=0.424.",risa-vigia-0.1.0
SIG-PAT-0331-4754258e3d,PAT-0331,2026-07-07 21:00:00,0.7228,HIGH,0.4242,2026-07-07 00:00:00,2026-07-07 21:00:00,"Riesgo HIGH para PAT-0331: evidencia sostenida durante 7 ventana(s) (21h). Variable con mayor aporte: DBP (contribución=0.47, concordancia=0.29 con 2/7 variables disponibles). risk_score=0.723, confidence_score=0.424.",risa-vigia-0.1.0
SIG-PAT-0331-551aaacda2,PAT-0331,2026-07-08 15:00:00,0.659,HIGH,0.4242,2026-07-08 00:00:00,2026-07-08 15:00:00,"Riesgo HIGH para PAT-0331: evidencia sostenida durante 5 ventana(s) (15h). Variable con mayor aporte: DBP (contribución=0.57, concordancia=0.14 con 1/7 variables disponibles). risk_score=0.659, confidence_score=0.424.",risa-vigia-0.1.0
SIG-PAT-0331-3437af28d9,PAT-0331,2026-07-12 12:00:00,0.3996,MEDIUM,0.4134,2026-07-11 21:00:00,2026-07-12 12:00:00,"Riesgo MEDIUM para PAT-0331: evidencia sostenida durante 5 ventana(s) (15h). Variable con mayor aporte: TEMP (contribución=0.20, concordancia=0.00 con 0/7 variables disponibles). risk_score=0.400, confidence_score=0.413.",risa-vigia-0.1.0
SIG-PAT-0331-894402702a,PAT-0331,2026-07-13 12:00:00,0.3671,MEDIUM,0.4242,2026-07-12 15:00:00,2026-07-13 12:00:00,"Riesgo MEDIUM para PAT-0331: evidencia sostenida durante 7 ventana(s) (21h). Variable con mayor aporte: SBP (contribución=0.23, concordancia=0.00 con 0/7 variables disponibles). risk_score=0.367, confidence_score=0.424.",risa-vigia-0.1.0
SIG-PAT-0332-5dee7f73df,PAT-0332,2026-07-23 12:00:00,0.3423,MEDIUM,0.4242,2026-07-23 00:00:00,2026-07-23 12:00:00,"Riesgo MEDIUM para PAT-0332: evidencia sostenida durante 4 ventana(s) (12h). Variable con mayor aporte: HR (contribución=0.18, concordancia=0.00 con 0/7 variables disponibles). risk_score=0.342, confidence_score=0.424.",risa-vigia-0.1.0
SIG-PAT-0332-f2b4e6f5b0,PAT-0332,2026-07-24 15:00:00,0.3515,MEDIUM,0.4242,2026-07-24 00:00:00,2026-07-24 15:00:00,"Riesgo MEDIUM para PAT-0332: evidencia sostenida durante 5 ventana(s) (15h). Variable con mayor aporte: HR (contribución=0.15, concordancia=0.00 con 0/7 variables disponibles). risk_score=0.351, confidence_score=0.424.",risa-vigia-0.1.0
SIG-PAT-0332-40ea3244f1,PAT-0332,2026-07-25 18:00:00,0.7322,HIGH,0.4134,2026-07-24 15:00:00,2026-07-25 18:00:00,"Riesgo HIGH para PAT-0332: evidencia sostenida durante 9 ventana(s) (27h). Variable con mayor aporte: SBP (contribución=0.47, concordancia=0.29 con 2/7 variables disponibles). risk_score=0.732, confidence_score=0.413.",risa-vigia-0.1.0
SIG-PAT-0332-0227c8c2df,PAT-0332,2026-07-27 03:00:00,0.5441,MEDIUM,0.4242,2026-07-25 21:00:00,2026-07-27 03:00:00,"Riesgo MEDIUM para PAT-0332: evidencia sostenida durante 10 ventana(s) (30h). Variable con mayor aporte: DBP (contribución=0.33, concordancia=0.14 con 1/7 variables disponibles). risk_score=0.544, confidence_score=0.424.",risa-vigia-0.1.0
SIG-PAT-0334-70fd4e5c92,PAT-0334,2026-07-12 12:00:00,0.5774,HIGH,0.4242,2026-07-09 09:00:00,2026-07-12 12:00:00,"Riesgo HIGH para PAT-0334: evidencia sostenida durante 25 ventana(s) (75h). Variable con mayor aporte: HR (contribución=0.30, concordancia=0.14 con 1/7 variables disponibles). risk_score=0.577, confidence_score=0.424.",risa-vigia-0.1.0
SIG-PAT-0334-75d3280395,PAT-0334,2026-07-13 12:00:00,0.5224,MEDIUM,0.4242,2026-07-13 00:00:00,2026-07-13 12:00:00,"Riesgo MEDIUM para PAT-0334: evidencia sostenida durante 4 ventana(s) (12h). Variable con mayor aporte: SBP (contribución=0.37, concordancia=0.14 con 1/7 variables disponibles). risk_score=0.522, confidence_score=0.424.",risa-vigia-0.1.0
SIG-PAT-0335-03f5d10075,PAT-0335,2026-07-21 18:00:00,0.4336,MEDIUM,0.4242,2026-07-21 00:00:00,2026-07-21 18:00:00,"Riesgo MEDIUM para PAT-0335: evidencia sostenida durante 6 ventana(s) (18h). Variable con mayor aporte: DBP (contribución=0.26, concordancia=0.14 con 1/7 variables disponibles). risk_score=0.434, confidence_score=0.424.",risa-vigia-0.1.0
SIG-PAT-0335-a75d3034ee,PAT-0335,2026-07-23 18:00:00,0.6897,HIGH,0.4242,2026-07-22 00:00:00,2026-07-23 18:00:00,"Riesgo HIGH para PAT-0335: evidencia sostenida durante 14 ventana(s) (42h). Variable con mayor aporte: DBP (contribución=0.62, concordancia=0.14 con 1/7 variables disponibles). risk_score=0.690, confidence_score=0.424.",risa-vigia-0.1.0
SIG-PAT-0335-934d4b8947,PAT-0335,2026-07-27 12:00:00,0.5111,MEDIUM,0.4242,2026-07-26 21:00:00,2026-07-27 12:00:00,"Riesgo MEDIUM para PAT-0335: evidencia sostenida durante 5 ventana(s) (15h). Variable con mayor aporte: DBP (contribución=0.43, concordancia=0.14 con 1/7 variables disponibles). risk_score=0.511, confidence_score=0.424.",risa-vigia-0.1.0
SIG-PAT-0336-79aba70c26,PAT-0336,2026-07-22 21:00:00,0.5063,MEDIUM,0.4242,2026-07-21 21:00:00,2026-07-22 21:00:00,"Riesgo MEDIUM para PAT-0336: evidencia sostenida durante 8 ventana(s) (24h). Variable con mayor aporte: DBP (contribución=0.27, concordancia=0.14 con 1/7 variables disponibles). risk_score=0.506, confidence_score=0.424.",risa-vigia-0.1.0
SIG-PAT-0336-772de50f88,PAT-0336,2026-07-23 12:00:00,0.5117,MEDIUM,0.4242,2026-07-23 00:00:00,2026-07-23 12:00:00,"Riesgo MEDIUM para PAT-0336: evidencia sostenida durante 4 ventana(s) (12h). Variable con mayor aporte: HR (contribución=0.37, concordancia=0.14 con 1/7 variables disponibles). risk_score=0.512, confidence_score=0.424.",risa-vigia-0.1.0
SIG-PAT-0336-5c33edb1af,PAT-0336,2026-07-24 21:00:00,0.5742,HIGH,0.4242,2026-07-23 21:00:00,2026-07-24 21:00:00,"Riesgo HIGH para PAT-0336: evidencia sostenida durante 8 ventana(s) (24h). Variable con mayor aporte: SBP (contribución=0.44, concordancia=0.14 con 1/7 variables disponibles). risk_score=0.574, confidence_score=0.424.",risa-vigia-0.1.0
SIG-PAT-0336-c5bb421a48,PAT-0336,2026-07-27 12:00:00,0.3371,MEDIUM,0.4242,2026-07-26 21:00:00,2026-07-27 12:00:00,"Riesgo MEDIUM para PAT-0336: evidencia sostenida durante 5 ventana(s) (15h). Variable con mayor aporte: DBP (contribución=0.11, concordancia=0.00 con 0/7 variables disponibles). risk_score=0.337, confidence_score=0.424.",risa-vigia-0.1.0
SIG-PAT-0337-610ad88012,PAT-0337,2026-07-24 12:00:00,0.7851,HIGH,0.4242,2026-07-22 09:00:00,2026-07-24 12:00:00,"Riesgo HIGH para PAT-0337: evidencia sostenida durante 17 ventana(s) (51h). Variable con mayor aporte: HR (contribución=0.49, concordancia=0.29 con 2/7 variables disponibles). risk_score=0.785, confidence_score=0.424.",risa-vigia-0.1.0
SIG-PAT-0337-b9e8cbf0c7,PAT-0337,2026-07-25 09:00:00,0.6841,HIGH,0.4242,2026-07-25 00:00:00,2026-07-25 09:00:00,"Riesgo HIGH para PAT-0337: evidencia sostenida durante 3 ventana(s) (9h). Variable con mayor aporte: SpO2 (contribución=0.35, concordancia=0.29 con 2/7 variables disponibles). risk_score=0.684, confidence_score=0.424.",risa-vigia-0.1.0
SIG-PAT-0338-2badca65f8,PAT-0338,2026-07-23 06:00:00,0.4941,MEDIUM,0.4242,2026-07-22 18:00:00,2026-07-23 06:00:00,"Riesgo MEDIUM para PAT-0338: evidencia sostenida durante 4 ventana(s) (12h). Variable con mayor aporte: SpO2 (contribución=0.30, concordancia=0.14 con 1/7 variables disponibles). risk_score=0.494, confidence_score=0.424.",risa-vigia-0.1.0
SIG-PAT-0339-e646782f66,PAT-0339,2026-07-24 12:00:00,0.5776,HIGH,0.4242,2026-07-24 00:00:00,2026-07-24 12:00:00,"Riesgo HIGH para PAT-0339: evidencia sostenida durante 4 ventana(s) (12h). Variable con mayor aporte: HR (contribución=0.36, concordancia=0.14 con 1/7 variables disponibles). risk_score=0.578, confidence_score=0.424.",risa-vigia-0.1.0
SIG-PAT-0339-b06807eb26,PAT-0339,2026-07-27 18:00:00,0.434,MEDIUM,0.4242,2026-07-26 00:00:00,2026-07-27 18:00:00,"Riesgo MEDIUM para PAT-0339: evidencia sostenida durante 14 ventana(s) (42h). Variable con mayor aporte: RR (contribución=0.22, concordancia=0.00 con 0/7 variables disponibles). risk_score=0.434, confidence_score=0.424.",risa-vigia-0.1.0
SIG-PAT-0339-d41f1ab47b,PAT-0339,2026-07-28 12:00:00,0.6648,HIGH,0.4242,2026-07-28 00:00:00,2026-07-28 12:00:00,"Riesgo HIGH para PAT-0339: evidencia sostenida durante 4 ventana(s) (12h). Variable con mayor aporte: SBP (contribución=0.42, concordancia=0.14 con 1/7 variables disponibles). risk_score=0.665, confidence_score=0.424.",risa-vigia-0.1.0
SIG-PAT-0340-6301361502,PAT-0340,2026-07-04 12:00:00,0.5284,MEDIUM,0.4242,2026-07-03 21:00:00,2026-07-04 12:00:00,"Riesgo MEDIUM para PAT-0340: evidencia sostenida durante 5 ventana(s) (15h). Variable con mayor aporte: HR (contribución=0.31, concordancia=0.14 con 1/7 variables disponibles). risk_score=0.528, confidence_score=0.424.",risa-vigia-0.1.0
SIG-PAT-0340-9f08ae7248,PAT-0340,2026-07-06 00:00:00,0.5159,MEDIUM,0.4242,2026-07-05 12:00:00,2026-07-06 00:00:00,"Riesgo MEDIUM para PAT-0340: evidencia sostenida durante 4 ventana(s) (12h). Variable con mayor aporte: DBP (contribución=0.40, concordancia=0.14 con 1/7 variables disponibles). risk_score=0.516, confidence_score=0.424.",risa-vigia-0.1.0
SIG-PAT-0340-ee578d2965,PAT-0340,2026-07-07 15:00:00,0.6799,HIGH,0.4242,2026-07-06 06:00:00,2026-07-07 15:00:00,"Riesgo HIGH para PAT-0340: evidencia sostenida durante 11 ventana(s) (33h). Variable con mayor aporte: SBP (contribución=0.40, concordancia=0.29 con 2/7 variables disponibles). risk_score=0.680, confidence_score=0.424.",risa-vigia-0.1.0
SIG-PAT-0341-5bd81e83ee,PAT-0341,2026-07-23 21:00:00,0.687,HIGH,0.4242,2026-07-23 06:00:00,2026-07-23 21:00:00,"Riesgo HIGH para PAT-0341: evidencia sostenida durante 5 ventana(s) (15h). Variable con mayor aporte: SpO2 (contribución=0.45, concordancia=0.29 con 2/7 variables disponibles). risk_score=0.687, confidence_score=0.424.",risa-vigia-0.1.0
SIG-PAT-0341-3e71c77f4d,PAT-0341,2026-07-24 21:00:00,0.5923,HIGH,0.4242,2026-07-24 00:00:00,2026-07-24 21:00:00,"Riesgo HIGH para PAT-0341: evidencia sostenida durante 7 ventana(s) (21h). Variable con mayor aporte: HR (contribución=0.44, concordancia=0.14 con 1/7 variables disponibles). risk_score=0.592, confidence_score=0.424.",risa-vigia-0.1.0
SIG-PAT-0341-e9fa8729c2,PAT-0341,2026-07-26 12:00:00,0.535,MEDIUM,0.4242,2026-07-24 21:00:00,2026-07-26 12:00:00,"Riesgo MEDIUM para PAT-0341: evidencia sostenida durante 13 ventana(s) (39h). Variable con mayor aporte: HR (contribución=0.33, concordancia=0.14 con 1/7 variables disponibles). risk_score=0.535, confidence_score=0.424.",risa-vigia-0.1.0
SIG-PAT-0341-0fb0ff6235,PAT-0341,2026-07-28 12:00:00,0.4472,MEDIUM,0.4242,2026-07-27 00:00:00,2026-07-28 12:00:00,"Riesgo MEDIUM para PAT-0341: evidencia sostenida durante 12 ventana(s) (36h). Variable con mayor aporte: HR (contribución=0.28, concordancia=0.14 con 1/7 variables disponibles). risk_score=0.447, confidence_score=0.424.",risa-vigia-0.1.0
SIG-PAT-0341-fc0a8f0364,PAT-0341,2026-07-29 15:00:00,0.3358,MEDIUM,0.4242,2026-07-29 00:00:00,2026-07-29 15:00:00,"Riesgo MEDIUM para PAT-0341: evidencia sostenida durante 5 ventana(s) (15h). Variable con mayor aporte: HR (contribución=0.22, concordancia=0.00 con 0/7 variables disponibles). risk_score=0.336, confidence_score=0.424.",risa-vigia-0.1.0
SIG-PAT-0341-bba929c27c,PAT-0341,2026-07-30 09:00:00,0.6185,HIGH,0.4242,2026-07-29 18:00:00,2026-07-30 09:00:00,"Riesgo HIGH para PAT-0341: evidencia sostenida durante 5 ventana(s) (15h). Variable con mayor aporte: DBP (contribución=0.53, concordancia=0.14 con 1/7 variables disponibles). risk_score=0.619, confidence_score=0.424.",risa-vigia-0.1.0
SIG-PAT-0342-2e63261429,PAT-0342,2026-07-19 09:00:00,0.5173,MEDIUM,0.4242,2026-07-18 21:00:00,2026-07-19 09:00:00,"Riesgo MEDIUM para PAT-0342: evidencia sostenida durante 4 ventana(s) (12h). Variable con mayor aporte: TEMP (contribución=0.22, concordancia=0.14 con 1/7 variables disponibles). risk_score=0.517, confidence_score=0.424.",risa-vigia-0.1.0
SIG-PAT-0343-3c6f2fed00,PAT-0343,2026-07-17 12:00:00,0.4355,MEDIUM,0.4242,2026-07-16 21:00:00,2026-07-17 12:00:00,"Riesgo MEDIUM para PAT-0343: evidencia sostenida durante 5 ventana(s) (15h). Variable con mayor aporte: HR (contribución=0.27, concordancia=0.14 con 1/7 variables disponibles). risk_score=0.436, confidence_score=0.424.",risa-vigia-0.1.0
SIG-PAT-0343-45b3c2a974,PAT-0343,2026-07-18 12:00:00,0.6782,HIGH,0.8182,2026-07-18 00:00:00,2026-07-18 12:00:00,"Riesgo HIGH para PAT-0343: evidencia sostenida durante 4 ventana(s) (12h). Variable con mayor aporte: SBP (contribución=0.59, concordancia=0.11 con 1/9 variables disponibles). risk_score=0.678, confidence_score=0.818.",risa-vigia-0.1.0
SIG-PAT-0344-6fcaf6b3bc,PAT-0344,2026-07-19 21:00:00,0.9948,CRITICAL,0.4242,2026-07-18 15:00:00,2026-07-19 21:00:00,"Riesgo CRITICAL para PAT-0344: evidencia sostenida durante 10 ventana(s) (30h). Variable con mayor aporte: SpO2 (contribución=0.81, concordancia=0.57 con 4/7 variables disponibles). risk_score=0.995, confidence_score=0.424.",risa-vigia-0.1.0
SIG-PAT-0346-ea8dbb1fe0,PAT-0346,2026-07-13 18:00:00,0.4051,MEDIUM,0.4242,2026-07-13 00:00:00,2026-07-13 18:00:00,"Riesgo MEDIUM para PAT-0346: evidencia sostenida durante 6 ventana(s) (18h). Variable con mayor aporte: HR (contribución=0.28, concordancia=0.14 con 1/7 variables disponibles). risk_score=0.405, confidence_score=0.424.",risa-vigia-0.1.0
SIG-PAT-0346-6326cbb347,PAT-0346,2026-07-16 09:00:00,0.4833,MEDIUM,0.4242,2026-07-15 00:00:00,2026-07-16 09:00:00,"Riesgo MEDIUM para PAT-0346: evidencia sostenida durante 11 ventana(s) (33h). Variable con mayor aporte: DBP (contribución=0.26, concordancia=0.14 con 1/7 variables disponibles). risk_score=0.483, confidence_score=0.424.",risa-vigia-0.1.0
SIG-PAT-0348-568a76fa45,PAT-0348,2026-07-18 09:00:00,0.6965,HIGH,0.4242,2026-07-17 00:00:00,2026-07-18 09:00:00,"Riesgo HIGH para PAT-0348: evidencia sostenida durante 11 ventana(s) (33h). Variable con mayor aporte: DBP (contribución=0.44, concordancia=0.29 con 2/7 variables disponibles). risk_score=0.696, confidence_score=0.424.",risa-vigia-0.1.0
SIG-PAT-0349-69ca1eaa2c,PAT-0349,2026-07-11 15:00:00,0.4874,MEDIUM,0.4242,2026-07-10 18:00:00,2026-07-11 15:00:00,"Riesgo MEDIUM para PAT-0349: evidencia sostenida durante 7 ventana(s) (21h). Variable con mayor aporte: TEMP (contribución=0.30, concordancia=0.14 con 1/7 variables disponibles). risk_score=0.487, confidence_score=0.424.",risa-vigia-0.1.0
SIG-PAT-0349-a930678f02,PAT-0349,2026-07-13 12:00:00,0.5064,MEDIUM,0.403,2026-07-12 18:00:00,2026-07-13 12:00:00,"Riesgo MEDIUM para PAT-0349: evidencia sostenida durante 6 ventana(s) (18h). Variable con mayor aporte: DBP (contribución=0.27, concordancia=0.14 con 1/7 variables disponibles). risk_score=0.506, confidence_score=0.403.",risa-vigia-0.1.0
SIG-PAT-0350-b743d8ddfd,PAT-0350,2026-07-04 15:00:00,0.8882,CRITICAL,0.4242,2026-07-02 06:00:00,2026-07-04 15:00:00,"Riesgo CRITICAL para PAT-0350: evidencia sostenida durante 19 ventana(s) (57h). Variable con mayor aporte: RR (contribución=0.47, concordancia=0.57 con 4/7 variables disponibles). risk_score=0.888, confidence_score=0.424.",risa-vigia-0.1.0
SIG-PAT-0351-fc694bf758,PAT-0351,2026-07-07 21:00:00,0.6018,HIGH,0.4242,2026-07-06 00:00:00,2026-07-07 21:00:00,"Riesgo HIGH para PAT-0351: evidencia sostenida durante 15 ventana(s) (45h). Variable con mayor aporte: HR (contribución=0.22, concordancia=0.14 con 1/7 variables disponibles). risk_score=0.602, confidence_score=0.424.",risa-vigia-0.1.0
SIG-PAT-0351-5708fce8fc,PAT-0351,2026-07-09 00:00:00,0.7387,HIGH,0.4242,2026-07-08 00:00:00,2026-07-09 00:00:00,"Riesgo HIGH para PAT-0351: evidencia sostenida durante 8 ventana(s) (24h). Variable con mayor aporte: SBP (contribución=0.43, concordancia=0.29 con 2/7 variables disponibles). risk_score=0.739, confidence_score=0.424.",risa-vigia-0.1.0
SIG-PAT-0351-56eda43874,PAT-0351,2026-07-09 15:00:00,0.5163,MEDIUM,0.4242,2026-07-09 00:00:00,2026-07-09 15:00:00,"Riesgo MEDIUM para PAT-0351: evidencia sostenida durante 5 ventana(s) (15h). Variable con mayor aporte: SBP (contribución=0.33, concordancia=0.14 con 1/7 variables disponibles). risk_score=0.516, confidence_score=0.424.",risa-vigia-0.1.0
SIG-PAT-0352-b69da3069d,PAT-0352,2026-07-24 21:00:00,0.6329,HIGH,0.4131,2026-07-24 03:00:00,2026-07-24 21:00:00,"Riesgo HIGH para PAT-0352: evidencia sostenida durante 6 ventana(s) (18h). Variable con mayor aporte: TEMP (contribución=0.55, concordancia=0.14 con 1/7 variables disponibles). risk_score=0.633, confidence_score=0.413.",risa-vigia-0.1.0
SIG-PAT-0352-e20db8bb85,PAT-0352,2026-07-28 12:00:00,0.6184,HIGH,0.4242,2026-07-28 00:00:00,2026-07-28 12:00:00,"Riesgo HIGH para PAT-0352: evidencia sostenida durante 4 ventana(s) (12h). Variable con mayor aporte: DBP (contribución=0.42, concordancia=0.14 con 1/7 variables disponibles). risk_score=0.618, confidence_score=0.424.",risa-vigia-0.1.0
SIG-PAT-0352-6fa51e6d45,PAT-0352,2026-07-29 12:00:00,0.5674,HIGH,0.4242,2026-07-28 21:00:00,2026-07-29 12:00:00,"Riesgo HIGH para PAT-0352: evidencia sostenida durante 5 ventana(s) (15h). Variable con mayor aporte: SBP (contribución=0.34, concordancia=0.14 con 1/7 variables disponibles). risk_score=0.567, confidence_score=0.424.",risa-vigia-0.1.0
SIG-PAT-0353-5bd8e84f1c,PAT-0353,2026-07-04 15:00:00,0.6815,HIGH,0.4242,2026-07-03 21:00:00,2026-07-04 15:00:00,"Riesgo HIGH para PAT-0353: evidencia sostenida durante 6 ventana(s) (18h). Variable con mayor aporte: HR (contribución=0.36, concordancia=0.29 con 2/7 variables disponibles). risk_score=0.681, confidence_score=0.424.",risa-vigia-0.1.0
SIG-PAT-0353-8bee1c3aab,PAT-0353,2026-07-05 12:00:00,0.349,MEDIUM,0.4242,2026-07-04 18:00:00,2026-07-05 12:00:00,"Riesgo MEDIUM para PAT-0353: evidencia sostenida durante 6 ventana(s) (18h). Variable con mayor aporte: SBP (contribución=0.11, concordancia=0.00 con 0/7 variables disponibles). risk_score=0.349, confidence_score=0.424.",risa-vigia-0.1.0
SIG-PAT-0353-555ad40db2,PAT-0353,2026-07-06 15:00:00,0.4895,MEDIUM,0.4242,2026-07-06 00:00:00,2026-07-06 15:00:00,"Riesgo MEDIUM para PAT-0353: evidencia sostenida durante 5 ventana(s) (15h). Variable con mayor aporte: HR (contribución=0.23, concordancia=0.00 con 0/7 variables disponibles). risk_score=0.489, confidence_score=0.424.",risa-vigia-0.1.0
SIG-PAT-0353-903da2e1d1,PAT-0353,2026-07-07 15:00:00,0.4923,MEDIUM,0.4242,2026-07-07 00:00:00,2026-07-07 15:00:00,"Riesgo MEDIUM para PAT-0353: evidencia sostenida durante 5 ventana(s) (15h). Variable con mayor aporte: SBP (contribución=0.26, concordancia=0.14 con 1/7 variables disponibles). risk_score=0.492, confidence_score=0.424.",risa-vigia-0.1.0
SIG-PAT-0353-97f4be7d73,PAT-0353,2026-07-08 12:00:00,0.637,HIGH,0.4242,2026-07-07 21:00:00,2026-07-08 12:00:00,"Riesgo HIGH para PAT-0353: evidencia sostenida durante 5 ventana(s) (15h). Variable con mayor aporte: SBP (contribución=0.26, concordancia=0.14 con 1/7 variables disponibles). risk_score=0.637, confidence_score=0.424.",risa-vigia-0.1.0
SIG-PAT-0353-c473f1e34d,PAT-0353,2026-07-09 12:00:00,0.5894,HIGH,0.4242,2026-07-08 18:00:00,2026-07-09 12:00:00,"Riesgo HIGH para PAT-0353: evidencia sostenida durante 6 ventana(s) (18h). Variable con mayor aporte: SBP (contribución=0.40, concordancia=0.14 con 1/7 variables disponibles). risk_score=0.589, confidence_score=0.424.",risa-vigia-0.1.0
SIG-PAT-0354-2ec6e8a1a1,PAT-0354,2026-07-09 21:00:00,0.5885,HIGH,0.4242,2026-07-07 21:00:00,2026-07-09 21:00:00,"Riesgo HIGH para PAT-0354: evidencia sostenida durante 16 ventana(s) (48h). Variable con mayor aporte: HR (contribución=0.42, concordancia=0.14 con 1/7 variables disponibles). risk_score=0.589, confidence_score=0.424.",risa-vigia-0.1.0
SIG-PAT-0354-a299aec572,PAT-0354,2026-07-10 12:00:00,0.4236,MEDIUM,0.4242,2026-07-10 00:00:00,2026-07-10 12:00:00,"Riesgo MEDIUM para PAT-0354: evidencia sostenida durante 4 ventana(s) (12h). Variable con mayor aporte: SBP (contribución=0.23, concordancia=0.00 con 0/7 variables disponibles). risk_score=0.424, confidence_score=0.424.",risa-vigia-0.1.0
SIG-PAT-0354-cf1a5308ca,PAT-0354,2026-07-11 15:00:00,0.4041,MEDIUM,0.8869,2026-07-11 00:00:00,2026-07-11 15:00:00,"Riesgo MEDIUM para PAT-0354: evidencia sostenida durante 5 ventana(s) (15h). Variable con mayor aporte: HR (contribución=0.21, concordancia=0.00 con 0/10 variables disponibles). risk_score=0.404, confidence_score=0.887.",risa-vigia-0.1.0
SIG-PAT-0355-eed2ea0e66,PAT-0355,2026-07-16 18:00:00,0.6244,HIGH,0.4242,2026-07-16 00:00:00,2026-07-16 18:00:00,"Riesgo HIGH para PAT-0355: evidencia sostenida durante 6 ventana(s) (18h). Variable con mayor aporte: HR (contribución=0.48, concordancia=0.14 con 1/7 variables disponibles). risk_score=0.624, confidence_score=0.424.",risa-vigia-0.1.0
SIG-PAT-0355-74bc04a927,PAT-0355,2026-07-17 18:00:00,0.7681,HIGH,0.4242,2026-07-16 18:00:00,2026-07-17 18:00:00,"Riesgo HIGH para PAT-0355: evidencia sostenida durante 8 ventana(s) (24h). Variable con mayor aporte: SBP (contribución=0.66, concordancia=0.14 con 1/7 variables disponibles). risk_score=0.768, confidence_score=0.424.",risa-vigia-0.1.0
SIG-PAT-0355-27d2440852,PAT-0355,2026-07-18 21:00:00,0.6562,HIGH,0.4128,2026-07-18 00:00:00,2026-07-18 21:00:00,"Riesgo HIGH para PAT-0355: evidencia sostenida durante 7 ventana(s) (21h). Variable con mayor aporte: SBP (contribución=0.39, concordancia=0.14 con 1/7 variables disponibles). risk_score=0.656, confidence_score=0.413.",risa-vigia-0.1.0
SIG-PAT-0355-2182f0cf95,PAT-0355,2026-07-20 18:00:00,0.7176,HIGH,0.4242,2026-07-19 00:00:00,2026-07-20 18:00:00,"Riesgo HIGH para PAT-0355: evidencia sostenida durante 14 ventana(s) (42h). Variable con mayor aporte: SBP (contribución=0.65, concordancia=0.14 con 1/7 variables disponibles). risk_score=0.718, confidence_score=0.424.",risa-vigia-0.1.0
SIG-PAT-0356-eaad3d57ef,PAT-0356,2026-07-07 15:00:00,0.7012,HIGH,0.4242,2026-07-04 21:00:00,2026-07-07 15:00:00,"Riesgo HIGH para PAT-0356: evidencia sostenida durante 22 ventana(s) (66h). Variable con mayor aporte: HR (contribución=0.57, concordancia=0.14 con 1/7 variables disponibles). risk_score=0.701, confidence_score=0.424.",risa-vigia-0.1.0
SIG-PAT-0356-dc2e966f39,PAT-0356,2026-07-08 18:00:00,0.5999,HIGH,0.4131,2026-07-08 06:00:00,2026-07-08 18:00:00,"Riesgo HIGH para PAT-0356: evidencia sostenida durante 4 ventana(s) (12h). Variable con mayor aporte: SBP (contribución=0.33, concordancia=0.14 con 1/7 variables disponibles). risk_score=0.600, confidence_score=0.413.",risa-vigia-0.1.0
SIG-PAT-0356-fd1be0a8b7,PAT-0356,2026-07-09 18:00:00,0.4485,MEDIUM,0.4242,2026-07-09 00:00:00,2026-07-09 18:00:00,"Riesgo MEDIUM para PAT-0356: evidencia sostenida durante 6 ventana(s) (18h). Variable con mayor aporte: HR (contribución=0.27, concordancia=0.14 con 1/7 variables disponibles). risk_score=0.448, confidence_score=0.424.",risa-vigia-0.1.0
SIG-PAT-0356-66e1f15e9a,PAT-0356,2026-07-10 12:00:00,0.5816,HIGH,0.4242,2026-07-09 18:00:00,2026-07-10 12:00:00,"Riesgo HIGH para PAT-0356: evidencia sostenida durante 6 ventana(s) (18h). Variable con mayor aporte: SBP (contribución=0.49, concordancia=0.14 con 1/7 variables disponibles). risk_score=0.582, confidence_score=0.424.",risa-vigia-0.1.0
SIG-PAT-0357-7c058c9978,PAT-0357,2026-07-29 00:00:00,0.6289,HIGH,0.4242,2026-07-28 00:00:00,2026-07-29 00:00:00,"Riesgo HIGH para PAT-0357: evidencia sostenida durante 8 ventana(s) (24h). Variable con mayor aporte: HR (contribución=0.53, concordancia=0.14 con 1/7 variables disponibles). risk_score=0.629, confidence_score=0.424.",risa-vigia-0.1.0
SIG-PAT-0357-dee49ee3ca,PAT-0357,2026-07-29 12:00:00,0.5521,HIGH,0.4242,2026-07-29 00:00:00,2026-07-29 12:00:00,"Riesgo HIGH para PAT-0357: evidencia sostenida durante 4 ventana(s) (12h). Variable con mayor aporte: HR (contribución=0.37, concordancia=0.14 con 1/7 variables disponibles). risk_score=0.552, confidence_score=0.424.",risa-vigia-0.1.0
SIG-PAT-0357-c50894a07a,PAT-0357,2026-07-30 15:00:00,0.4762,MEDIUM,0.4242,2026-07-30 00:00:00,2026-07-30 15:00:00,"Riesgo MEDIUM para PAT-0357: evidencia sostenida durante 5 ventana(s) (15h). Variable con mayor aporte: HR (contribución=0.28, concordancia=0.14 con 1/7 variables disponibles). risk_score=0.476, confidence_score=0.424.",risa-vigia-0.1.0
SIG-PAT-0358-81768cb8dd,PAT-0358,2026-07-09 15:00:00,0.5524,HIGH,0.4242,2026-07-09 00:00:00,2026-07-09 15:00:00,"Riesgo HIGH para PAT-0358: evidencia sostenida durante 5 ventana(s) (15h). Variable con mayor aporte: HR (contribución=0.44, concordancia=0.14 con 1/7 variables disponibles). risk_score=0.552, confidence_score=0.424.",risa-vigia-0.1.0
SIG-PAT-0358-ef42030f40,PAT-0358,2026-07-10 18:00:00,0.5314,MEDIUM,0.4242,2026-07-10 00:00:00,2026-07-10 18:00:00,"Riesgo MEDIUM para PAT-0358: evidencia sostenida durante 6 ventana(s) (18h). Variable con mayor aporte: HR (contribución=0.34, concordancia=0.14 con 1/7 variables disponibles). risk_score=0.531, confidence_score=0.424.",risa-vigia-0.1.0
SIG-PAT-0358-926b7cc2bb,PAT-0358,2026-07-13 15:00:00,0.3539,MEDIUM,0.4242,2026-07-12 21:00:00,2026-07-13 15:00:00,"Riesgo MEDIUM para PAT-0358: evidencia sostenida durante 6 ventana(s) (18h). Variable con mayor aporte: RR (contribución=0.16, concordancia=0.00 con 0/7 variables disponibles). risk_score=0.354, confidence_score=0.424.",risa-vigia-0.1.0
SIG-PAT-0358-13283cc6cb,PAT-0358,2026-07-26 06:00:00,0.4361,MEDIUM,0.4242,2026-07-25 18:00:00,2026-07-26 06:00:00,"Riesgo MEDIUM para PAT-0358: evidencia sostenida durante 4 ventana(s) (12h). Variable con mayor aporte: DBP (contribución=0.33, concordancia=0.14 con 1/7 variables disponibles). risk_score=0.436, confidence_score=0.424.",risa-vigia-0.1.0
SIG-PAT-0359-3afd9c257d,PAT-0359,2026-07-09 15:00:00,0.6963,HIGH,0.4242,2026-07-07 00:00:00,2026-07-09 15:00:00,"Riesgo HIGH para PAT-0359: evidencia sostenida durante 21 ventana(s) (63h). Variable con mayor aporte: SBP (contribución=0.57, concordancia=0.14 con 1/7 variables disponibles). risk_score=0.696, confidence_score=0.424.",risa-vigia-0.1.0
SIG-PAT-0360-b522aac170,PAT-0360,2026-07-11 12:00:00,0.4136,MEDIUM,0.4242,2026-07-10 15:00:00,2026-07-11 12:00:00,"Riesgo MEDIUM para PAT-0360: evidencia sostenida durante 7 ventana(s) (21h). Variable con mayor aporte: TEMP (contribución=0.28, concordancia=0.14 con 1/7 variables disponibles). risk_score=0.414, confidence_score=0.424.",risa-vigia-0.1.0
SIG-PAT-0361-3cbb366a54,PAT-0361,2026-07-20 12:00:00,0.8134,CRITICAL,0.7273,2026-07-18 09:00:00,2026-07-20 12:00:00,"Riesgo CRITICAL para PAT-0361: evidencia sostenida durante 17 ventana(s) (51h). Variable con mayor aporte: LAB_A (contribución=0.68, concordancia=0.12 con 1/8 variables disponibles). risk_score=0.813, confidence_score=0.727.",risa-vigia-0.1.0
SIG-PAT-0361-141e955a59,PAT-0361,2026-07-22 12:00:00,0.3633,MEDIUM,0.4242,2026-07-22 00:00:00,2026-07-22 12:00:00,"Riesgo MEDIUM para PAT-0361: evidencia sostenida durante 4 ventana(s) (12h). Variable con mayor aporte: HR (contribución=0.23, concordancia=0.00 con 0/7 variables disponibles). risk_score=0.363, confidence_score=0.424.",risa-vigia-0.1.0
SIG-PAT-0361-6e207a7180,PAT-0361,2026-07-23 15:00:00,0.4767,MEDIUM,0.4242,2026-07-23 00:00:00,2026-07-23 15:00:00,"Riesgo MEDIUM para PAT-0361: evidencia sostenida durante 5 ventana(s) (15h). Variable con mayor aporte: HR (contribución=0.27, concordancia=0.14 con 1/7 variables disponibles). risk_score=0.477, confidence_score=0.424.",risa-vigia-0.1.0
SIG-PAT-0361-c27a67a7b9,PAT-0361,2026-07-24 12:00:00,0.4991,MEDIUM,0.4131,2026-07-24 00:00:00,2026-07-24 12:00:00,"Riesgo MEDIUM para PAT-0361: evidencia sostenida durante 4 ventana(s) (12h). Variable con mayor aporte: HR (contribución=0.38, concordancia=0.14 con 1/7 variables disponibles). risk_score=0.499, confidence_score=0.413.",risa-vigia-0.1.0
SIG-PAT-0361-9a11749b27,PAT-0361,2026-07-25 12:00:00,0.4128,MEDIUM,0.4242,2026-07-25 00:00:00,2026-07-25 12:00:00,"Riesgo MEDIUM para PAT-0361: evidencia sostenida durante 4 ventana(s) (12h). Variable con mayor aporte: HR (contribución=0.30, concordancia=0.14 con 1/7 variables disponibles). risk_score=0.413, confidence_score=0.424.",risa-vigia-0.1.0
SIG-PAT-0362-29afbebc26,PAT-0362,2026-07-18 15:00:00,0.6047,HIGH,0.4242,2026-07-16 21:00:00,2026-07-18 15:00:00,"Riesgo HIGH para PAT-0362: evidencia sostenida durante 14 ventana(s) (42h). Variable con mayor aporte: RR (contribución=0.29, concordancia=0.14 con 1/7 variables disponibles). risk_score=0.605, confidence_score=0.424.",risa-vigia-0.1.0
SIG-PAT-0362-ca4a78707e,PAT-0362,2026-07-19 03:00:00,0.3511,MEDIUM,0.4242,2026-07-18 15:00:00,2026-07-19 03:00:00,"Riesgo MEDIUM para PAT-0362: evidencia sostenida durante 4 ventana(s) (12h). Variable con mayor aporte: SpO2 (contribución=0.15, concordancia=0.00 con 0/7 variables disponibles). risk_score=0.351, confidence_score=0.424.",risa-vigia-0.1.0
SIG-PAT-0363-1ccefeb376,PAT-0363,2026-07-15 12:00:00,0.5543,HIGH,0.4242,2026-07-15 00:00:00,2026-07-15 12:00:00,"Riesgo HIGH para PAT-0363: evidencia sostenida durante 4 ventana(s) (12h). Variable con mayor aporte: HR (contribución=0.43, concordancia=0.14 con 1/7 variables disponibles). risk_score=0.554, confidence_score=0.424.",risa-vigia-0.1.0
SIG-PAT-0363-a834c6b2c3,PAT-0363,2026-07-16 15:00:00,0.7557,HIGH,0.8182,2026-07-16 00:00:00,2026-07-16 15:00:00,"Riesgo HIGH para PAT-0363: evidencia sostenida durante 5 ventana(s) (15h). Variable con mayor aporte: HR (contribución=0.44, concordancia=0.22 con 2/9 variables disponibles). risk_score=0.756, confidence_score=0.818.",risa-vigia-0.1.0
SIG-PAT-0363-a8c4c6f10a,PAT-0363,2026-07-17 15:00:00,0.4922,MEDIUM,0.4242,2026-07-17 00:00:00,2026-07-17 15:00:00,"Riesgo MEDIUM para PAT-0363: evidencia sostenida durante 5 ventana(s) (15h). Variable con mayor aporte: HR (contribución=0.29, concordancia=0.14 con 1/7 variables disponibles). risk_score=0.492, confidence_score=0.424.",risa-vigia-0.1.0
SIG-PAT-0364-b2275735c6,PAT-0364,2026-07-05 15:00:00,0.5575,HIGH,0.4242,2026-07-04 21:00:00,2026-07-05 15:00:00,"Riesgo HIGH para PAT-0364: evidencia sostenida durante 6 ventana(s) (18h). Variable con mayor aporte: HR (contribución=0.40, concordancia=0.14 con 1/7 variables disponibles). risk_score=0.557, confidence_score=0.424.",risa-vigia-0.1.0
SIG-PAT-0364-241c3f6b6d,PAT-0364,2026-07-07 12:00:00,0.4934,MEDIUM,0.4242,2026-07-07 00:00:00,2026-07-07 12:00:00,"Riesgo MEDIUM para PAT-0364: evidencia sostenida durante 4 ventana(s) (12h). Variable con mayor aporte: HR (contribución=0.36, concordancia=0.14 con 1/7 variables disponibles). risk_score=0.493, confidence_score=0.424.",risa-vigia-0.1.0
SIG-PAT-0364-2d0050a40d,PAT-0364,2026-07-08 15:00:00,0.6463,HIGH,0.4242,2026-07-08 00:00:00,2026-07-08 15:00:00,"Riesgo HIGH para PAT-0364: evidencia sostenida durante 5 ventana(s) (15h). Variable con mayor aporte: DBP (contribución=0.46, concordancia=0.14 con 1/7 variables disponibles). risk_score=0.646, confidence_score=0.424.",risa-vigia-0.1.0
SIG-PAT-0365-2da0876642,PAT-0365,2026-07-18 21:00:00,0.3551,MEDIUM,0.4242,2026-07-18 06:00:00,2026-07-18 21:00:00,"Riesgo MEDIUM para PAT-0365: evidencia sostenida durante 5 ventana(s) (15h). Variable con mayor aporte: TEMP (contribución=0.14, concordancia=0.00 con 0/7 variables disponibles). risk_score=0.355, confidence_score=0.424.",risa-vigia-0.1.0
SIG-PAT-0365-7cc112c419,PAT-0365,2026-07-19 18:00:00,0.4971,MEDIUM,0.4242,2026-07-19 00:00:00,2026-07-19 18:00:00,"Riesgo MEDIUM para PAT-0365: evidencia sostenida durante 6 ventana(s) (18h). Variable con mayor aporte: HR (contribución=0.28, concordancia=0.14 con 1/7 variables disponibles). risk_score=0.497, confidence_score=0.424.",risa-vigia-0.1.0
SIG-PAT-0365-2444507b6e,PAT-0365,2026-07-20 18:00:00,0.6006,HIGH,0.3636,2026-07-20 00:00:00,2026-07-20 18:00:00,"Riesgo HIGH para PAT-0365: evidencia sostenida durante 6 ventana(s) (18h). Variable con mayor aporte: DBP (contribución=0.47, concordancia=0.17 con 1/6 variables disponibles). risk_score=0.601, confidence_score=0.364.",risa-vigia-0.1.0
SIG-PAT-0365-1a5de5047f,PAT-0365,2026-07-24 09:00:00,0.5776,HIGH,0.4242,2026-07-23 21:00:00,2026-07-24 09:00:00,"Riesgo HIGH para PAT-0365: evidencia sostenida durante 4 ventana(s) (12h). Variable con mayor aporte: DBP (contribución=0.48, concordancia=0.14 con 1/7 variables disponibles). risk_score=0.578, confidence_score=0.424.",risa-vigia-0.1.0
SIG-PAT-0366-fa7086fed5,PAT-0366,2026-07-05 21:00:00,0.5095,MEDIUM,0.4242,2026-07-05 06:00:00,2026-07-05 21:00:00,"Riesgo MEDIUM para PAT-0366: evidencia sostenida durante 5 ventana(s) (15h). Variable con mayor aporte: TEMP (contribución=0.32, concordancia=0.14 con 1/7 variables disponibles). risk_score=0.509, confidence_score=0.424.",risa-vigia-0.1.0
SIG-PAT-0369-6728e77a7e,PAT-0369,2026-07-21 21:00:00,0.4926,MEDIUM,0.4242,2026-07-19 18:00:00,2026-07-21 21:00:00,"Riesgo MEDIUM para PAT-0369: evidencia sostenida durante 17 ventana(s) (51h). Variable con mayor aporte: DBP (contribución=0.35, concordancia=0.14 con 1/7 variables disponibles). risk_score=0.493, confidence_score=0.424.",risa-vigia-0.1.0
SIG-PAT-0370-25f3cc77ef,PAT-0370,2026-07-17 21:00:00,0.8444,CRITICAL,0.4242,2026-07-15 18:00:00,2026-07-17 21:00:00,"Riesgo CRITICAL para PAT-0370: evidencia sostenida durante 17 ventana(s) (51h). Variable con mayor aporte: HR (contribución=0.64, concordancia=0.29 con 2/7 variables disponibles). risk_score=0.844, confidence_score=0.424.",risa-vigia-0.1.0
SIG-PAT-0370-ecffe673a9,PAT-0370,2026-07-19 00:00:00,0.7907,HIGH,0.4131,2026-07-18 00:00:00,2026-07-19 00:00:00,"Riesgo HIGH para PAT-0370: evidencia sostenida durante 8 ventana(s) (24h). Variable con mayor aporte: DBP (contribución=0.52, concordancia=0.29 con 2/7 variables disponibles). risk_score=0.791, confidence_score=0.413.",risa-vigia-0.1.0
SIG-PAT-0370-6d4a0b87d2,PAT-0370,2026-07-19 12:00:00,0.5088,MEDIUM,0.4136,2026-07-19 00:00:00,2026-07-19 12:00:00,"Riesgo MEDIUM para PAT-0370: evidencia sostenida durante 4 ventana(s) (12h). Variable con mayor aporte: HR (contribución=0.27, concordancia=0.14 con 1/7 variables disponibles). risk_score=0.509, confidence_score=0.414.",risa-vigia-0.1.0
SIG-PAT-0370-8accd69716,PAT-0370,2026-07-20 12:00:00,0.6571,HIGH,0.4136,2026-07-20 00:00:00,2026-07-20 12:00:00,"Riesgo HIGH para PAT-0370: evidencia sostenida durante 4 ventana(s) (12h). Variable con mayor aporte: HR (contribución=0.26, concordancia=0.29 con 2/7 variables disponibles). risk_score=0.657, confidence_score=0.414.",risa-vigia-0.1.0
SIG-PAT-0371-87e48d0e49,PAT-0371,2026-07-15 06:00:00,0.8444,CRITICAL,0.4242,2026-07-14 09:00:00,2026-07-15 06:00:00,"Riesgo CRITICAL para PAT-0371: evidencia sostenida durante 7 ventana(s) (21h). Variable con mayor aporte: SBP (contribución=0.60, concordancia=0.29 con 2/7 variables disponibles). risk_score=0.844, confidence_score=0.424.",risa-vigia-0.1.0
SIG-PAT-0372-686a04693b,PAT-0372,2026-07-14 12:00:00,0.568,HIGH,0.4242,2026-07-14 00:00:00,2026-07-14 12:00:00,"Riesgo HIGH para PAT-0372: evidencia sostenida durante 4 ventana(s) (12h). Variable con mayor aporte: HR (contribución=0.48, concordancia=0.14 con 1/7 variables disponibles). risk_score=0.568, confidence_score=0.424.",risa-vigia-0.1.0
SIG-PAT-0372-c72c7fe66f,PAT-0372,2026-07-16 12:00:00,0.5709,HIGH,0.8182,2026-07-16 00:00:00,2026-07-16 12:00:00,"Riesgo HIGH para PAT-0372: evidencia sostenida durante 4 ventana(s) (12h). Variable con mayor aporte: SBP (contribución=0.42, concordancia=0.11 con 1/9 variables disponibles). risk_score=0.571, confidence_score=0.818.",risa-vigia-0.1.0
SIG-PAT-0372-73dc4987ed,PAT-0372,2026-07-18 12:00:00,0.5948,HIGH,0.4242,2026-07-18 00:00:00,2026-07-18 12:00:00,"Riesgo HIGH para PAT-0372: evidencia sostenida durante 4 ventana(s) (12h). Variable con mayor aporte: DBP (contribución=0.42, concordancia=0.14 con 1/7 variables disponibles). risk_score=0.595, confidence_score=0.424.",risa-vigia-0.1.0
SIG-PAT-0374-c981d987fe,PAT-0374,2026-07-12 12:00:00,0.729,HIGH,0.4242,2026-07-10 06:00:00,2026-07-12 12:00:00,"Riesgo HIGH para PAT-0374: evidencia sostenida durante 18 ventana(s) (54h). Variable con mayor aporte: HR (contribución=0.36, concordancia=0.29 con 2/7 variables disponibles). risk_score=0.729, confidence_score=0.424.",risa-vigia-0.1.0
SIG-PAT-0374-5a9698a19e,PAT-0374,2026-07-14 15:00:00,0.659,HIGH,0.4242,2026-07-14 00:00:00,2026-07-14 15:00:00,"Riesgo HIGH para PAT-0374: evidencia sostenida durante 5 ventana(s) (15h). Variable con mayor aporte: SBP (contribución=0.52, concordancia=0.14 con 1/7 variables disponibles). risk_score=0.659, confidence_score=0.424.",risa-vigia-0.1.0
SIG-PAT-0374-5e0696b5dc,PAT-0374,2026-07-15 12:00:00,0.5243,MEDIUM,0.4242,2026-07-15 00:00:00,2026-07-15 12:00:00,"Riesgo MEDIUM para PAT-0374: evidencia sostenida durante 4 ventana(s) (12h). Variable con mayor aporte: DBP (contribución=0.30, concordancia=0.14 con 1/7 variables disponibles). risk_score=0.524, confidence_score=0.424.",risa-vigia-0.1.0
SIG-PAT-0374-d790bfc12e,PAT-0374,2026-07-16 03:00:00,0.9502,CRITICAL,0.4242,2026-07-15 15:00:00,2026-07-16 03:00:00,"Riesgo CRITICAL para PAT-0374: evidencia sostenida durante 4 ventana(s) (12h). Variable con mayor aporte: SpO2 (contribución=0.55, concordancia=0.57 con 4/7 variables disponibles). risk_score=0.950, confidence_score=0.424.",risa-vigia-0.1.0
SIG-PAT-0375-476f237bbc,PAT-0375,2026-07-03 15:00:00,0.5514,HIGH,0.4242,2026-07-03 00:00:00,2026-07-03 15:00:00,"Riesgo HIGH para PAT-0375: evidencia sostenida durante 5 ventana(s) (15h). Variable con mayor aporte: HR (contribución=0.38, concordancia=0.14 con 1/7 variables disponibles). risk_score=0.551, confidence_score=0.424.",risa-vigia-0.1.0
SIG-PAT-0376-165b1527c6,PAT-0376,2026-07-20 12:00:00,0.5239,MEDIUM,0.4136,2026-07-19 21:00:00,2026-07-20 12:00:00,"Riesgo MEDIUM para PAT-0376: evidencia sostenida durante 5 ventana(s) (15h). Variable con mayor aporte: HR (contribución=0.36, concordancia=0.14 con 1/7 variables disponibles). risk_score=0.524, confidence_score=0.414.",risa-vigia-0.1.0
SIG-PAT-0377-edf4bafeb9,PAT-0377,2026-07-12 12:00:00,0.459,MEDIUM,0.4242,2026-07-12 00:00:00,2026-07-12 12:00:00,"Riesgo MEDIUM para PAT-0377: evidencia sostenida durante 4 ventana(s) (12h). Variable con mayor aporte: HR (contribución=0.32, concordancia=0.14 con 1/7 variables disponibles). risk_score=0.459, confidence_score=0.424.",risa-vigia-0.1.0
SIG-PAT-0377-78dfa8112c,PAT-0377,2026-07-13 18:00:00,0.6541,HIGH,0.4242,2026-07-12 21:00:00,2026-07-13 18:00:00,"Riesgo HIGH para PAT-0377: evidencia sostenida durante 7 ventana(s) (21h). Variable con mayor aporte: SBP (contribución=0.50, concordancia=0.14 con 1/7 variables disponibles). risk_score=0.654, confidence_score=0.424.",risa-vigia-0.1.0
SIG-PAT-0378-e3612921fd,PAT-0378,2026-07-09 09:00:00,0.5879,HIGH,0.4242,2026-07-08 15:00:00,2026-07-09 09:00:00,"Riesgo HIGH para PAT-0378: evidencia sostenida durante 6 ventana(s) (18h). Variable con mayor aporte: HR (contribución=0.34, concordancia=0.14 con 1/7 variables disponibles). risk_score=0.588, confidence_score=0.424.",risa-vigia-0.1.0
SIG-PAT-0379-61ce62d9c2,PAT-0379,2026-07-21 15:00:00,0.6486,HIGH,0.403,2026-07-20 21:00:00,2026-07-21 15:00:00,"Riesgo HIGH para PAT-0379: evidencia sostenida durante 6 ventana(s) (18h). Variable con mayor aporte: DBP (contribución=0.39, concordancia=0.14 con 1/7 variables disponibles). risk_score=0.649, confidence_score=0.403.",risa-vigia-0.1.0
SIG-PAT-0379-8bbe8a9fdd,PAT-0379,2026-07-24 09:00:00,0.6747,HIGH,0.7273,2026-07-22 18:00:00,2026-07-24 09:00:00,"Riesgo HIGH para PAT-0379: evidencia sostenida durante 13 ventana(s) (39h). Variable con mayor aporte: LAB_B (contribución=0.28, concordancia=0.25 con 2/8 variables disponibles). risk_score=0.675, confidence_score=0.727.",risa-vigia-0.1.0
SIG-PAT-0380-fea19f542b,PAT-0380,2026-07-13 12:00:00,0.4753,MEDIUM,0.4242,2026-07-13 00:00:00,2026-07-13 12:00:00,"Riesgo MEDIUM para PAT-0380: evidencia sostenida durante 4 ventana(s) (12h). Variable con mayor aporte: HR (contribución=0.37, concordancia=0.14 con 1/7 variables disponibles). risk_score=0.475, confidence_score=0.424.",risa-vigia-0.1.0
SIG-PAT-0381-79d939d023,PAT-0381,2026-07-11 18:00:00,0.5935,HIGH,0.4242,2026-07-10 00:00:00,2026-07-11 18:00:00,"Riesgo HIGH para PAT-0381: evidencia sostenida durante 14 ventana(s) (42h). Variable con mayor aporte: HR (contribución=0.21, concordancia=0.14 con 1/7 variables disponibles). risk_score=0.593, confidence_score=0.424.",risa-vigia-0.1.0
SIG-PAT-0382-60639ff70c,PAT-0382,2026-07-07 15:00:00,0.858,CRITICAL,0.7273,2026-07-05 12:00:00,2026-07-07 15:00:00,"Riesgo CRITICAL para PAT-0382: evidencia sostenida durante 17 ventana(s) (51h). Variable con mayor aporte: LAB_C (contribución=0.70, concordancia=0.25 con 2/8 variables disponibles). risk_score=0.858, confidence_score=0.727.",risa-vigia-0.1.0
SIG-PAT-0382-05ce9a1e95,PAT-0382,2026-07-08 12:00:00,0.8819,CRITICAL,0.4242,2026-07-08 00:00:00,2026-07-08 12:00:00,"Riesgo CRITICAL para PAT-0382: evidencia sostenida durante 4 ventana(s) (12h). Variable con mayor aporte: DBP (contribución=0.62, concordancia=0.29 con 2/7 variables disponibles). risk_score=0.882, confidence_score=0.424.",risa-vigia-0.1.0
SIG-PAT-0382-75c465d6ac,PAT-0382,2026-07-10 12:00:00,0.6045,HIGH,0.4242,2026-07-10 00:00:00,2026-07-10 12:00:00,"Riesgo HIGH para PAT-0382: evidencia sostenida durante 4 ventana(s) (12h). Variable con mayor aporte: SBP (contribución=0.48, concordancia=0.14 con 1/7 variables disponibles). risk_score=0.604, confidence_score=0.424.",risa-vigia-0.1.0
SIG-PAT-0382-353975dcc4,PAT-0382,2026-07-13 12:00:00,0.5439,MEDIUM,0.4242,2026-07-13 00:00:00,2026-07-13 12:00:00,"Riesgo MEDIUM para PAT-0382: evidencia sostenida durante 4 ventana(s) (12h). Variable con mayor aporte: DBP (contribución=0.31, concordancia=0.14 con 1/7 variables disponibles). risk_score=0.544, confidence_score=0.424.",risa-vigia-0.1.0
SIG-PAT-0382-9126e169e7,PAT-0382,2026-07-14 12:00:00,0.6723,HIGH,0.4242,2026-07-14 00:00:00,2026-07-14 12:00:00,"Riesgo HIGH para PAT-0382: evidencia sostenida durante 4 ventana(s) (12h). Variable con mayor aporte: DBP (contribución=0.41, concordancia=0.14 con 1/7 variables disponibles). risk_score=0.672, confidence_score=0.424.",risa-vigia-0.1.0
SIG-PAT-0384-c5e79d9d38,PAT-0384,2026-07-16 12:00:00,0.5187,MEDIUM,0.4242,2026-07-15 12:00:00,2026-07-16 12:00:00,"Riesgo MEDIUM para PAT-0384: evidencia sostenida durante 8 ventana(s) (24h). Variable con mayor aporte: TEMP (contribución=0.39, concordancia=0.14 con 1/7 variables disponibles). risk_score=0.519, confidence_score=0.424.",risa-vigia-0.1.0
SIG-PAT-0384-fc2fdb19e0,PAT-0384,2026-07-17 18:00:00,0.431,MEDIUM,0.4242,2026-07-16 21:00:00,2026-07-17 18:00:00,"Riesgo MEDIUM para PAT-0384: evidencia sostenida durante 7 ventana(s) (21h). Variable con mayor aporte: HR (contribución=0.19, concordancia=0.00 con 0/7 variables disponibles). risk_score=0.431, confidence_score=0.424.",risa-vigia-0.1.0
SIG-PAT-0384-ebadfdfc9c,PAT-0384,2026-07-19 03:00:00,0.4259,MEDIUM,0.4242,2026-07-18 06:00:00,2026-07-19 03:00:00,"Riesgo MEDIUM para PAT-0384: evidencia sostenida durante 7 ventana(s) (21h). Variable con mayor aporte: SBP (contribución=0.29, concordancia=0.14 con 1/7 variables disponibles). risk_score=0.426, confidence_score=0.424.",risa-vigia-0.1.0
SIG-PAT-0385-9a9efa8590,PAT-0385,2026-07-14 21:00:00,0.5828,HIGH,0.4242,2026-07-13 12:00:00,2026-07-14 21:00:00,"Riesgo HIGH para PAT-0385: evidencia sostenida durante 11 ventana(s) (33h). Variable con mayor aporte: HR (contribución=0.42, concordancia=0.14 con 1/7 variables disponibles). risk_score=0.583, confidence_score=0.424.",risa-vigia-0.1.0
SIG-PAT-0385-8fd9854b45,PAT-0385,2026-07-15 12:00:00,0.5539,HIGH,0.4242,2026-07-15 00:00:00,2026-07-15 12:00:00,"Riesgo HIGH para PAT-0385: evidencia sostenida durante 4 ventana(s) (12h). Variable con mayor aporte: DBP (contribución=0.37, concordancia=0.14 con 1/7 variables disponibles). risk_score=0.554, confidence_score=0.424.",risa-vigia-0.1.0
SIG-PAT-0385-51f0bba1d4,PAT-0385,2026-07-16 12:00:00,0.4826,MEDIUM,0.4242,2026-07-15 21:00:00,2026-07-16 12:00:00,"Riesgo MEDIUM para PAT-0385: evidencia sostenida durante 5 ventana(s) (15h). Variable con mayor aporte: DBP (contribución=0.35, concordancia=0.14 con 1/7 variables disponibles). risk_score=0.483, confidence_score=0.424.",risa-vigia-0.1.0
SIG-PAT-0385-21576b4f3e,PAT-0385,2026-07-18 09:00:00,0.4247,MEDIUM,0.4242,2026-07-18 00:00:00,2026-07-18 09:00:00,"Riesgo MEDIUM para PAT-0385: evidencia sostenida durante 3 ventana(s) (9h). Variable con mayor aporte: DBP (contribución=0.25, concordancia=0.00 con 0/7 variables disponibles). risk_score=0.425, confidence_score=0.424.",risa-vigia-0.1.0
SIG-PAT-0386-14fe2f1e42,PAT-0386,2026-07-26 18:00:00,0.7242,HIGH,0.4242,2026-07-24 00:00:00,2026-07-26 18:00:00,"Riesgo HIGH para PAT-0386: evidencia sostenida durante 22 ventana(s) (66h). Variable con mayor aporte: DBP (contribución=0.55, concordancia=0.14 con 1/7 variables disponibles). risk_score=0.724, confidence_score=0.424.",risa-vigia-0.1.0
SIG-PAT-0386-a82635a45f,PAT-0386,2026-07-28 09:00:00,0.6278,HIGH,0.4242,2026-07-27 15:00:00,2026-07-28 09:00:00,"Riesgo HIGH para PAT-0386: evidencia sostenida durante 6 ventana(s) (18h). Variable con mayor aporte: TEMP (contribución=0.34, concordancia=0.29 con 2/7 variables disponibles). risk_score=0.628, confidence_score=0.424.",risa-vigia-0.1.0
SIG-PAT-0387-7ef349efc3,PAT-0387,2026-07-23 15:00:00,0.6992,HIGH,0.4242,2026-07-22 06:00:00,2026-07-23 15:00:00,"Riesgo HIGH para PAT-0387: evidencia sostenida durante 11 ventana(s) (33h). Variable con mayor aporte: TEMP (contribución=0.42, concordancia=0.29 con 2/7 variables disponibles). risk_score=0.699, confidence_score=0.424.",risa-vigia-0.1.0
SIG-PAT-0387-444e47c344,PAT-0387,2026-07-25 12:00:00,0.4295,MEDIUM,0.4242,2026-07-24 00:00:00,2026-07-25 12:00:00,"Riesgo MEDIUM para PAT-0387: evidencia sostenida durante 12 ventana(s) (36h). Variable con mayor aporte: HR (contribución=0.17, concordancia=0.00 con 0/7 variables disponibles). risk_score=0.429, confidence_score=0.424.",risa-vigia-0.1.0
SIG-PAT-0387-efa1df224b,PAT-0387,2026-07-27 09:00:00,0.6888,HIGH,0.4242,2026-07-26 00:00:00,2026-07-27 09:00:00,"Riesgo HIGH para PAT-0387: evidencia sostenida durante 11 ventana(s) (33h). Variable con mayor aporte: DBP (contribución=0.33, concordancia=0.29 con 2/7 variables disponibles). risk_score=0.689, confidence_score=0.424.",risa-vigia-0.1.0
SIG-PAT-0388-dfe9e0c303,PAT-0388,2026-07-27 21:00:00,0.7423,HIGH,0.4242,2026-07-27 00:00:00,2026-07-27 21:00:00,"Riesgo HIGH para PAT-0388: evidencia sostenida durante 7 ventana(s) (21h). Variable con mayor aporte: TEMP (contribución=0.32, concordancia=0.43 con 3/7 variables disponibles). risk_score=0.742, confidence_score=0.424.",risa-vigia-0.1.0
SIG-PAT-0389-e7a5caea67,PAT-0389,2026-07-04 21:00:00,0.7226,HIGH,0.4242,2026-07-03 15:00:00,2026-07-04 21:00:00,"Riesgo HIGH para PAT-0389: evidencia sostenida durante 10 ventana(s) (30h). Variable con mayor aporte: SBP (contribución=0.31, concordancia=0.29 con 2/7 variables disponibles). risk_score=0.723, confidence_score=0.424.",risa-vigia-0.1.0
SIG-PAT-0389-b1a5b98558,PAT-0389,2026-07-08 12:00:00,0.3892,MEDIUM,0.4242,2026-07-08 00:00:00,2026-07-08 12:00:00,"Riesgo MEDIUM para PAT-0389: evidencia sostenida durante 4 ventana(s) (12h). Variable con mayor aporte: HR (contribución=0.24, concordancia=0.00 con 0/7 variables disponibles). risk_score=0.389, confidence_score=0.424.",risa-vigia-0.1.0
SIG-PAT-0390-a2e4b513f3,PAT-0390,2026-07-10 00:00:00,0.659,HIGH,0.4242,2026-07-09 12:00:00,2026-07-10 00:00:00,"Riesgo HIGH para PAT-0390: evidencia sostenida durante 4 ventana(s) (12h). Variable con mayor aporte: HR (contribución=0.60, concordancia=0.14 con 1/7 variables disponibles). risk_score=0.659, confidence_score=0.424.",risa-vigia-0.1.0
SIG-PAT-0390-9f66a97c3f,PAT-0390,2026-07-11 21:00:00,0.3462,MEDIUM,0.8182,2026-07-11 09:00:00,2026-07-11 21:00:00,"Riesgo MEDIUM para PAT-0390: evidencia sostenida durante 4 ventana(s) (12h). Variable con mayor aporte: SpO2 (contribución=0.11, concordancia=0.00 con 0/9 variables disponibles). risk_score=0.346, confidence_score=0.818.",risa-vigia-0.1.0
SIG-PAT-0390-06f3e4d47f,PAT-0390,2026-07-14 18:00:00,0.4018,MEDIUM,0.4134,2026-07-13 21:00:00,2026-07-14 18:00:00,"Riesgo MEDIUM para PAT-0390: evidencia sostenida durante 7 ventana(s) (21h). Variable con mayor aporte: DBP (contribución=0.17, concordancia=0.00 con 0/7 variables disponibles). risk_score=0.402, confidence_score=0.413.",risa-vigia-0.1.0
SIG-PAT-0391-51d9fd155d,PAT-0391,2026-07-08 15:00:00,0.5743,HIGH,0.4242,2026-07-08 00:00:00,2026-07-08 15:00:00,"Riesgo HIGH para PAT-0391: evidencia sostenida durante 5 ventana(s) (15h). Variable con mayor aporte: HR (contribución=0.45, concordancia=0.14 con 1/7 variables disponibles). risk_score=0.574, confidence_score=0.424.",risa-vigia-0.1.0
SIG-PAT-0391-9370a01c9e,PAT-0391,2026-07-09 12:00:00,0.5305,MEDIUM,0.4242,2026-07-09 00:00:00,2026-07-09 12:00:00,"Riesgo MEDIUM para PAT-0391: evidencia sostenida durante 4 ventana(s) (12h). Variable con mayor aporte: HR (contribución=0.43, concordancia=0.14 con 1/7 variables disponibles). risk_score=0.530, confidence_score=0.424.",risa-vigia-0.1.0
SIG-PAT-0391-261c0b338d,PAT-0391,2026-07-10 12:00:00,0.4644,MEDIUM,0.4242,2026-07-10 00:00:00,2026-07-10 12:00:00,"Riesgo MEDIUM para PAT-0391: evidencia sostenida durante 4 ventana(s) (12h). Variable con mayor aporte: HR (contribución=0.31, concordancia=0.14 con 1/7 variables disponibles). risk_score=0.464, confidence_score=0.424.",risa-vigia-0.1.0
SIG-PAT-0392-1ac85899e1,PAT-0392,2026-07-13 21:00:00,0.9844,CRITICAL,0.3526,2026-07-11 06:00:00,2026-07-13 21:00:00,"Riesgo CRITICAL para PAT-0392: evidencia sostenida durante 21 ventana(s) (63h). Variable con mayor aporte: RR (contribución=0.74, concordancia=0.67 con 4/6 variables disponibles). risk_score=0.984, confidence_score=0.353.",risa-vigia-0.1.0
SIG-PAT-0392-3bd30c4df3,PAT-0392,2026-07-14 18:00:00,0.3738,MEDIUM,0.4242,2026-07-14 00:00:00,2026-07-14 18:00:00,"Riesgo MEDIUM para PAT-0392: evidencia sostenida durante 6 ventana(s) (18h). Variable con mayor aporte: SBP (contribución=0.19, concordancia=0.00 con 0/7 variables disponibles). risk_score=0.374, confidence_score=0.424.",risa-vigia-0.1.0
SIG-PAT-0392-32df5dd36b,PAT-0392,2026-07-17 18:00:00,0.4166,MEDIUM,0.4242,2026-07-17 00:00:00,2026-07-17 18:00:00,"Riesgo MEDIUM para PAT-0392: evidencia sostenida durante 6 ventana(s) (18h). Variable con mayor aporte: DBP (contribución=0.19, concordancia=0.00 con 0/7 variables disponibles). risk_score=0.417, confidence_score=0.424.",risa-vigia-0.1.0
SIG-PAT-0393-d63e1fc907,PAT-0393,2026-07-13 21:00:00,0.7422,HIGH,0.403,2026-07-11 21:00:00,2026-07-13 21:00:00,"Riesgo HIGH para PAT-0393: evidencia sostenida durante 16 ventana(s) (48h). Variable con mayor aporte: HR (contribución=0.43, concordancia=0.29 con 2/7 variables disponibles). risk_score=0.742, confidence_score=0.403.",risa-vigia-0.1.0
SIG-PAT-0393-f6d41dff0f,PAT-0393,2026-07-17 15:00:00,0.4251,MEDIUM,0.4242,2026-07-17 00:00:00,2026-07-17 15:00:00,"Riesgo MEDIUM para PAT-0393: evidencia sostenida durante 5 ventana(s) (15h). Variable con mayor aporte: HR (contribución=0.27, concordancia=0.14 con 1/7 variables disponibles). risk_score=0.425, confidence_score=0.424.",risa-vigia-0.1.0
SIG-PAT-0394-88b4250332,PAT-0394,2026-07-25 12:00:00,0.5982,HIGH,0.4242,2026-07-23 06:00:00,2026-07-25 12:00:00,"Riesgo HIGH para PAT-0394: evidencia sostenida durante 18 ventana(s) (54h). Variable con mayor aporte: DBP (contribución=0.47, concordancia=0.14 con 1/7 variables disponibles). risk_score=0.598, confidence_score=0.424.",risa-vigia-0.1.0
SIG-PAT-0395-66dd423586,PAT-0395,2026-07-06 12:00:00,0.6477,HIGH,0.4242,2026-07-05 21:00:00,2026-07-06 12:00:00,"Riesgo HIGH para PAT-0395: evidencia sostenida durante 5 ventana(s) (15h). Variable con mayor aporte: HR (contribución=0.40, concordancia=0.14 con 1/7 variables disponibles). risk_score=0.648, confidence_score=0.424.",risa-vigia-0.1.0
SIG-PAT-0395-0cd16b8d3e,PAT-0395,2026-07-08 12:00:00,0.5009,MEDIUM,0.4242,2026-07-08 00:00:00,2026-07-08 12:00:00,"Riesgo MEDIUM para PAT-0395: evidencia sostenida durante 4 ventana(s) (12h). Variable con mayor aporte: SBP (contribución=0.26, concordancia=0.14 con 1/7 variables disponibles). risk_score=0.501, confidence_score=0.424.",risa-vigia-0.1.0
SIG-PAT-0396-89a0300451,PAT-0396,2026-07-12 12:00:00,0.7109,HIGH,0.4242,2026-07-11 09:00:00,2026-07-12 12:00:00,"Riesgo HIGH para PAT-0396: evidencia sostenida durante 9 ventana(s) (27h). Variable con mayor aporte: HR (contribución=0.42, concordancia=0.29 con 2/7 variables disponibles). risk_score=0.711, confidence_score=0.424.",risa-vigia-0.1.0
SIG-PAT-0396-ded99b9731,PAT-0396,2026-07-13 12:00:00,0.4667,MEDIUM,0.4242,2026-07-13 00:00:00,2026-07-13 12:00:00,"Riesgo MEDIUM para PAT-0396: evidencia sostenida durante 4 ventana(s) (12h). Variable con mayor aporte: HR (contribución=0.33, concordancia=0.14 con 1/7 variables disponibles). risk_score=0.467, confidence_score=0.424.",risa-vigia-0.1.0
SIG-PAT-0397-f0699b5cb5,PAT-0397,2026-07-09 12:00:00,0.5507,HIGH,0.4242,2026-07-09 00:00:00,2026-07-09 12:00:00,"Riesgo HIGH para PAT-0397: evidencia sostenida durante 4 ventana(s) (12h). Variable con mayor aporte: HR (contribución=0.39, concordancia=0.14 con 1/7 variables disponibles). risk_score=0.551, confidence_score=0.424.",risa-vigia-0.1.0
SIG-PAT-0398-e118a04cfc,PAT-0398,2026-07-20 15:00:00,0.632,HIGH,0.4242,2026-07-19 00:00:00,2026-07-20 15:00:00,"Riesgo HIGH para PAT-0398: evidencia sostenida durante 13 ventana(s) (39h). Variable con mayor aporte: SBP (contribución=0.48, concordancia=0.14 con 1/7 variables disponibles). risk_score=0.632, confidence_score=0.424.",risa-vigia-0.1.0
SIG-PAT-0399-2fa2b6241e,PAT-0399,2026-07-29 12:00:00,0.3984,MEDIUM,0.8182,2026-07-29 00:00:00,2026-07-29 12:00:00,"Riesgo MEDIUM para PAT-0399: evidencia sostenida durante 4 ventana(s) (12h). Variable con mayor aporte: LAB_A (contribución=0.21, concordancia=0.11 con 1/9 variables disponibles). risk_score=0.398, confidence_score=0.818.",risa-vigia-0.1.0
SIG-PAT-0399-ac2aeb271a,PAT-0399,2026-07-30 18:00:00,0.8484,CRITICAL,0.4131,2026-07-29 15:00:00,2026-07-30 18:00:00,"Riesgo CRITICAL para PAT-0399: evidencia sostenida durante 9 ventana(s) (27h). Variable con mayor aporte: DBP (contribución=0.82, concordancia=0.14 con 1/7 variables disponibles). risk_score=0.848, confidence_score=0.413.",risa-vigia-0.1.0
SIG-PAT-0400-f10f4cbad3,PAT-0400,2026-07-09 15:00:00,0.6926,HIGH,0.4242,2026-07-09 00:00:00,2026-07-09 15:00:00,"Riesgo HIGH para PAT-0400: evidencia sostenida durante 5 ventana(s) (15h). Variable con mayor aporte: HR (contribución=0.36, concordancia=0.29 con 2/7 variables disponibles). risk_score=0.693, confidence_score=0.424.",risa-vigia-0.1.0
SIG-PAT-0400-75ca2e4b71,PAT-0400,2026-07-10 21:00:00,0.8707,CRITICAL,0.4131,2026-07-10 00:00:00,2026-07-10 21:00:00,"Riesgo CRITICAL para PAT-0400: evidencia sostenida durante 7 ventana(s) (21h). Variable con mayor aporte: DBP (contribución=0.68, concordancia=0.29 con 2/7 variables disponibles). risk_score=0.871, confidence_score=0.413.",risa-vigia-0.1.0
SIG-PAT-0401-0715813a25,PAT-0401,2026-07-04 09:00:00,0.6529,HIGH,0.4242,2026-07-03 18:00:00,2026-07-04 09:00:00,"Riesgo HIGH para PAT-0401: evidencia sostenida durante 5 ventana(s) (15h). Variable con mayor aporte: TEMP (contribución=0.47, concordancia=0.14 con 1/7 variables disponibles). risk_score=0.653, confidence_score=0.424.",risa-vigia-0.1.0
SIG-PAT-0401-ebcbd3b857,PAT-0401,2026-07-07 00:00:00,0.5827,HIGH,0.4242,2026-07-06 00:00:00,2026-07-07 00:00:00,"Riesgo HIGH para PAT-0401: evidencia sostenida durante 8 ventana(s) (24h). Variable con mayor aporte: RR (contribución=0.26, concordancia=0.14 con 1/7 variables disponibles). risk_score=0.583, confidence_score=0.424.",risa-vigia-0.1.0
SIG-PAT-0401-fe3aa4c7c2,PAT-0401,2026-07-07 15:00:00,0.4567,MEDIUM,0.4242,2026-07-07 03:00:00,2026-07-07 15:00:00,"Riesgo MEDIUM para PAT-0401: evidencia sostenida durante 4 ventana(s) (12h). Variable con mayor aporte: DBP (contribución=0.38, concordancia=0.14 con 1/7 variables disponibles). risk_score=0.457, confidence_score=0.424.",risa-vigia-0.1.0
SIG-PAT-0401-77b8a5e838,PAT-0401,2026-07-08 12:00:00,0.4666,MEDIUM,0.4242,2026-07-08 00:00:00,2026-07-08 12:00:00,"Riesgo MEDIUM para PAT-0401: evidencia sostenida durante 4 ventana(s) (12h). Variable con mayor aporte: SBP (contribución=0.27, concordancia=0.14 con 1/7 variables disponibles). risk_score=0.467, confidence_score=0.424.",risa-vigia-0.1.0
SIG-PAT-0401-51a595cc04,PAT-0401,2026-07-11 15:00:00,0.3795,MEDIUM,0.4242,2026-07-11 03:00:00,2026-07-11 15:00:00,"Riesgo MEDIUM para PAT-0401: evidencia sostenida durante 4 ventana(s) (12h). Variable con mayor aporte: SBP (contribución=0.26, concordancia=0.14 con 1/7 variables disponibles). risk_score=0.380, confidence_score=0.424.",risa-vigia-0.1.0
SIG-PAT-0401-58830e1a24,PAT-0401,2026-07-13 15:00:00,0.6317,HIGH,0.4242,2026-07-13 00:00:00,2026-07-13 15:00:00,"Riesgo HIGH para PAT-0401: evidencia sostenida durante 5 ventana(s) (15h). Variable con mayor aporte: SBP (contribución=0.30, concordancia=0.14 con 1/7 variables disponibles). risk_score=0.632, confidence_score=0.424.",risa-vigia-0.1.0
SIG-PAT-0401-efb9222701,PAT-0401,2026-07-18 18:00:00,0.4639,MEDIUM,0.4121,2026-07-17 18:00:00,2026-07-18 18:00:00,"Riesgo MEDIUM para PAT-0401: evidencia sostenida durante 8 ventana(s) (24h). Variable con mayor aporte: SBP (contribución=0.30, concordancia=0.14 con 1/7 variables disponibles). risk_score=0.464, confidence_score=0.412.",risa-vigia-0.1.0
SIG-PAT-0402-4eac580735,PAT-0402,2026-07-19 12:00:00,0.6618,HIGH,0.4242,2026-07-18 21:00:00,2026-07-19 12:00:00,"Riesgo HIGH para PAT-0402: evidencia sostenida durante 5 ventana(s) (15h). Variable con mayor aporte: DBP (contribución=0.60, concordancia=0.14 con 1/7 variables disponibles). risk_score=0.662, confidence_score=0.424.",risa-vigia-0.1.0
SIG-PAT-0402-0fb8524a5e,PAT-0402,2026-07-20 18:00:00,0.7354,HIGH,0.3636,2026-07-19 21:00:00,2026-07-20 18:00:00,"Riesgo HIGH para PAT-0402: evidencia sostenida durante 7 ventana(s) (21h). Variable con mayor aporte: DBP (contribución=0.68, concordancia=0.17 con 1/6 variables disponibles). risk_score=0.735, confidence_score=0.364.",risa-vigia-0.1.0
SIG-PAT-0402-9971c478e3,PAT-0402,2026-07-21 18:00:00,0.5703,HIGH,0.4242,2026-07-20 21:00:00,2026-07-21 18:00:00,"Riesgo HIGH para PAT-0402: evidencia sostenida durante 7 ventana(s) (21h). Variable con mayor aporte: DBP (contribución=0.43, concordancia=0.14 con 1/7 variables disponibles). risk_score=0.570, confidence_score=0.424.",risa-vigia-0.1.0
SIG-PAT-0403-ced9cb3f41,PAT-0403,2026-07-24 12:00:00,0.5441,MEDIUM,0.4242,2026-07-23 21:00:00,2026-07-24 12:00:00,"Riesgo MEDIUM para PAT-0403: evidencia sostenida durante 5 ventana(s) (15h). Variable con mayor aporte: HR (contribución=0.36, concordancia=0.14 con 1/7 variables disponibles). risk_score=0.544, confidence_score=0.424.",risa-vigia-0.1.0
SIG-PAT-0403-edbfcf035d,PAT-0403,2026-07-27 03:00:00,0.8252,CRITICAL,0.4242,2026-07-25 00:00:00,2026-07-27 03:00:00,"Riesgo CRITICAL para PAT-0403: evidencia sostenida durante 17 ventana(s) (51h). Variable con mayor aporte: SBP (contribución=0.73, concordancia=0.14 con 1/7 variables disponibles). risk_score=0.825, confidence_score=0.424.",risa-vigia-0.1.0
SIG-PAT-0404-47ba4cf896,PAT-0404,2026-07-26 12:00:00,0.6586,HIGH,0.7273,2026-07-25 21:00:00,2026-07-26 12:00:00,"Riesgo HIGH para PAT-0404: evidencia sostenida durante 5 ventana(s) (15h). Variable con mayor aporte: HR (contribución=0.31, concordancia=0.25 con 2/8 variables disponibles). risk_score=0.659, confidence_score=0.727.",risa-vigia-0.1.0
SIG-PAT-0404-bd2083d332,PAT-0404,2026-07-28 12:00:00,0.3136,MEDIUM,0.7273,2026-07-28 00:00:00,2026-07-28 12:00:00,"Riesgo MEDIUM para PAT-0404: evidencia sostenida durante 4 ventana(s) (12h). Variable con mayor aporte: SBP (contribución=0.14, concordancia=0.00 con 0/8 variables disponibles). risk_score=0.314, confidence_score=0.727.",risa-vigia-0.1.0
SIG-PAT-0404-0fffb43770,PAT-0404,2026-07-29 12:00:00,0.5112,MEDIUM,0.4242,2026-07-29 00:00:00,2026-07-29 12:00:00,"Riesgo MEDIUM para PAT-0404: evidencia sostenida durante 4 ventana(s) (12h). Variable con mayor aporte: SBP (contribución=0.26, concordancia=0.14 con 1/7 variables disponibles). risk_score=0.511, confidence_score=0.424.",risa-vigia-0.1.0
SIG-PAT-0405-616ce8d0cc,PAT-0405,2026-07-07 12:00:00,0.7694,HIGH,0.4128,2026-07-07 00:00:00,2026-07-07 12:00:00,"Riesgo HIGH para PAT-0405: evidencia sostenida durante 4 ventana(s) (12h). Variable con mayor aporte: SBP (contribución=0.32, concordancia=0.29 con 2/7 variables disponibles). risk_score=0.769, confidence_score=0.413.",risa-vigia-0.1.0
SIG-PAT-0405-849be4cecd,PAT-0405,2026-07-08 15:00:00,0.6246,HIGH,0.4131,2026-07-08 00:00:00,2026-07-08 15:00:00,"Riesgo HIGH para PAT-0405: evidencia sostenida durante 5 ventana(s) (15h). Variable con mayor aporte: DBP (contribución=0.46, concordancia=0.14 con 1/7 variables disponibles). risk_score=0.625, confidence_score=0.413.",risa-vigia-0.1.0
SIG-PAT-0405-67a942a0f3,PAT-0405,2026-07-09 12:00:00,0.9346,CRITICAL,0.4131,2026-07-09 00:00:00,2026-07-09 12:00:00,"Riesgo CRITICAL para PAT-0405: evidencia sostenida durante 4 ventana(s) (12h). Variable con mayor aporte: DBP (contribución=0.85, concordancia=0.29 con 2/7 variables disponibles). risk_score=0.935, confidence_score=0.413.",risa-vigia-0.1.0
SIG-PAT-0406-abd74b29e6,PAT-0406,2026-07-21 12:00:00,0.7824,HIGH,0.7273,2026-07-19 21:00:00,2026-07-21 12:00:00,"Riesgo HIGH para PAT-0406: evidencia sostenida durante 13 ventana(s) (39h). Variable con mayor aporte: LAB_B (contribución=0.70, concordancia=0.12 con 1/8 variables disponibles). risk_score=0.782, confidence_score=0.727.",risa-vigia-0.1.0
SIG-PAT-0406-801cf42487,PAT-0406,2026-07-25 00:00:00,0.5021,MEDIUM,0.4242,2026-07-24 00:00:00,2026-07-25 00:00:00,"Riesgo MEDIUM para PAT-0406: evidencia sostenida durante 8 ventana(s) (24h). Variable con mayor aporte: SBP (contribución=0.30, concordancia=0.14 con 1/7 variables disponibles). risk_score=0.502, confidence_score=0.424.",risa-vigia-0.1.0
SIG-PAT-0407-9ff30f977a,PAT-0407,2026-07-20 15:00:00,0.613,HIGH,0.4242,2026-07-19 21:00:00,2026-07-20 15:00:00,"Riesgo HIGH para PAT-0407: evidencia sostenida durante 6 ventana(s) (18h). Variable con mayor aporte: DBP (contribución=0.28, concordancia=0.14 con 1/7 variables disponibles). risk_score=0.613, confidence_score=0.424.",risa-vigia-0.1.0
SIG-PAT-0407-b8fa2f28e7,PAT-0407,2026-07-21 12:00:00,0.584,HIGH,0.4242,2026-07-20 18:00:00,2026-07-21 12:00:00,"Riesgo HIGH para PAT-0407: evidencia sostenida durante 6 ventana(s) (18h). Variable con mayor aporte: RR (contribución=0.26, concordancia=0.14 con 1/7 variables disponibles). risk_score=0.584, confidence_score=0.424.",risa-vigia-0.1.0
SIG-PAT-0408-4420670ed1,PAT-0408,2026-07-21 21:00:00,0.7783,HIGH,0.4242,2026-07-20 18:00:00,2026-07-21 21:00:00,"Riesgo HIGH para PAT-0408: evidencia sostenida durante 9 ventana(s) (27h). Variable con mayor aporte: HR (contribución=0.64, concordancia=0.14 con 1/7 variables disponibles). risk_score=0.778, confidence_score=0.424.",risa-vigia-0.1.0
SIG-PAT-0408-239f0fbe6c,PAT-0408,2026-07-22 12:00:00,0.5089,MEDIUM,0.4242,2026-07-22 00:00:00,2026-07-22 12:00:00,"Riesgo MEDIUM para PAT-0408: evidencia sostenida durante 4 ventana(s) (12h). Variable con mayor aporte: HR (contribución=0.36, concordancia=0.14 con 1/7 variables disponibles). risk_score=0.509, confidence_score=0.424.",risa-vigia-0.1.0
SIG-PAT-0408-e3b84dbe38,PAT-0408,2026-07-23 12:00:00,0.5899,HIGH,0.4242,2026-07-23 00:00:00,2026-07-23 12:00:00,"Riesgo HIGH para PAT-0408: evidencia sostenida durante 4 ventana(s) (12h). Variable con mayor aporte: SBP (contribución=0.35, concordancia=0.14 con 1/7 variables disponibles). risk_score=0.590, confidence_score=0.424.",risa-vigia-0.1.0
SIG-PAT-0408-8c0590a8cf,PAT-0408,2026-07-24 12:00:00,0.5969,HIGH,0.4242,2026-07-24 00:00:00,2026-07-24 12:00:00,"Riesgo HIGH para PAT-0408: evidencia sostenida durante 4 ventana(s) (12h). Variable con mayor aporte: HR (contribución=0.33, concordancia=0.14 con 1/7 variables disponibles). risk_score=0.597, confidence_score=0.424.",risa-vigia-0.1.0
SIG-PAT-0408-f6880105be,PAT-0408,2026-07-26 21:00:00,0.8439,CRITICAL,0.4242,2026-07-26 00:00:00,2026-07-26 21:00:00,"Riesgo CRITICAL para PAT-0408: evidencia sostenida durante 7 ventana(s) (21h). Variable con mayor aporte: SBP (contribución=0.66, concordancia=0.29 con 2/7 variables disponibles). risk_score=0.844, confidence_score=0.424.",risa-vigia-0.1.0
SIG-PAT-0408-a8114c2590,PAT-0408,2026-07-27 09:00:00,0.6429,HIGH,0.4242,2026-07-27 00:00:00,2026-07-27 09:00:00,"Riesgo HIGH para PAT-0408: evidencia sostenida durante 3 ventana(s) (9h). Variable con mayor aporte: SBP (contribución=0.46, concordancia=0.14 con 1/7 variables disponibles). risk_score=0.643, confidence_score=0.424.",risa-vigia-0.1.0
SIG-PAT-0409-8b0bac2c8a,PAT-0409,2026-07-10 21:00:00,0.9689,CRITICAL,0.4242,2026-07-10 09:00:00,2026-07-10 21:00:00,"Riesgo CRITICAL para PAT-0409: evidencia sostenida durante 4 ventana(s) (12h). Variable con mayor aporte: SpO2 (contribución=0.65, concordancia=0.57 con 4/7 variables disponibles). risk_score=0.969, confidence_score=0.424.",risa-vigia-0.1.0
SIG-PAT-0410-5467889a05,PAT-0410,2026-07-11 15:00:00,0.9468,CRITICAL,0.4242,2026-07-10 03:00:00,2026-07-11 15:00:00,"Riesgo CRITICAL para PAT-0410: evidencia sostenida durante 12 ventana(s) (36h). Variable con mayor aporte: TEMP (contribución=0.61, concordancia=0.43 con 3/7 variables disponibles). risk_score=0.947, confidence_score=0.424.",risa-vigia-0.1.0
SIG-PAT-0410-e8a4787a75,PAT-0410,2026-07-14 12:00:00,0.5306,MEDIUM,0.4242,2026-07-14 00:00:00,2026-07-14 12:00:00,"Riesgo MEDIUM para PAT-0410: evidencia sostenida durante 4 ventana(s) (12h). Variable con mayor aporte: SBP (contribución=0.45, concordancia=0.14 con 1/7 variables disponibles). risk_score=0.531, confidence_score=0.424.",risa-vigia-0.1.0
SIG-PAT-0411-59ab32f152,PAT-0411,2026-07-19 21:00:00,0.5008,MEDIUM,0.4242,2026-07-19 00:00:00,2026-07-19 21:00:00,"Riesgo MEDIUM para PAT-0411: evidencia sostenida durante 7 ventana(s) (21h). Variable con mayor aporte: DBP (contribución=0.28, concordancia=0.14 con 1/7 variables disponibles). risk_score=0.501, confidence_score=0.424.",risa-vigia-0.1.0
SIG-PAT-0411-e8667da92e,PAT-0411,2026-07-21 12:00:00,0.7493,HIGH,0.4242,2026-07-19 21:00:00,2026-07-21 12:00:00,"Riesgo HIGH para PAT-0411: evidencia sostenida durante 13 ventana(s) (39h). Variable con mayor aporte: DBP (contribución=0.44, concordancia=0.29 con 2/7 variables disponibles). risk_score=0.749, confidence_score=0.424.",risa-vigia-0.1.0
SIG-PAT-0411-341c7e76de,PAT-0411,2026-07-22 21:00:00,0.3936,MEDIUM,0.7273,2026-07-22 00:00:00,2026-07-22 21:00:00,"Riesgo MEDIUM para PAT-0411: evidencia sostenida durante 7 ventana(s) (21h). Variable con mayor aporte: SBP (contribución=0.20, concordancia=0.00 con 0/8 variables disponibles). risk_score=0.394, confidence_score=0.727.",risa-vigia-0.1.0
SIG-PAT-0412-f42fcc3944,PAT-0412,2026-07-18 12:00:00,0.6138,HIGH,0.4242,2026-07-17 03:00:00,2026-07-18 12:00:00,"Riesgo HIGH para PAT-0412: evidencia sostenida durante 11 ventana(s) (33h). Variable con mayor aporte: TEMP (contribución=0.46, concordancia=0.14 con 1/7 variables disponibles). risk_score=0.614, confidence_score=0.424.",risa-vigia-0.1.0
SIG-PAT-0412-b1327868a1,PAT-0412,2026-07-19 15:00:00,0.5294,MEDIUM,0.4242,2026-07-18 15:00:00,2026-07-19 15:00:00,"Riesgo MEDIUM para PAT-0412: evidencia sostenida durante 8 ventana(s) (24h). Variable con mayor aporte: RR (contribución=0.24, concordancia=0.00 con 0/7 variables disponibles). risk_score=0.529, confidence_score=0.424.",risa-vigia-0.1.0
SIG-PAT-0412-bd612cc0f7,PAT-0412,2026-07-20 03:00:00,0.6194,HIGH,0.4242,2026-07-19 18:00:00,2026-07-20 03:00:00,"Riesgo HIGH para PAT-0412: evidencia sostenida durante 3 ventana(s) (9h). Variable con mayor aporte: SBP (contribución=0.53, concordancia=0.14 con 1/7 variables disponibles). risk_score=0.619, confidence_score=0.424.",risa-vigia-0.1.0
SIG-PAT-0413-0e0bf22c3e,PAT-0413,2026-07-05 21:00:00,0.7135,HIGH,0.4242,2026-07-04 18:00:00,2026-07-05 21:00:00,"Riesgo HIGH para PAT-0413: evidencia sostenida durante 9 ventana(s) (27h). Variable con mayor aporte: HR (contribución=0.58, concordancia=0.14 con 1/7 variables disponibles). risk_score=0.714, confidence_score=0.424.",risa-vigia-0.1.0
SIG-PAT-0413-3a0a5dd88d,PAT-0413,2026-07-06 12:00:00,0.7707,HIGH,0.4242,2026-07-05 21:00:00,2026-07-06 12:00:00,"Riesgo HIGH para PAT-0413: evidencia sostenida durante 5 ventana(s) (15h). Variable con mayor aporte: DBP (contribución=0.46, concordancia=0.29 con 2/7 variables disponibles). risk_score=0.771, confidence_score=0.424.",risa-vigia-0.1.0
SIG-PAT-0413-61a3a5bd50,PAT-0413,2026-07-08 12:00:00,0.685,HIGH,0.8182,2026-07-07 00:00:00,2026-07-08 12:00:00,"Riesgo HIGH para PAT-0413: evidencia sostenida durante 12 ventana(s) (36h). Variable con mayor aporte: LAB_B (contribución=0.55, concordancia=0.11 con 1/9 variables disponibles). risk_score=0.685, confidence_score=0.818.",risa-vigia-0.1.0
SIG-PAT-0413-81c30b7c2d,PAT-0413,2026-07-09 12:00:00,0.6362,HIGH,0.4242,2026-07-08 21:00:00,2026-07-09 12:00:00,"Riesgo HIGH para PAT-0413: evidencia sostenida durante 5 ventana(s) (15h). Variable con mayor aporte: SBP (contribución=0.30, concordancia=0.29 con 2/7 variables disponibles). risk_score=0.636, confidence_score=0.424.",risa-vigia-0.1.0
SIG-PAT-0413-c3175a25cb,PAT-0413,2026-07-10 12:00:00,0.5338,MEDIUM,0.4242,2026-07-10 00:00:00,2026-07-10 12:00:00,"Riesgo MEDIUM para PAT-0413: evidencia sostenida durante 4 ventana(s) (12h). Variable con mayor aporte: HR (contribución=0.27, concordancia=0.14 con 1/7 variables disponibles). risk_score=0.534, confidence_score=0.424.",risa-vigia-0.1.0
SIG-PAT-0413-a63024ed34,PAT-0413,2026-07-11 12:00:00,0.5942,HIGH,0.3636,2026-07-11 00:00:00,2026-07-11 12:00:00,"Riesgo HIGH para PAT-0413: evidencia sostenida durante 4 ventana(s) (12h). Variable con mayor aporte: SBP (contribución=0.36, concordancia=0.17 con 1/6 variables disponibles). risk_score=0.594, confidence_score=0.364.",risa-vigia-0.1.0
SIG-PAT-0413-98b9012a2c,PAT-0413,2026-07-14 18:00:00,0.8341,CRITICAL,0.7273,2026-07-13 00:00:00,2026-07-14 18:00:00,"Riesgo CRITICAL para PAT-0413: evidencia sostenida durante 14 ventana(s) (42h). Variable con mayor aporte: SBP (contribución=0.65, concordancia=0.25 con 2/8 variables disponibles). risk_score=0.834, confidence_score=0.727.",risa-vigia-0.1.0
SIG-PAT-0413-a26395d680,PAT-0413,2026-07-15 12:00:00,0.4939,MEDIUM,0.4242,2026-07-15 00:00:00,2026-07-15 12:00:00,"Riesgo MEDIUM para PAT-0413: evidencia sostenida durante 4 ventana(s) (12h). Variable con mayor aporte: HR (contribución=0.39, concordancia=0.14 con 1/7 variables disponibles). risk_score=0.494, confidence_score=0.424.",risa-vigia-0.1.0
SIG-PAT-0413-9ef1ce6cc0,PAT-0413,2026-07-17 09:00:00,0.4715,MEDIUM,0.4242,2026-07-16 00:00:00,2026-07-17 09:00:00,"Riesgo MEDIUM para PAT-0413: evidencia sostenida durante 11 ventana(s) (33h). Variable con mayor aporte: HR (contribución=0.21, concordancia=0.00 con 0/7 variables disponibles). risk_score=0.472, confidence_score=0.424.",risa-vigia-0.1.0
SIG-PAT-0413-b491405fa2,PAT-0413,2026-07-21 15:00:00,0.51,MEDIUM,0.4242,2026-07-21 00:00:00,2026-07-21 15:00:00,"Riesgo MEDIUM para PAT-0413: evidencia sostenida durante 5 ventana(s) (15h). Variable con mayor aporte: SBP (contribución=0.35, concordancia=0.14 con 1/7 variables disponibles). risk_score=0.510, confidence_score=0.424.",risa-vigia-0.1.0
SIG-PAT-0413-9cfe8e9cb5,PAT-0413,2026-07-22 18:00:00,0.6016,HIGH,0.4242,2026-07-22 00:00:00,2026-07-22 18:00:00,"Riesgo HIGH para PAT-0413: evidencia sostenida durante 6 ventana(s) (18h). Variable con mayor aporte: DBP (contribución=0.45, concordancia=0.14 con 1/7 variables disponibles). risk_score=0.602, confidence_score=0.424.",risa-vigia-0.1.0
SIG-PAT-0414-9162231cf6,PAT-0414,2026-07-26 09:00:00,0.5453,MEDIUM,0.4242,2026-07-25 21:00:00,2026-07-26 09:00:00,"Riesgo MEDIUM para PAT-0414: evidencia sostenida durante 4 ventana(s) (12h). Variable con mayor aporte: SBP (contribución=0.35, concordancia=0.14 con 1/7 variables disponibles). risk_score=0.545, confidence_score=0.424.",risa-vigia-0.1.0
SIG-PAT-0416-733d58c316,PAT-0416,2026-07-28 12:00:00,0.6276,HIGH,0.4242,2026-07-26 06:00:00,2026-07-28 12:00:00,"Riesgo HIGH para PAT-0416: evidencia sostenida durante 18 ventana(s) (54h). Variable con mayor aporte: DBP (contribución=0.49, concordancia=0.14 con 1/7 variables disponibles). risk_score=0.628, confidence_score=0.424.",risa-vigia-0.1.0
SIG-PAT-0417-cbbaca2874,PAT-0417,2026-07-24 12:00:00,0.7085,HIGH,0.8182,2026-07-23 21:00:00,2026-07-24 12:00:00,"Riesgo HIGH para PAT-0417: evidencia sostenida durante 5 ventana(s) (15h). Variable con mayor aporte: LAB_B (contribución=0.30, concordancia=0.22 con 2/9 variables disponibles). risk_score=0.709, confidence_score=0.818.",risa-vigia-0.1.0
SIG-PAT-0418-430bfc4259,PAT-0418,2026-07-31 03:00:00,0.6869,HIGH,0.0303,2026-07-30 18:00:00,2026-07-31 03:00:00,"Riesgo HIGH para PAT-0418: evidencia sostenida durante 3 ventana(s) (9h). Variable con mayor aporte: WEARABLE_HR (contribución=0.22, concordancia=1.00 con 1/1 variables disponibles). risk_score=0.687, confidence_score=0.030.",risa-vigia-0.1.0
SIG-PAT-0419-3984041160,PAT-0419,2026-07-02 15:00:00,0.5836,HIGH,0.4242,2026-07-02 00:00:00,2026-07-02 15:00:00,"Riesgo HIGH para PAT-0419: evidencia sostenida durante 5 ventana(s) (15h). Variable con mayor aporte: HR (contribución=0.42, concordancia=0.14 con 1/7 variables disponibles). risk_score=0.584, confidence_score=0.424.",risa-vigia-0.1.0
SIG-PAT-0419-3fe31b6367,PAT-0419,2026-07-04 12:00:00,0.5652,HIGH,0.7273,2026-07-03 21:00:00,2026-07-04 12:00:00,"Riesgo HIGH para PAT-0419: evidencia sostenida durante 5 ventana(s) (15h). Variable con mayor aporte: DBP (contribución=0.38, concordancia=0.12 con 1/8 variables disponibles). risk_score=0.565, confidence_score=0.727.",risa-vigia-0.1.0
SIG-PAT-0420-6faa604772,PAT-0420,2026-07-05 12:00:00,0.773,HIGH,0.4242,2026-07-03 00:00:00,2026-07-05 12:00:00,"Riesgo HIGH para PAT-0420: evidencia sostenida durante 20 ventana(s) (60h). Variable con mayor aporte: SBP (contribución=0.50, concordancia=0.29 con 2/7 variables disponibles). risk_score=0.773, confidence_score=0.424.",risa-vigia-0.1.0
SIG-PAT-0420-6a2038b3a0,PAT-0420,2026-07-07 03:00:00,0.3627,MEDIUM,0.4242,2026-07-06 00:00:00,2026-07-07 03:00:00,"Riesgo MEDIUM para PAT-0420: evidencia sostenida durante 9 ventana(s) (27h). Variable con mayor aporte: HR (contribución=0.16, concordancia=0.00 con 0/7 variables disponibles). risk_score=0.363, confidence_score=0.424.",risa-vigia-0.1.0
SIG-PAT-0421-b4957a7c7b,PAT-0421,2026-07-01 15:00:00,0.435,MEDIUM,0.4242,2026-07-01 00:00:00,2026-07-01 15:00:00,"Riesgo MEDIUM para PAT-0421: evidencia sostenida durante 5 ventana(s) (15h). Variable con mayor aporte: RR (contribución=0.27, concordancia=0.14 con 1/7 variables disponibles). risk_score=0.435, confidence_score=0.424.",risa-vigia-0.1.0
SIG-PAT-0421-07d604314d,PAT-0421,2026-07-04 03:00:00,0.798,HIGH,0.4242,2026-07-01 21:00:00,2026-07-04 03:00:00,"Riesgo HIGH para PAT-0421: evidencia sostenida durante 18 ventana(s) (54h). Variable con mayor aporte: HR (contribución=0.45, concordancia=0.43 con 3/7 variables disponibles). risk_score=0.798, confidence_score=0.424.",risa-vigia-0.1.0
SIG-PAT-0422-ea082696a1,PAT-0422,2026-07-14 12:00:00,0.7861,HIGH,0.4242,2026-07-10 06:00:00,2026-07-14 12:00:00,"Riesgo HIGH para PAT-0422: evidencia sostenida durante 34 ventana(s) (102h). Variable con mayor aporte: HR (contribución=0.45, concordancia=0.29 con 2/7 variables disponibles). risk_score=0.786, confidence_score=0.424.",risa-vigia-0.1.0
SIG-PAT-0422-098c84cb95,PAT-0422,2026-07-15 12:00:00,0.4206,MEDIUM,0.4242,2026-07-15 00:00:00,2026-07-15 12:00:00,"Riesgo MEDIUM para PAT-0422: evidencia sostenida durante 4 ventana(s) (12h). Variable con mayor aporte: HR (contribución=0.21, concordancia=0.00 con 0/7 variables disponibles). risk_score=0.421, confidence_score=0.424.",risa-vigia-0.1.0
SIG-PAT-0422-5c3fafe67b,PAT-0422,2026-07-16 18:00:00,0.5034,MEDIUM,0.4125,2026-07-16 03:00:00,2026-07-16 18:00:00,"Riesgo MEDIUM para PAT-0422: evidencia sostenida durante 5 ventana(s) (15h). Variable con mayor aporte: HR (contribución=0.31, concordancia=0.14 con 1/7 variables disponibles). risk_score=0.503, confidence_score=0.412.",risa-vigia-0.1.0
SIG-PAT-0422-295b0655a1,PAT-0422,2026-07-17 09:00:00,0.3549,MEDIUM,0.4242,2026-07-17 00:00:00,2026-07-17 09:00:00,"Riesgo MEDIUM para PAT-0422: evidencia sostenida durante 3 ventana(s) (9h). Variable con mayor aporte: HR (contribución=0.20, concordancia=0.00 con 0/7 variables disponibles). risk_score=0.355, confidence_score=0.424.",risa-vigia-0.1.0
SIG-PAT-0423-c2b1f005bb,PAT-0423,2026-07-07 15:00:00,0.6587,HIGH,0.4242,2026-07-06 21:00:00,2026-07-07 15:00:00,"Riesgo HIGH para PAT-0423: evidencia sostenida durante 6 ventana(s) (18h). Variable con mayor aporte: HR (contribución=0.57, concordancia=0.14 con 1/7 variables disponibles). risk_score=0.659, confidence_score=0.424.",risa-vigia-0.1.0
SIG-PAT-0423-ecb4b61807,PAT-0423,2026-07-09 00:00:00,0.7922,HIGH,0.7273,2026-07-08 00:00:00,2026-07-09 00:00:00,"Riesgo HIGH para PAT-0423: evidencia sostenida durante 8 ventana(s) (24h). Variable con mayor aporte: LAB_A (contribución=0.68, concordancia=0.12 con 1/8 variables disponibles). risk_score=0.792, confidence_score=0.727.",risa-vigia-0.1.0
SIG-PAT-0423-93f5d120fb,PAT-0423,2026-07-10 12:00:00,0.4348,MEDIUM,0.4242,2026-07-10 00:00:00,2026-07-10 12:00:00,"Riesgo MEDIUM para PAT-0423: evidencia sostenida durante 4 ventana(s) (12h). Variable con mayor aporte: HR (contribución=0.30, concordancia=0.14 con 1/7 variables disponibles). risk_score=0.435, confidence_score=0.424.",risa-vigia-0.1.0
SIG-PAT-0425-ad4abc4c99,PAT-0425,2026-07-20 15:00:00,0.5926,HIGH,0.4242,2026-07-20 00:00:00,2026-07-20 15:00:00,"Riesgo HIGH para PAT-0425: evidencia sostenida durante 5 ventana(s) (15h). Variable con mayor aporte: SBP (contribución=0.34, concordancia=0.14 con 1/7 variables disponibles). risk_score=0.593, confidence_score=0.424.",risa-vigia-0.1.0
SIG-PAT-0425-14fc6a077b,PAT-0425,2026-07-22 12:00:00,0.656,HIGH,0.8182,2026-07-20 21:00:00,2026-07-22 12:00:00,"Riesgo HIGH para PAT-0425: evidencia sostenida durante 13 ventana(s) (39h). Variable con mayor aporte: DBP (contribución=0.58, concordancia=0.11 con 1/9 variables disponibles). risk_score=0.656, confidence_score=0.818.",risa-vigia-0.1.0
SIG-PAT-0425-7659a42e0c,PAT-0425,2026-07-23 15:00:00,0.3941,MEDIUM,0.4242,2026-07-23 00:00:00,2026-07-23 15:00:00,"Riesgo MEDIUM para PAT-0425: evidencia sostenida durante 5 ventana(s) (15h). Variable con mayor aporte: HR (contribución=0.19, concordancia=0.00 con 0/7 variables disponibles). risk_score=0.394, confidence_score=0.424.",risa-vigia-0.1.0
SIG-PAT-0426-c94b26429b,PAT-0426,2026-07-10 12:00:00,0.6486,HIGH,0.4242,2026-07-09 12:00:00,2026-07-10 12:00:00,"Riesgo HIGH para PAT-0426: evidencia sostenida durante 8 ventana(s) (24h). Variable con mayor aporte: HR (contribución=0.53, concordancia=0.14 con 1/7 variables disponibles). risk_score=0.649, confidence_score=0.424.",risa-vigia-0.1.0
SIG-PAT-0426-d2ca379cb1,PAT-0426,2026-07-12 18:00:00,0.4864,MEDIUM,0.4242,2026-07-12 00:00:00,2026-07-12 18:00:00,"Riesgo MEDIUM para PAT-0426: evidencia sostenida durante 6 ventana(s) (18h). Variable con mayor aporte: DBP (contribución=0.30, concordancia=0.14 con 1/7 variables disponibles). risk_score=0.486, confidence_score=0.424.",risa-vigia-0.1.0
SIG-PAT-0427-cf5d67cf9d,PAT-0427,2026-07-06 12:00:00,0.6589,HIGH,0.7273,2026-07-05 09:00:00,2026-07-06 12:00:00,"Riesgo HIGH para PAT-0427: evidencia sostenida durante 9 ventana(s) (27h). Variable con mayor aporte: DBP (contribución=0.40, concordancia=0.25 con 2/8 variables disponibles). risk_score=0.659, confidence_score=0.727.",risa-vigia-0.1.0
SIG-PAT-0427-760f24ab4b,PAT-0427,2026-07-07 15:00:00,0.6103,HIGH,0.4242,2026-07-07 00:00:00,2026-07-07 15:00:00,"Riesgo HIGH para PAT-0427: evidencia sostenida durante 5 ventana(s) (15h). Variable con mayor aporte: SBP (contribución=0.36, concordancia=0.14 con 1/7 variables disponibles). risk_score=0.610, confidence_score=0.424.",risa-vigia-0.1.0
SIG-PAT-0427-802c9b659e,PAT-0427,2026-07-08 12:00:00,0.3447,MEDIUM,0.4242,2026-07-08 00:00:00,2026-07-08 12:00:00,"Riesgo MEDIUM para PAT-0427: evidencia sostenida durante 4 ventana(s) (12h). Variable con mayor aporte: SpO2 (contribución=0.14, concordancia=0.00 con 0/7 variables disponibles). risk_score=0.345, confidence_score=0.424.",risa-vigia-0.1.0
SIG-PAT-0428-1a6f79adcb,PAT-0428,2026-07-15 12:00:00,0.5384,MEDIUM,0.4242,2026-07-13 21:00:00,2026-07-15 12:00:00,"Riesgo MEDIUM para PAT-0428: evidencia sostenida durante 13 ventana(s) (39h). Variable con mayor aporte: HR (contribución=0.37, concordancia=0.14 con 1/7 variables disponibles). risk_score=0.538, confidence_score=0.424.",risa-vigia-0.1.0
SIG-PAT-0428-c29547d551,PAT-0428,2026-07-17 18:00:00,0.556,HIGH,0.8182,2026-07-16 00:00:00,2026-07-17 18:00:00,"Riesgo HIGH para PAT-0428: evidencia sostenida durante 14 ventana(s) (42h). Variable con mayor aporte: LAB_B (contribución=0.38, concordancia=0.11 con 1/9 variables disponibles). risk_score=0.556, confidence_score=0.818.",risa-vigia-0.1.0
SIG-PAT-0428-1d5f3a17ec,PAT-0428,2026-07-19 18:00:00,0.4833,MEDIUM,0.4242,2026-07-18 21:00:00,2026-07-19 18:00:00,"Riesgo MEDIUM para PAT-0428: evidencia sostenida durante 7 ventana(s) (21h). Variable con mayor aporte: DBP (contribución=0.33, concordancia=0.14 con 1/7 variables disponibles). risk_score=0.483, confidence_score=0.424.",risa-vigia-0.1.0
SIG-PAT-0428-a8c82c9f46,PAT-0428,2026-07-20 12:00:00,0.5155,MEDIUM,0.4242,2026-07-20 00:00:00,2026-07-20 12:00:00,"Riesgo MEDIUM para PAT-0428: evidencia sostenida durante 4 ventana(s) (12h). Variable con mayor aporte: SBP (contribución=0.34, concordancia=0.14 con 1/7 variables disponibles). risk_score=0.515, confidence_score=0.424.",risa-vigia-0.1.0
SIG-PAT-0430-a25868b915,PAT-0430,2026-07-08 03:00:00,0.3932,MEDIUM,0.4242,2026-07-07 21:00:00,2026-07-08 03:00:00,"Riesgo MEDIUM para PAT-0430: evidencia sostenida durante 2 ventana(s) (6h). Variable con mayor aporte: WEARABLE_HR (contribución=0.20, concordancia=0.14 con 1/7 variables disponibles). risk_score=0.393, confidence_score=0.424.",risa-vigia-0.1.0
SIG-PAT-0431-504db79290,PAT-0431,2026-07-22 12:00:00,0.7249,HIGH,0.4242,2026-07-21 18:00:00,2026-07-22 12:00:00,"Riesgo HIGH para PAT-0431: evidencia sostenida durante 6 ventana(s) (18h). Variable con mayor aporte: HR (contribución=0.51, concordancia=0.14 con 1/7 variables disponibles). risk_score=0.725, confidence_score=0.424.",risa-vigia-0.1.0
SIG-PAT-0431-b29df042ff,PAT-0431,2026-07-23 12:00:00,0.5002,MEDIUM,0.4242,2026-07-23 00:00:00,2026-07-23 12:00:00,"Riesgo MEDIUM para PAT-0431: evidencia sostenida durante 4 ventana(s) (12h). Variable con mayor aporte: HR (contribución=0.38, concordancia=0.14 con 1/7 variables disponibles). risk_score=0.500, confidence_score=0.424.",risa-vigia-0.1.0
SIG-PAT-0432-09c9a032c6,PAT-0432,2026-07-07 18:00:00,0.5021,MEDIUM,0.7273,2026-07-06 21:00:00,2026-07-07 18:00:00,"Riesgo MEDIUM para PAT-0432: evidencia sostenida durante 7 ventana(s) (21h). Variable con mayor aporte: HR (contribución=0.34, concordancia=0.12 con 1/8 variables disponibles). risk_score=0.502, confidence_score=0.727.",risa-vigia-0.1.0
SIG-PAT-0432-e57ee1f196,PAT-0432,2026-07-08 15:00:00,0.6887,HIGH,0.4242,2026-07-08 00:00:00,2026-07-08 15:00:00,"Riesgo HIGH para PAT-0432: evidencia sostenida durante 5 ventana(s) (15h). Variable con mayor aporte: SBP (contribución=0.62, concordancia=0.14 con 1/7 variables disponibles). risk_score=0.689, confidence_score=0.424.",risa-vigia-0.1.0
SIG-PAT-0432-045cd3848a,PAT-0432,2026-07-11 15:00:00,0.7048,HIGH,0.4242,2026-07-10 21:00:00,2026-07-11 15:00:00,"Riesgo HIGH para PAT-0432: evidencia sostenida durante 6 ventana(s) (18h). Variable con mayor aporte: SBP (contribución=0.59, concordancia=0.14 con 1/7 variables disponibles). risk_score=0.705, confidence_score=0.424.",risa-vigia-0.1.0
SIG-PAT-0432-2066f612bb,PAT-0432,2026-07-13 15:00:00,0.6478,HIGH,0.4242,2026-07-12 00:00:00,2026-07-13 15:00:00,"Riesgo HIGH para PAT-0432: evidencia sostenida durante 13 ventana(s) (39h). Variable con mayor aporte: SBP (contribución=0.52, concordancia=0.14 con 1/7 variables disponibles). risk_score=0.648, confidence_score=0.424.",risa-vigia-0.1.0
SIG-PAT-0433-bfafbf614b,PAT-0433,2026-07-21 12:00:00,0.6509,HIGH,0.9091,2026-07-20 21:00:00,2026-07-21 12:00:00,"Riesgo HIGH para PAT-0433: evidencia sostenida durante 5 ventana(s) (15h). Variable con mayor aporte: HR (contribución=0.47, concordancia=0.10 con 1/10 variables disponibles). risk_score=0.651, confidence_score=0.909.",risa-vigia-0.1.0
SIG-PAT-0433-b92f3329dc,PAT-0433,2026-07-22 12:00:00,0.3391,MEDIUM,0.4242,2026-07-22 00:00:00,2026-07-22 12:00:00,"Riesgo MEDIUM para PAT-0433: evidencia sostenida durante 4 ventana(s) (12h). Variable con mayor aporte: HR (contribución=0.21, concordancia=0.00 con 0/7 variables disponibles). risk_score=0.339, confidence_score=0.424.",risa-vigia-0.1.0
SIG-PAT-0433-46b34abcad,PAT-0433,2026-07-23 18:00:00,0.313,MEDIUM,0.4242,2026-07-23 06:00:00,2026-07-23 18:00:00,"Riesgo MEDIUM para PAT-0433: evidencia sostenida durante 4 ventana(s) (12h). Variable con mayor aporte: RR (contribución=0.12, concordancia=0.00 con 0/7 variables disponibles). risk_score=0.313, confidence_score=0.424.",risa-vigia-0.1.0
SIG-PAT-0433-b5e2a963e9,PAT-0433,2026-07-25 03:00:00,0.8155,CRITICAL,0.4242,2026-07-24 00:00:00,2026-07-25 03:00:00,"Riesgo CRITICAL para PAT-0433: evidencia sostenida durante 9 ventana(s) (27h). Variable con mayor aporte: SBP (contribución=0.65, concordancia=0.29 con 2/7 variables disponibles). risk_score=0.816, confidence_score=0.424.",risa-vigia-0.1.0
SIG-PAT-0434-2c7fe4533f,PAT-0434,2026-07-28 12:00:00,0.8523,CRITICAL,0.4242,2026-07-26 06:00:00,2026-07-28 12:00:00,"Riesgo CRITICAL para PAT-0434: evidencia sostenida durante 18 ventana(s) (54h). Variable con mayor aporte: TEMP (contribución=0.59, concordancia=0.29 con 2/7 variables disponibles). risk_score=0.852, confidence_score=0.424.",risa-vigia-0.1.0
SIG-PAT-0434-82ce61842e,PAT-0434,2026-07-30 09:00:00,0.4046,MEDIUM,0.4134,2026-07-30 00:00:00,2026-07-30 09:00:00,"Riesgo MEDIUM para PAT-0434: evidencia sostenida durante 3 ventana(s) (9h). Variable con mayor aporte: HR (contribución=0.24, concordancia=0.00 con 0/7 variables disponibles). risk_score=0.405, confidence_score=0.413.",risa-vigia-0.1.0
SIG-PAT-0435-c0b0c5553d,PAT-0435,2026-07-13 12:00:00,0.4796,MEDIUM,0.7273,2026-07-12 15:00:00,2026-07-13 12:00:00,"Riesgo MEDIUM para PAT-0435: evidencia sostenida durante 7 ventana(s) (21h). Variable con mayor aporte: LAB_D (contribución=0.36, concordancia=0.12 con 1/8 variables disponibles). risk_score=0.480, confidence_score=0.727.",risa-vigia-0.1.0
SIG-PAT-0435-39094c64a3,PAT-0435,2026-07-15 12:00:00,0.5818,HIGH,0.8182,2026-07-15 00:00:00,2026-07-15 12:00:00,"Riesgo HIGH para PAT-0435: evidencia sostenida durante 4 ventana(s) (12h). Variable con mayor aporte: SBP (contribución=0.45, concordancia=0.11 con 1/9 variables disponibles). risk_score=0.582, confidence_score=0.818.",risa-vigia-0.1.0
SIG-PAT-0435-1c291174ed,PAT-0435,2026-07-16 12:00:00,0.6337,HIGH,0.4242,2026-07-16 00:00:00,2026-07-16 12:00:00,"Riesgo HIGH para PAT-0435: evidencia sostenida durante 4 ventana(s) (12h). Variable con mayor aporte: SBP (contribución=0.43, concordancia=0.14 con 1/7 variables disponibles). risk_score=0.634, confidence_score=0.424.",risa-vigia-0.1.0
SIG-PAT-0437-3d89f02dc8,PAT-0437,2026-07-09 12:00:00,0.4431,MEDIUM,0.4242,2026-07-08 21:00:00,2026-07-09 12:00:00,"Riesgo MEDIUM para PAT-0437: evidencia sostenida durante 5 ventana(s) (15h). Variable con mayor aporte: SBP (contribución=0.28, concordancia=0.14 con 1/7 variables disponibles). risk_score=0.443, confidence_score=0.424.",risa-vigia-0.1.0
SIG-PAT-0437-7934271def,PAT-0437,2026-07-11 12:00:00,0.7064,HIGH,0.4242,2026-07-11 00:00:00,2026-07-11 12:00:00,"Riesgo HIGH para PAT-0437: evidencia sostenida durante 4 ventana(s) (12h). Variable con mayor aporte: DBP (contribución=0.63, concordancia=0.14 con 1/7 variables disponibles). risk_score=0.706, confidence_score=0.424.",risa-vigia-0.1.0
SIG-PAT-0438-8754ac04ea,PAT-0438,2026-07-22 15:00:00,0.4624,MEDIUM,0.4242,2026-07-22 00:00:00,2026-07-22 15:00:00,"Riesgo MEDIUM para PAT-0438: evidencia sostenida durante 5 ventana(s) (15h). Variable con mayor aporte: HR (contribución=0.35, concordancia=0.14 con 1/7 variables disponibles). risk_score=0.462, confidence_score=0.424.",risa-vigia-0.1.0
SIG-PAT-0438-a12cae61fa,PAT-0438,2026-07-23 15:00:00,0.5575,HIGH,0.4242,2026-07-23 00:00:00,2026-07-23 15:00:00,"Riesgo HIGH para PAT-0438: evidencia sostenida durante 5 ventana(s) (15h). Variable con mayor aporte: DBP (contribución=0.39, concordancia=0.14 con 1/7 variables disponibles). risk_score=0.557, confidence_score=0.424.",risa-vigia-0.1.0
SIG-PAT-0438-bfc549b430,PAT-0438,2026-07-25 09:00:00,0.7781,HIGH,0.4136,2026-07-25 00:00:00,2026-07-25 09:00:00,"Riesgo HIGH para PAT-0438: evidencia sostenida durante 3 ventana(s) (9h). Variable con mayor aporte: SBP (contribución=0.66, concordancia=0.14 con 1/7 variables disponibles). risk_score=0.778, confidence_score=0.414.",risa-vigia-0.1.0
SIG-PAT-0440-02f0e34964,PAT-0440,2026-07-22 12:00:00,0.4782,MEDIUM,0.4242,2026-07-22 00:00:00,2026-07-22 12:00:00,"Riesgo MEDIUM para PAT-0440: evidencia sostenida durante 4 ventana(s) (12h). Variable con mayor aporte: HR (contribución=0.25, concordancia=0.00 con 0/7 variables disponibles). risk_score=0.478, confidence_score=0.424.",risa-vigia-0.1.0
SIG-PAT-0440-a3fdd69f5b,PAT-0440,2026-07-25 12:00:00,0.5682,HIGH,0.4242,2026-07-24 03:00:00,2026-07-25 12:00:00,"Riesgo HIGH para PAT-0440: evidencia sostenida durante 11 ventana(s) (33h). Variable con mayor aporte: SBP (contribución=0.28, concordancia=0.14 con 1/7 variables disponibles). risk_score=0.568, confidence_score=0.424.",risa-vigia-0.1.0
SIG-PAT-0441-61c00fd34c,PAT-0441,2026-07-25 15:00:00,0.7314,HIGH,0.4134,2026-07-24 12:00:00,2026-07-25 15:00:00,"Riesgo HIGH para PAT-0441: evidencia sostenida durante 9 ventana(s) (27h). Variable con mayor aporte: DBP (contribución=0.66, concordancia=0.14 con 1/7 variables disponibles). risk_score=0.731, confidence_score=0.413.",risa-vigia-0.1.0
SIG-PAT-0442-bc3f6351cb,PAT-0442,2026-07-17 21:00:00,0.5057,MEDIUM,0.4242,2026-07-17 06:00:00,2026-07-17 21:00:00,"Riesgo MEDIUM para PAT-0442: evidencia sostenida durante 5 ventana(s) (15h). Variable con mayor aporte: SBP (contribución=0.37, concordancia=0.14 con 1/7 variables disponibles). risk_score=0.506, confidence_score=0.424.",risa-vigia-0.1.0
SIG-PAT-0442-3854bf5e51,PAT-0442,2026-07-19 12:00:00,0.5263,MEDIUM,0.4242,2026-07-19 00:00:00,2026-07-19 12:00:00,"Riesgo MEDIUM para PAT-0442: evidencia sostenida durante 4 ventana(s) (12h). Variable con mayor aporte: HR (contribución=0.27, concordancia=0.14 con 1/7 variables disponibles). risk_score=0.526, confidence_score=0.424.",risa-vigia-0.1.0
SIG-PAT-0443-ca17e1cb11,PAT-0443,2026-07-26 21:00:00,0.6421,HIGH,0.4242,2026-07-26 06:00:00,2026-07-26 21:00:00,"Riesgo HIGH para PAT-0443: evidencia sostenida durante 5 ventana(s) (15h). Variable con mayor aporte: DBP (contribución=0.58, concordancia=0.14 con 1/7 variables disponibles). risk_score=0.642, confidence_score=0.424.",risa-vigia-0.1.0
SIG-PAT-0444-972f736d90,PAT-0444,2026-07-08 18:00:00,0.7339,HIGH,0.4242,2026-07-07 21:00:00,2026-07-08 18:00:00,"Riesgo HIGH para PAT-0444: evidencia sostenida durante 7 ventana(s) (21h). Variable con mayor aporte: HR (contribución=0.62, concordancia=0.14 con 1/7 variables disponibles). risk_score=0.734, confidence_score=0.424.",risa-vigia-0.1.0
SIG-PAT-0444-f1ffae2851,PAT-0444,2026-07-09 12:00:00,0.6379,HIGH,0.4242,2026-07-09 00:00:00,2026-07-09 12:00:00,"Riesgo HIGH para PAT-0444: evidencia sostenida durante 4 ventana(s) (12h). Variable con mayor aporte: HR (contribución=0.49, concordancia=0.14 con 1/7 variables disponibles). risk_score=0.638, confidence_score=0.424.",risa-vigia-0.1.0
SIG-PAT-0444-69f28c1e05,PAT-0444,2026-07-10 18:00:00,0.6136,HIGH,0.4242,2026-07-10 00:00:00,2026-07-10 18:00:00,"Riesgo HIGH para PAT-0444: evidencia sostenida durante 6 ventana(s) (18h). Variable con mayor aporte: HR (contribución=0.30, concordancia=0.29 con 2/7 variables disponibles). risk_score=0.614, confidence_score=0.424.",risa-vigia-0.1.0
SIG-PAT-0444-6038b5d631,PAT-0444,2026-07-11 12:00:00,0.4593,MEDIUM,0.8182,2026-07-11 00:00:00,2026-07-11 12:00:00,"Riesgo MEDIUM para PAT-0444: evidencia sostenida durante 4 ventana(s) (12h). Variable con mayor aporte: HR (contribución=0.31, concordancia=0.11 con 1/9 variables disponibles). risk_score=0.459, confidence_score=0.818.",risa-vigia-0.1.0
SIG-PAT-0444-32fbd2a7a2,PAT-0444,2026-07-13 09:00:00,0.3052,MEDIUM,0.9091,2026-07-13 03:00:00,2026-07-13 09:00:00,"Riesgo MEDIUM para PAT-0444: evidencia sostenida durante 2 ventana(s) (6h). Variable con mayor aporte: SBP (contribución=0.10, concordancia=0.00 con 0/10 variables disponibles). risk_score=0.305, confidence_score=0.909.",risa-vigia-0.1.0
SIG-PAT-0445-b691b6113f,PAT-0445,2026-07-23 12:00:00,0.6041,HIGH,0.4242,2026-07-21 00:00:00,2026-07-23 12:00:00,"Riesgo HIGH para PAT-0445: evidencia sostenida durante 20 ventana(s) (60h). Variable con mayor aporte: SBP (contribución=0.44, concordancia=0.14 con 1/7 variables disponibles). risk_score=0.604, confidence_score=0.424.",risa-vigia-0.1.0
SIG-PAT-0446-e83be1fbe1,PAT-0446,2026-07-06 12:00:00,0.3641,MEDIUM,0.8182,2026-07-06 00:00:00,2026-07-06 12:00:00,"Riesgo MEDIUM para PAT-0446: evidencia sostenida durante 4 ventana(s) (12h). Variable con mayor aporte: HR (contribución=0.21, concordancia=0.00 con 0/9 variables disponibles). risk_score=0.364, confidence_score=0.818.",risa-vigia-0.1.0
SIG-PAT-0446-7b40fbe652,PAT-0446,2026-07-09 12:00:00,0.52,MEDIUM,0.4242,2026-07-09 00:00:00,2026-07-09 12:00:00,"Riesgo MEDIUM para PAT-0446: evidencia sostenida durante 4 ventana(s) (12h). Variable con mayor aporte: SBP (contribución=0.30, concordancia=0.14 con 1/7 variables disponibles). risk_score=0.520, confidence_score=0.424.",risa-vigia-0.1.0
SIG-PAT-0446-fd7ae0e9ae,PAT-0446,2026-07-11 12:00:00,0.5587,HIGH,0.4242,2026-07-11 00:00:00,2026-07-11 12:00:00,"Riesgo HIGH para PAT-0446: evidencia sostenida durante 4 ventana(s) (12h). Variable con mayor aporte: SBP (contribución=0.40, concordancia=0.14 con 1/7 variables disponibles). risk_score=0.559, confidence_score=0.424.",risa-vigia-0.1.0
SIG-PAT-0446-b0bd12ac83,PAT-0446,2026-07-12 09:00:00,0.4854,MEDIUM,0.4242,2026-07-12 00:00:00,2026-07-12 09:00:00,"Riesgo MEDIUM para PAT-0446: evidencia sostenida durante 3 ventana(s) (9h). Variable con mayor aporte: SBP (contribución=0.32, concordancia=0.14 con 1/7 variables disponibles). risk_score=0.485, confidence_score=0.424.",risa-vigia-0.1.0
SIG-PAT-0447-2a15254341,PAT-0447,2026-07-13 15:00:00,0.8955,CRITICAL,0.4242,2026-07-11 21:00:00,2026-07-13 15:00:00,"Riesgo CRITICAL para PAT-0447: evidencia sostenida durante 14 ventana(s) (42h). Variable con mayor aporte: TEMP (contribución=0.69, concordancia=0.29 con 2/7 variables disponibles). risk_score=0.896, confidence_score=0.424.",risa-vigia-0.1.0
SIG-PAT-0447-28d43d19dc,PAT-0447,2026-07-14 15:00:00,0.4476,MEDIUM,0.4242,2026-07-14 03:00:00,2026-07-14 15:00:00,"Riesgo MEDIUM para PAT-0447: evidencia sostenida durante 4 ventana(s) (12h). Variable con mayor aporte: DBP (contribución=0.30, concordancia=0.14 con 1/7 variables disponibles). risk_score=0.448, confidence_score=0.424.",risa-vigia-0.1.0
SIG-PAT-0447-eba9c46546,PAT-0447,2026-07-17 15:00:00,0.5899,HIGH,0.4242,2026-07-16 21:00:00,2026-07-17 15:00:00,"Riesgo HIGH para PAT-0447: evidencia sostenida durante 6 ventana(s) (18h). Variable con mayor aporte: DBP (contribución=0.39, concordancia=0.14 con 1/7 variables disponibles). risk_score=0.590, confidence_score=0.424.",risa-vigia-0.1.0
SIG-PAT-0447-a9123558da,PAT-0447,2026-07-19 15:00:00,0.5073,MEDIUM,0.8182,2026-07-19 03:00:00,2026-07-19 15:00:00,"Riesgo MEDIUM para PAT-0447: evidencia sostenida durante 4 ventana(s) (12h). Variable con mayor aporte: LAB_C (contribución=0.41, concordancia=0.11 con 1/9 variables disponibles). risk_score=0.507, confidence_score=0.818.",risa-vigia-0.1.0
SIG-PAT-0447-3676e746b9,PAT-0447,2026-07-20 12:00:00,0.4713,MEDIUM,0.4242,2026-07-20 00:00:00,2026-07-20 12:00:00,"Riesgo MEDIUM para PAT-0447: evidencia sostenida durante 4 ventana(s) (12h). Variable con mayor aporte: SBP (contribución=0.28, concordancia=0.14 con 1/7 variables disponibles). risk_score=0.471, confidence_score=0.424.",risa-vigia-0.1.0
SIG-PAT-0448-515306b7f4,PAT-0448,2026-07-21 12:00:00,0.6188,HIGH,0.4242,2026-07-20 21:00:00,2026-07-21 12:00:00,"Riesgo HIGH para PAT-0448: evidencia sostenida durante 5 ventana(s) (15h). Variable con mayor aporte: SBP (contribución=0.45, concordancia=0.14 con 1/7 variables disponibles). risk_score=0.619, confidence_score=0.424.",risa-vigia-0.1.0
SIG-PAT-0448-77600e847b,PAT-0448,2026-07-22 12:00:00,0.3593,MEDIUM,0.4242,2026-07-22 00:00:00,2026-07-22 12:00:00,"Riesgo MEDIUM para PAT-0448: evidencia sostenida durante 4 ventana(s) (12h). Variable con mayor aporte: HR (contribución=0.15, concordancia=0.00 con 0/7 variables disponibles). risk_score=0.359, confidence_score=0.424.",risa-vigia-0.1.0
SIG-PAT-0448-026d1551b4,PAT-0448,2026-07-24 12:00:00,0.5118,MEDIUM,0.4242,2026-07-24 00:00:00,2026-07-24 12:00:00,"Riesgo MEDIUM para PAT-0448: evidencia sostenida durante 4 ventana(s) (12h). Variable con mayor aporte: SBP (contribución=0.30, concordancia=0.14 con 1/7 variables disponibles). risk_score=0.512, confidence_score=0.424.",risa-vigia-0.1.0
SIG-PAT-0449-c6309709a6,PAT-0449,2026-07-05 12:00:00,0.7422,HIGH,0.4242,2026-07-05 00:00:00,2026-07-05 12:00:00,"Riesgo HIGH para PAT-0449: evidencia sostenida durante 4 ventana(s) (12h). Variable con mayor aporte: HR (contribución=0.46, concordancia=0.29 con 2/7 variables disponibles). risk_score=0.742, confidence_score=0.424.",risa-vigia-0.1.0
SIG-PAT-0449-7c5117dd7f,PAT-0449,2026-07-06 21:00:00,0.5757,HIGH,0.9091,2026-07-05 21:00:00,2026-07-06 21:00:00,"Riesgo HIGH para PAT-0449: evidencia sostenida durante 8 ventana(s) (24h). Variable con mayor aporte: LAB_C (contribución=0.43, concordancia=0.10 con 1/10 variables disponibles). risk_score=0.576, confidence_score=0.909.",risa-vigia-0.1.0
SIG-PAT-0449-b8a365100c,PAT-0449,2026-07-08 12:00:00,0.5183,MEDIUM,0.4242,2026-07-08 00:00:00,2026-07-08 12:00:00,"Riesgo MEDIUM para PAT-0449: evidencia sostenida durante 4 ventana(s) (12h). Variable con mayor aporte: HR (contribución=0.22, concordancia=0.00 con 0/7 variables disponibles). risk_score=0.518, confidence_score=0.424.",risa-vigia-0.1.0
SIG-PAT-0449-429d3cb175,PAT-0449,2026-07-09 12:00:00,0.5111,MEDIUM,0.4242,2026-07-09 00:00:00,2026-07-09 12:00:00,"Riesgo MEDIUM para PAT-0449: evidencia sostenida durante 4 ventana(s) (12h). Variable con mayor aporte: DBP (contribución=0.32, concordancia=0.14 con 1/7 variables disponibles). risk_score=0.511, confidence_score=0.424.",risa-vigia-0.1.0
SIG-PAT-0449-110294cc7e,PAT-0449,2026-07-10 09:00:00,0.591,HIGH,0.4242,2026-07-10 03:00:00,2026-07-10 09:00:00,"Riesgo HIGH para PAT-0449: evidencia sostenida durante 2 ventana(s) (6h). Variable con mayor aporte: DBP (contribución=0.51, concordancia=0.14 con 1/7 variables disponibles). risk_score=0.591, confidence_score=0.424.",risa-vigia-0.1.0
SIG-PAT-0450-c73eb38a2a,PAT-0450,2026-07-14 12:00:00,0.6296,HIGH,0.4242,2026-07-14 00:00:00,2026-07-14 12:00:00,"Riesgo HIGH para PAT-0450: evidencia sostenida durante 4 ventana(s) (12h). Variable con mayor aporte: HR (contribución=0.41, concordancia=0.29 con 2/7 variables disponibles). risk_score=0.630, confidence_score=0.424.",risa-vigia-0.1.0
SIG-PAT-0450-e0b8dff869,PAT-0450,2026-07-16 12:00:00,0.7725,HIGH,0.7273,2026-07-15 00:00:00,2026-07-16 12:00:00,"Riesgo HIGH para PAT-0450: evidencia sostenida durante 12 ventana(s) (36h). Variable con mayor aporte: LAB_B (contribución=0.70, concordancia=0.12 con 1/8 variables disponibles). risk_score=0.773, confidence_score=0.727.",risa-vigia-0.1.0
SIG-PAT-0451-ba0dffa1a2,PAT-0451,2026-07-12 12:00:00,0.6955,HIGH,0.4242,2026-07-12 00:00:00,2026-07-12 12:00:00,"Riesgo HIGH para PAT-0451: evidencia sostenida durante 4 ventana(s) (12h). Variable con mayor aporte: HR (contribución=0.63, concordancia=0.14 con 1/7 variables disponibles). risk_score=0.696, confidence_score=0.424.",risa-vigia-0.1.0
SIG-PAT-0451-1104794f4f,PAT-0451,2026-07-14 18:00:00,0.5729,HIGH,0.4242,2026-07-13 21:00:00,2026-07-14 18:00:00,"Riesgo HIGH para PAT-0451: evidencia sostenida durante 7 ventana(s) (21h). Variable con mayor aporte: DBP (contribución=0.49, concordancia=0.14 con 1/7 variables disponibles). risk_score=0.573, confidence_score=0.424.",risa-vigia-0.1.0
SIG-PAT-0451-6c9a70307b,PAT-0451,2026-07-16 21:00:00,0.639,HIGH,0.4242,2026-07-16 00:00:00,2026-07-16 21:00:00,"Riesgo HIGH para PAT-0451: evidencia sostenida durante 7 ventana(s) (21h). Variable con mayor aporte: SBP (contribución=0.48, concordancia=0.14 con 1/7 variables disponibles). risk_score=0.639, confidence_score=0.424.",risa-vigia-0.1.0
SIG-PAT-0452-faa96116d8,PAT-0452,2026-07-23 00:00:00,0.4808,MEDIUM,0.4242,2026-07-21 06:00:00,2026-07-23 00:00:00,"Riesgo MEDIUM para PAT-0452: evidencia sostenida durante 14 ventana(s) (42h). Variable con mayor aporte: WEARABLE_HR (contribución=0.17, concordancia=0.14 con 1/7 variables disponibles). risk_score=0.481, confidence_score=0.424.",risa-vigia-0.1.0
SIG-PAT-0452-3f111c63e0,PAT-0452,2026-07-23 18:00:00,0.6183,HIGH,0.4242,2026-07-23 00:00:00,2026-07-23 18:00:00,"Riesgo HIGH para PAT-0452: evidencia sostenida durante 6 ventana(s) (18h). Variable con mayor aporte: DBP (contribución=0.42, concordancia=0.14 con 1/7 variables disponibles). risk_score=0.618, confidence_score=0.424.",risa-vigia-0.1.0
SIG-PAT-0452-9a3beeccc1,PAT-0452,2026-07-25 15:00:00,0.4125,MEDIUM,0.4242,2026-07-24 21:00:00,2026-07-25 15:00:00,"Riesgo MEDIUM para PAT-0452: evidencia sostenida durante 6 ventana(s) (18h). Variable con mayor aporte: DBP (contribución=0.28, concordancia=0.14 con 1/7 variables disponibles). risk_score=0.413, confidence_score=0.424.",risa-vigia-0.1.0
SIG-PAT-0453-18148a76c3,PAT-0453,2026-07-24 12:00:00,0.8542,CRITICAL,0.4131,2026-07-22 06:00:00,2026-07-24 12:00:00,"Riesgo CRITICAL para PAT-0453: evidencia sostenida durante 18 ventana(s) (54h). Variable con mayor aporte: SBP (contribución=0.49, concordancia=0.43 con 3/7 variables disponibles). risk_score=0.854, confidence_score=0.413.",risa-vigia-0.1.0
SIG-PAT-0453-d0a3e5dbb6,PAT-0453,2026-07-25 09:00:00,0.6726,HIGH,0.8182,2026-07-25 03:00:00,2026-07-25 09:00:00,"Riesgo HIGH para PAT-0453: evidencia sostenida durante 2 ventana(s) (6h). Variable con mayor aporte: HR (contribución=0.44, concordancia=0.22 con 2/9 variables disponibles). risk_score=0.673, confidence_score=0.818.",risa-vigia-0.1.0
SIG-PAT-0454-bade1522ca,PAT-0454,2026-07-08 15:00:00,0.651,HIGH,0.4242,2026-07-08 00:00:00,2026-07-08 15:00:00,"Riesgo HIGH para PAT-0454: evidencia sostenida durante 5 ventana(s) (15h). Variable con mayor aporte: SBP (contribución=0.29, concordancia=0.29 con 2/7 variables disponibles). risk_score=0.651, confidence_score=0.424.",risa-vigia-0.1.0
SIG-PAT-0454-466902a0e5,PAT-0454,2026-07-10 00:00:00,0.4653,MEDIUM,0.4242,2026-07-09 06:00:00,2026-07-10 00:00:00,"Riesgo MEDIUM para PAT-0454: evidencia sostenida durante 6 ventana(s) (18h). Variable con mayor aporte: SBP (contribución=0.39, concordancia=0.14 con 1/7 variables disponibles). risk_score=0.465, confidence_score=0.424.",risa-vigia-0.1.0
SIG-PAT-0455-e3c929dea3,PAT-0455,2026-07-29 09:00:00,0.9554,CRITICAL,0.4242,2026-07-27 09:00:00,2026-07-29 09:00:00,"Riesgo CRITICAL para PAT-0455: evidencia sostenida durante 16 ventana(s) (48h). Variable con mayor aporte: TEMP (contribución=0.63, concordancia=0.57 con 4/7 variables disponibles). risk_score=0.955, confidence_score=0.424.",risa-vigia-0.1.0
SIG-PAT-0455-641fab85e5,PAT-0455,2026-07-30 21:00:00,0.4534,MEDIUM,0.8182,2026-07-30 09:00:00,2026-07-30 21:00:00,"Riesgo MEDIUM para PAT-0455: evidencia sostenida durante 4 ventana(s) (12h). Variable con mayor aporte: SBP (contribución=0.37, concordancia=0.11 con 1/9 variables disponibles). risk_score=0.453, confidence_score=0.818.",risa-vigia-0.1.0
SIG-PAT-0456-c2aa11c652,PAT-0456,2026-07-03 12:00:00,0.5475,MEDIUM,0.4242,2026-07-03 00:00:00,2026-07-03 12:00:00,"Riesgo MEDIUM para PAT-0456: evidencia sostenida durante 4 ventana(s) (12h). Variable con mayor aporte: HR (contribución=0.43, concordancia=0.14 con 1/7 variables disponibles). risk_score=0.548, confidence_score=0.424.",risa-vigia-0.1.0
SIG-PAT-0456-dcf46032f5,PAT-0456,2026-07-04 15:00:00,0.6834,HIGH,0.4131,2026-07-04 00:00:00,2026-07-04 15:00:00,"Riesgo HIGH para PAT-0456: evidencia sostenida durante 5 ventana(s) (15h). Variable con mayor aporte: DBP (contribución=0.52, concordancia=0.14 con 1/7 variables disponibles). risk_score=0.683, confidence_score=0.413.",risa-vigia-0.1.0
SIG-PAT-0457-a3c2c62067,PAT-0457,2026-07-19 15:00:00,0.6587,HIGH,0.4242,2026-07-17 18:00:00,2026-07-19 15:00:00,"Riesgo HIGH para PAT-0457: evidencia sostenida durante 15 ventana(s) (45h). Variable con mayor aporte: SBP (contribución=0.34, concordancia=0.29 con 2/7 variables disponibles). risk_score=0.659, confidence_score=0.424.",risa-vigia-0.1.0
SIG-PAT-0457-60fe4b3cd7,PAT-0457,2026-07-20 12:00:00,0.5185,MEDIUM,0.4242,2026-07-20 00:00:00,2026-07-20 12:00:00,"Riesgo MEDIUM para PAT-0457: evidencia sostenida durante 4 ventana(s) (12h). Variable con mayor aporte: HR (contribución=0.31, concordancia=0.14 con 1/7 variables disponibles). risk_score=0.518, confidence_score=0.424.",risa-vigia-0.1.0
SIG-PAT-0458-f4f442795e,PAT-0458,2026-07-13 18:00:00,0.7178,HIGH,0.4242,2026-07-12 00:00:00,2026-07-13 18:00:00,"Riesgo HIGH para PAT-0458: evidencia sostenida durante 14 ventana(s) (42h). Variable con mayor aporte: HR (contribución=0.54, concordancia=0.14 con 1/7 variables disponibles). risk_score=0.718, confidence_score=0.424.",risa-vigia-0.1.0
SIG-PAT-0458-6b296b536d,PAT-0458,2026-07-14 15:00:00,0.5844,HIGH,0.8182,2026-07-14 00:00:00,2026-07-14 15:00:00,"Riesgo HIGH para PAT-0458: evidencia sostenida durante 5 ventana(s) (15h). Variable con mayor aporte: SBP (contribución=0.32, concordancia=0.11 con 1/9 variables disponibles). risk_score=0.584, confidence_score=0.818.",risa-vigia-0.1.0
SIG-PAT-0458-7403851643,PAT-0458,2026-07-20 21:00:00,0.8956,CRITICAL,0.4242,2026-07-20 09:00:00,2026-07-20 21:00:00,"Riesgo CRITICAL para PAT-0458: evidencia sostenida durante 4 ventana(s) (12h). Variable con mayor aporte: RR (contribución=0.58, concordancia=0.43 con 3/7 variables disponibles). risk_score=0.896, confidence_score=0.424.",risa-vigia-0.1.0
SIG-PAT-0459-f690c2ea15,PAT-0459,2026-07-03 12:00:00,0.6156,HIGH,0.4136,2026-07-03 00:00:00,2026-07-03 12:00:00,"Riesgo HIGH para PAT-0459: evidencia sostenida durante 4 ventana(s) (12h). Variable con mayor aporte: HR (contribución=0.46, concordancia=0.14 con 1/7 variables disponibles). risk_score=0.616, confidence_score=0.414.",risa-vigia-0.1.0
SIG-PAT-0460-3031274ae6,PAT-0460,2026-07-23 12:00:00,0.523,MEDIUM,0.4242,2026-07-22 21:00:00,2026-07-23 12:00:00,"Riesgo MEDIUM para PAT-0460: evidencia sostenida durante 5 ventana(s) (15h). Variable con mayor aporte: HR (contribución=0.32, concordancia=0.14 con 1/7 variables disponibles). risk_score=0.523, confidence_score=0.424.",risa-vigia-0.1.0
SIG-PAT-0461-efd1c4cc9d,PAT-0461,2026-07-23 15:00:00,0.7605,HIGH,0.4242,2026-07-22 21:00:00,2026-07-23 15:00:00,"Riesgo HIGH para PAT-0461: evidencia sostenida durante 6 ventana(s) (18h). Variable con mayor aporte: HR (contribución=0.57, concordancia=0.14 con 1/7 variables disponibles). risk_score=0.761, confidence_score=0.424.",risa-vigia-0.1.0
SIG-PAT-0463-3a17aea65e,PAT-0463,2026-07-09 00:00:00,0.7099,HIGH,0.4242,2026-07-07 18:00:00,2026-07-09 00:00:00,"Riesgo HIGH para PAT-0463: evidencia sostenida durante 10 ventana(s) (30h). Variable con mayor aporte: SBP (contribución=0.41, concordancia=0.29 con 2/7 variables disponibles). risk_score=0.710, confidence_score=0.424.",risa-vigia-0.1.0
SIG-PAT-0463-d14288f08a,PAT-0463,2026-07-11 15:00:00,0.559,HIGH,0.4242,2026-07-10 03:00:00,2026-07-11 15:00:00,"Riesgo HIGH para PAT-0463: evidencia sostenida durante 12 ventana(s) (36h). Variable con mayor aporte: SBP (contribución=0.31, concordancia=0.14 con 1/7 variables disponibles). risk_score=0.559, confidence_score=0.424.",risa-vigia-0.1.0
SIG-PAT-0464-c73b7494e1,PAT-0464,2026-07-22 12:00:00,0.7211,HIGH,0.4242,2026-07-22 00:00:00,2026-07-22 12:00:00,"Riesgo HIGH para PAT-0464: evidencia sostenida durante 4 ventana(s) (12h). Variable con mayor aporte: DBP (contribución=0.28, concordancia=0.29 con 2/7 variables disponibles). risk_score=0.721, confidence_score=0.424.",risa-vigia-0.1.0
SIG-PAT-0464-d83dbbe2ce,PAT-0464,2026-07-23 15:00:00,0.6209,HIGH,0.4242,2026-07-23 03:00:00,2026-07-23 15:00:00,"Riesgo HIGH para PAT-0464: evidencia sostenida durante 4 ventana(s) (12h). Variable con mayor aporte: SBP (contribución=0.43, concordancia=0.14 con 1/7 variables disponibles). risk_score=0.621, confidence_score=0.424.",risa-vigia-0.1.0
SIG-PAT-0464-f352573b11,PAT-0464,2026-07-25 12:00:00,0.6039,HIGH,0.4242,2026-07-23 21:00:00,2026-07-25 12:00:00,"Riesgo HIGH para PAT-0464: evidencia sostenida durante 13 ventana(s) (39h). Variable con mayor aporte: SBP (contribución=0.38, concordancia=0.14 con 1/7 variables disponibles). risk_score=0.604, confidence_score=0.424.",risa-vigia-0.1.0
SIG-PAT-0465-3291750a9d,PAT-0465,2026-07-18 12:00:00,0.3504,MEDIUM,0.8182,2026-07-17 15:00:00,2026-07-18 12:00:00,"Riesgo MEDIUM para PAT-0465: evidencia sostenida durante 7 ventana(s) (21h). Variable con mayor aporte: DBP (contribución=0.11, concordancia=0.00 con 0/9 variables disponibles). risk_score=0.350, confidence_score=0.818.",risa-vigia-0.1.0
SIG-PAT-0465-e3b606357c,PAT-0465,2026-07-19 12:00:00,0.5465,MEDIUM,0.4242,2026-07-18 18:00:00,2026-07-19 12:00:00,"Riesgo MEDIUM para PAT-0465: evidencia sostenida durante 6 ventana(s) (18h). Variable con mayor aporte: DBP (contribución=0.47, concordancia=0.14 con 1/7 variables disponibles). risk_score=0.546, confidence_score=0.424.",risa-vigia-0.1.0
SIG-PAT-0466-c691740093,PAT-0466,2026-07-22 09:00:00,0.8319,CRITICAL,0.7081,2026-07-21 09:00:00,2026-07-22 09:00:00,"Riesgo CRITICAL para PAT-0466: evidencia sostenida durante 8 ventana(s) (24h). Variable con mayor aporte: LAB_B (contribución=0.70, concordancia=0.25 con 2/8 variables disponibles). risk_score=0.832, confidence_score=0.708.",risa-vigia-0.1.0
SIG-PAT-0466-470763fb3d,PAT-0466,2026-07-24 15:00:00,0.4149,MEDIUM,0.4242,2026-07-24 00:00:00,2026-07-24 15:00:00,"Riesgo MEDIUM para PAT-0466: evidencia sostenida durante 5 ventana(s) (15h). Variable con mayor aporte: RR (contribución=0.23, concordancia=0.00 con 0/7 variables disponibles). risk_score=0.415, confidence_score=0.424.",risa-vigia-0.1.0
SIG-PAT-0467-a1c01dac63,PAT-0467,2026-07-09 15:00:00,0.4651,MEDIUM,0.4134,2026-07-09 00:00:00,2026-07-09 15:00:00,"Riesgo MEDIUM para PAT-0467: evidencia sostenida durante 5 ventana(s) (15h). Variable con mayor aporte: HR (contribución=0.29, concordancia=0.14 con 1/7 variables disponibles). risk_score=0.465, confidence_score=0.413.",risa-vigia-0.1.0
SIG-PAT-0467-e5c9fbc3b4,PAT-0467,2026-07-11 12:00:00,0.3818,MEDIUM,0.4242,2026-07-11 00:00:00,2026-07-11 12:00:00,"Riesgo MEDIUM para PAT-0467: evidencia sostenida durante 4 ventana(s) (12h). Variable con mayor aporte: HR (contribución=0.27, concordancia=0.14 con 1/7 variables disponibles). risk_score=0.382, confidence_score=0.424.",risa-vigia-0.1.0
SIG-PAT-0468-c6c19e9bd3,PAT-0468,2026-07-14 00:00:00,0.9976,CRITICAL,0.7273,2026-07-12 21:00:00,2026-07-14 00:00:00,"Riesgo CRITICAL para PAT-0468: evidencia sostenida durante 9 ventana(s) (27h). Variable con mayor aporte: SpO2 (contribución=0.83, concordancia=0.62 con 5/8 variables disponibles). risk_score=0.998, confidence_score=0.727.",risa-vigia-0.1.0
SIG-PAT-0468-b58955318c,PAT-0468,2026-07-15 09:00:00,0.4638,MEDIUM,0.4131,2026-07-14 21:00:00,2026-07-15 09:00:00,"Riesgo MEDIUM para PAT-0468: evidencia sostenida durante 4 ventana(s) (12h). Variable con mayor aporte: RR (contribución=0.24, concordancia=0.00 con 0/7 variables disponibles). risk_score=0.464, confidence_score=0.413.",risa-vigia-0.1.0
SIG-PAT-0469-4007fbe184,PAT-0469,2026-07-10 12:00:00,0.3908,MEDIUM,0.4242,2026-07-10 00:00:00,2026-07-10 12:00:00,"Riesgo MEDIUM para PAT-0469: evidencia sostenida durante 4 ventana(s) (12h). Variable con mayor aporte: HR (contribución=0.25, concordancia=0.00 con 0/7 variables disponibles). risk_score=0.391, confidence_score=0.424.",risa-vigia-0.1.0
SIG-PAT-0469-cb6cbd049e,PAT-0469,2026-07-11 21:00:00,0.9921,CRITICAL,0.4242,2026-07-10 21:00:00,2026-07-11 21:00:00,"Riesgo CRITICAL para PAT-0469: evidencia sostenida durante 8 ventana(s) (24h). Variable con mayor aporte: SpO2 (contribución=0.83, concordancia=0.57 con 4/7 variables disponibles). risk_score=0.992, confidence_score=0.424.",risa-vigia-0.1.0
SIG-PAT-0470-66116aeac9,PAT-0470,2026-07-04 18:00:00,0.6186,HIGH,0.4242,2026-07-03 21:00:00,2026-07-04 18:00:00,"Riesgo HIGH para PAT-0470: evidencia sostenida durante 7 ventana(s) (21h). Variable con mayor aporte: DBP (contribución=0.52, concordancia=0.14 con 1/7 variables disponibles). risk_score=0.619, confidence_score=0.424.",risa-vigia-0.1.0
SIG-PAT-0471-12372376b9,PAT-0471,2026-07-28 12:00:00,0.7067,HIGH,0.4242,2026-07-26 09:00:00,2026-07-28 12:00:00,"Riesgo HIGH para PAT-0471: evidencia sostenida durante 17 ventana(s) (51h). Variable con mayor aporte: SBP (contribución=0.36, concordancia=0.29 con 2/7 variables disponibles). risk_score=0.707, confidence_score=0.424.",risa-vigia-0.1.0
SIG-PAT-0471-fb307ab8a1,PAT-0471,2026-07-29 21:00:00,0.5788,HIGH,0.4242,2026-07-29 00:00:00,2026-07-29 21:00:00,"Riesgo HIGH para PAT-0471: evidencia sostenida durante 7 ventana(s) (21h). Variable con mayor aporte: RR (contribución=0.22, concordancia=0.00 con 0/7 variables disponibles). risk_score=0.579, confidence_score=0.424.",risa-vigia-0.1.0
SIG-PAT-0471-a05207ff90,PAT-0471,2026-07-31 09:00:00,0.5472,MEDIUM,0.4242,2026-07-31 03:00:00,2026-07-31 09:00:00,"Riesgo MEDIUM para PAT-0471: evidencia sostenida durante 2 ventana(s) (6h). Variable con mayor aporte: DBP (contribución=0.42, concordancia=0.14 con 1/7 variables disponibles). risk_score=0.547, confidence_score=0.424.",risa-vigia-0.1.0
SIG-PAT-0472-558ac7128a,PAT-0472,2026-07-12 12:00:00,0.6935,HIGH,0.4136,2026-07-12 00:00:00,2026-07-12 12:00:00,"Riesgo HIGH para PAT-0472: evidencia sostenida durante 4 ventana(s) (12h). Variable con mayor aporte: HR (contribución=0.59, concordancia=0.14 con 1/7 variables disponibles). risk_score=0.693, confidence_score=0.414.",risa-vigia-0.1.0
SIG-PAT-0472-eb0d6510ed,PAT-0472,2026-07-13 15:00:00,0.6786,HIGH,0.4242,2026-07-13 00:00:00,2026-07-13 15:00:00,"Riesgo HIGH para PAT-0472: evidencia sostenida durante 5 ventana(s) (15h). Variable con mayor aporte: DBP (contribución=0.53, concordancia=0.14 con 1/7 variables disponibles). risk_score=0.679, confidence_score=0.424.",risa-vigia-0.1.0
SIG-PAT-0472-3204d2e858,PAT-0472,2026-07-14 18:00:00,0.4248,MEDIUM,0.4242,2026-07-14 00:00:00,2026-07-14 18:00:00,"Riesgo MEDIUM para PAT-0472: evidencia sostenida durante 6 ventana(s) (18h). Variable con mayor aporte: SBP (contribución=0.32, concordancia=0.14 con 1/7 variables disponibles). risk_score=0.425, confidence_score=0.424.",risa-vigia-0.1.0
SIG-PAT-0472-fd2051ae0f,PAT-0472,2026-07-15 15:00:00,0.5278,MEDIUM,0.4242,2026-07-15 00:00:00,2026-07-15 15:00:00,"Riesgo MEDIUM para PAT-0472: evidencia sostenida durante 5 ventana(s) (15h). Variable con mayor aporte: DBP (contribución=0.30, concordancia=0.14 con 1/7 variables disponibles). risk_score=0.528, confidence_score=0.424.",risa-vigia-0.1.0
SIG-PAT-0472-9df13bd999,PAT-0472,2026-07-16 12:00:00,0.361,MEDIUM,0.4242,2026-07-16 00:00:00,2026-07-16 12:00:00,"Riesgo MEDIUM para PAT-0472: evidencia sostenida durante 4 ventana(s) (12h). Variable con mayor aporte: HR (contribución=0.21, concordancia=0.00 con 0/7 variables disponibles). risk_score=0.361, confidence_score=0.424.",risa-vigia-0.1.0
SIG-PAT-0472-a7f22dbb60,PAT-0472,2026-07-17 15:00:00,0.7008,HIGH,0.4242,2026-07-17 00:00:00,2026-07-17 15:00:00,"Riesgo HIGH para PAT-0472: evidencia sostenida durante 5 ventana(s) (15h). Variable con mayor aporte: DBP (contribución=0.48, concordancia=0.14 con 1/7 variables disponibles). risk_score=0.701, confidence_score=0.424.",risa-vigia-0.1.0
SIG-PAT-0472-833e1720d7,PAT-0472,2026-07-18 09:00:00,0.5112,MEDIUM,0.4242,2026-07-17 21:00:00,2026-07-18 09:00:00,"Riesgo MEDIUM para PAT-0472: evidencia sostenida durante 4 ventana(s) (12h). Variable con mayor aporte: DBP (contribución=0.41, concordancia=0.14 con 1/7 variables disponibles). risk_score=0.511, confidence_score=0.424.",risa-vigia-0.1.0
SIG-PAT-0473-4434131e2d,PAT-0473,2026-07-12 18:00:00,0.5316,MEDIUM,0.4242,2026-07-12 06:00:00,2026-07-12 18:00:00,"Riesgo MEDIUM para PAT-0473: evidencia sostenida durante 4 ventana(s) (12h). Variable con mayor aporte: TEMP (contribución=0.46, concordancia=0.14 con 1/7 variables disponibles). risk_score=0.532, confidence_score=0.424.",risa-vigia-0.1.0
SIG-PAT-0473-468f3acc1c,PAT-0473,2026-07-15 18:00:00,0.4956,MEDIUM,0.4242,2026-07-15 03:00:00,2026-07-15 18:00:00,"Riesgo MEDIUM para PAT-0473: evidencia sostenida durante 5 ventana(s) (15h). Variable con mayor aporte: SBP (contribución=0.35, concordancia=0.14 con 1/7 variables disponibles). risk_score=0.496, confidence_score=0.424.",risa-vigia-0.1.0
SIG-PAT-0473-d4aa2dd980,PAT-0473,2026-07-22 12:00:00,0.5782,HIGH,0.4242,2026-07-22 00:00:00,2026-07-22 12:00:00,"Riesgo HIGH para PAT-0473: evidencia sostenida durante 4 ventana(s) (12h). Variable con mayor aporte: SBP (contribución=0.39, concordancia=0.14 con 1/7 variables disponibles). risk_score=0.578, confidence_score=0.424.",risa-vigia-0.1.0
SIG-PAT-0473-737e8f6de7,PAT-0473,2026-07-24 18:00:00,0.5217,MEDIUM,0.4242,2026-07-24 00:00:00,2026-07-24 18:00:00,"Riesgo MEDIUM para PAT-0473: evidencia sostenida durante 6 ventana(s) (18h). Variable con mayor aporte: DBP (contribución=0.43, concordancia=0.14 con 1/7 variables disponibles). risk_score=0.522, confidence_score=0.424.",risa-vigia-0.1.0
SIG-PAT-0474-3f58a19359,PAT-0474,2026-07-22 21:00:00,0.4597,MEDIUM,0.4242,2026-07-22 09:00:00,2026-07-22 21:00:00,"Riesgo MEDIUM para PAT-0474: evidencia sostenida durante 4 ventana(s) (12h). Variable con mayor aporte: SBP (contribución=0.29, concordancia=0.14 con 1/7 variables disponibles). risk_score=0.460, confidence_score=0.424.",risa-vigia-0.1.0
SIG-PAT-0474-83550aac77,PAT-0474,2026-07-26 18:00:00,0.4626,MEDIUM,0.3636,2026-07-26 00:00:00,2026-07-26 18:00:00,"Riesgo MEDIUM para PAT-0474: evidencia sostenida durante 6 ventana(s) (18h). Variable con mayor aporte: DBP (contribución=0.29, concordancia=0.17 con 1/6 variables disponibles). risk_score=0.463, confidence_score=0.364.",risa-vigia-0.1.0
SIG-PAT-0475-cb9464ea18,PAT-0475,2026-07-22 18:00:00,0.5166,MEDIUM,0.4242,2026-07-22 00:00:00,2026-07-22 18:00:00,"Riesgo MEDIUM para PAT-0475: evidencia sostenida durante 6 ventana(s) (18h). Variable con mayor aporte: DBP (contribución=0.30, concordancia=0.14 con 1/7 variables disponibles). risk_score=0.517, confidence_score=0.424.",risa-vigia-0.1.0
SIG-PAT-0476-699a68cf98,PAT-0476,2026-07-12 18:00:00,0.7448,HIGH,0.4242,2026-07-10 09:00:00,2026-07-12 18:00:00,"Riesgo HIGH para PAT-0476: evidencia sostenida durante 19 ventana(s) (57h). Variable con mayor aporte: DBP (contribución=0.44, concordancia=0.29 con 2/7 variables disponibles). risk_score=0.745, confidence_score=0.424.",risa-vigia-0.1.0
SIG-PAT-0476-143c627fcb,PAT-0476,2026-07-13 18:00:00,0.6299,HIGH,0.4242,2026-07-13 00:00:00,2026-07-13 18:00:00,"Riesgo HIGH para PAT-0476: evidencia sostenida durante 6 ventana(s) (18h). Variable con mayor aporte: HR (contribución=0.35, concordancia=0.29 con 2/7 variables disponibles). risk_score=0.630, confidence_score=0.424.",risa-vigia-0.1.0
SIG-PAT-0476-84f50c4e98,PAT-0476,2026-07-14 12:00:00,0.5381,MEDIUM,0.8182,2026-07-14 00:00:00,2026-07-14 12:00:00,"Riesgo MEDIUM para PAT-0476: evidencia sostenida durante 4 ventana(s) (12h). Variable con mayor aporte: HR (contribución=0.33, concordancia=0.11 con 1/9 variables disponibles). risk_score=0.538, confidence_score=0.818.",risa-vigia-0.1.0
SIG-PAT-0477-539e0be0ab,PAT-0477,2026-07-10 12:00:00,0.6183,HIGH,0.8182,2026-07-09 21:00:00,2026-07-10 12:00:00,"Riesgo HIGH para PAT-0477: evidencia sostenida durante 5 ventana(s) (15h). Variable con mayor aporte: HR (contribución=0.35, concordancia=0.22 con 2/9 variables disponibles). risk_score=0.618, confidence_score=0.818.",risa-vigia-0.1.0
SIG-PAT-0477-c534a17a14,PAT-0477,2026-07-11 18:00:00,0.6022,HIGH,0.4242,2026-07-10 21:00:00,2026-07-11 18:00:00,"Riesgo HIGH para PAT-0477: evidencia sostenida durante 7 ventana(s) (21h). Variable con mayor aporte: HR (contribución=0.36, concordancia=0.14 con 1/7 variables disponibles). risk_score=0.602, confidence_score=0.424.",risa-vigia-0.1.0
SIG-PAT-0477-2b07ae13ad,PAT-0477,2026-07-12 12:00:00,0.3761,MEDIUM,0.4242,2026-07-11 21:00:00,2026-07-12 12:00:00,"Riesgo MEDIUM para PAT-0477: evidencia sostenida durante 5 ventana(s) (15h). Variable con mayor aporte: HR (contribución=0.20, concordancia=0.00 con 0/7 variables disponibles). risk_score=0.376, confidence_score=0.424.",risa-vigia-0.1.0
SIG-PAT-0477-989d89120a,PAT-0477,2026-07-14 12:00:00,0.4157,MEDIUM,0.4131,2026-07-14 00:00:00,2026-07-14 12:00:00,"Riesgo MEDIUM para PAT-0477: evidencia sostenida durante 4 ventana(s) (12h). Variable con mayor aporte: HR (contribución=0.29, concordancia=0.14 con 1/7 variables disponibles). risk_score=0.416, confidence_score=0.413.",risa-vigia-0.1.0
SIG-PAT-0477-781f375417,PAT-0477,2026-07-15 12:00:00,0.3785,MEDIUM,0.4242,2026-07-15 00:00:00,2026-07-15 12:00:00,"Riesgo MEDIUM para PAT-0477: evidencia sostenida durante 4 ventana(s) (12h). Variable con mayor aporte: HR (contribución=0.17, concordancia=0.00 con 0/7 variables disponibles). risk_score=0.379, confidence_score=0.424.",risa-vigia-0.1.0
SIG-PAT-0477-1774712050,PAT-0477,2026-07-16 12:00:00,0.4165,MEDIUM,0.4242,2026-07-16 00:00:00,2026-07-16 12:00:00,"Riesgo MEDIUM para PAT-0477: evidencia sostenida durante 4 ventana(s) (12h). Variable con mayor aporte: HR (contribución=0.18, concordancia=0.00 con 0/7 variables disponibles). risk_score=0.417, confidence_score=0.424.",risa-vigia-0.1.0
SIG-PAT-0478-4bed67ad79,PAT-0478,2026-07-04 12:00:00,0.6519,HIGH,0.4242,2026-07-03 21:00:00,2026-07-04 12:00:00,"Riesgo HIGH para PAT-0478: evidencia sostenida durante 5 ventana(s) (15h). Variable con mayor aporte: HR (contribución=0.51, concordancia=0.14 con 1/7 variables disponibles). risk_score=0.652, confidence_score=0.424.",risa-vigia-0.1.0
SIG-PAT-0478-5e232efab4,PAT-0478,2026-07-05 12:00:00,0.5671,HIGH,0.4242,2026-07-04 18:00:00,2026-07-05 12:00:00,"Riesgo HIGH para PAT-0478: evidencia sostenida durante 6 ventana(s) (18h). Variable con mayor aporte: DBP (contribución=0.35, concordancia=0.14 con 1/7 variables disponibles). risk_score=0.567, confidence_score=0.424.",risa-vigia-0.1.0
SIG-PAT-0478-a1be40b51f,PAT-0478,2026-07-07 12:00:00,0.6897,HIGH,0.4242,2026-07-06 00:00:00,2026-07-07 12:00:00,"Riesgo HIGH para PAT-0478: evidencia sostenida durante 12 ventana(s) (36h). Variable con mayor aporte: SBP (contribución=0.53, concordancia=0.14 con 1/7 variables disponibles). risk_score=0.690, confidence_score=0.424.",risa-vigia-0.1.0
SIG-PAT-0478-f4fabc6465,PAT-0478,2026-07-08 18:00:00,0.4197,MEDIUM,0.4242,2026-07-08 06:00:00,2026-07-08 18:00:00,"Riesgo MEDIUM para PAT-0478: evidencia sostenida durante 4 ventana(s) (12h). Variable con mayor aporte: SBP (contribución=0.33, concordancia=0.14 con 1/7 variables disponibles). risk_score=0.420, confidence_score=0.424.",risa-vigia-0.1.0
SIG-PAT-0478-471bd82767,PAT-0478,2026-07-10 00:00:00,0.5659,HIGH,0.8182,2026-07-09 12:00:00,2026-07-10 00:00:00,"Riesgo HIGH para PAT-0478: evidencia sostenida durante 4 ventana(s) (12h). Variable con mayor aporte: SBP (contribución=0.27, concordancia=0.11 con 1/9 variables disponibles). risk_score=0.566, confidence_score=0.818.",risa-vigia-0.1.0
SIG-PAT-0478-9da92ad1ec,PAT-0478,2026-07-10 09:00:00,0.6212,HIGH,0.4242,2026-07-10 00:00:00,2026-07-10 09:00:00,"Riesgo HIGH para PAT-0478: evidencia sostenida durante 3 ventana(s) (9h). Variable con mayor aporte: HR (contribución=0.30, concordancia=0.29 con 2/7 variables disponibles). risk_score=0.621, confidence_score=0.424.",risa-vigia-0.1.0
SIG-PAT-0479-22241bc44b,PAT-0479,2026-07-08 12:00:00,0.6378,HIGH,0.4242,2026-07-08 00:00:00,2026-07-08 12:00:00,"Riesgo HIGH para PAT-0479: evidencia sostenida durante 4 ventana(s) (12h). Variable con mayor aporte: HR (contribución=0.31, concordancia=0.29 con 2/7 variables disponibles). risk_score=0.638, confidence_score=0.424.",risa-vigia-0.1.0
SIG-PAT-0479-69739cae65,PAT-0479,2026-07-10 18:00:00,0.4817,MEDIUM,0.4242,2026-07-09 18:00:00,2026-07-10 18:00:00,"Riesgo MEDIUM para PAT-0479: evidencia sostenida durante 8 ventana(s) (24h). Variable con mayor aporte: SBP (contribución=0.31, concordancia=0.14 con 1/7 variables disponibles). risk_score=0.482, confidence_score=0.424.",risa-vigia-0.1.0
SIG-PAT-0480-0e907f6e22,PAT-0480,2026-07-06 12:00:00,0.4752,MEDIUM,0.4242,2026-07-06 00:00:00,2026-07-06 12:00:00,"Riesgo MEDIUM para PAT-0480: evidencia sostenida durante 4 ventana(s) (12h). Variable con mayor aporte: HR (contribución=0.35, concordancia=0.14 con 1/7 variables disponibles). risk_score=0.475, confidence_score=0.424.",risa-vigia-0.1.0
SIG-PAT-0480-ce44723f28,PAT-0480,2026-07-07 18:00:00,0.7384,HIGH,0.7273,2026-07-06 21:00:00,2026-07-07 18:00:00,"Riesgo HIGH para PAT-0480: evidencia sostenida durante 7 ventana(s) (21h). Variable con mayor aporte: SBP (contribución=0.43, concordancia=0.25 con 2/8 variables disponibles). risk_score=0.738, confidence_score=0.727.",risa-vigia-0.1.0
SIG-PAT-0480-34189cffaa,PAT-0480,2026-07-08 09:00:00,0.5291,MEDIUM,0.4242,2026-07-07 21:00:00,2026-07-08 09:00:00,"Riesgo MEDIUM para PAT-0480: evidencia sostenida durante 4 ventana(s) (12h). Variable con mayor aporte: HR (contribución=0.27, concordancia=0.14 con 1/7 variables disponibles). risk_score=0.529, confidence_score=0.424.",risa-vigia-0.1.0
SIG-PAT-0481-d6b3577210,PAT-0481,2026-07-22 06:00:00,0.9791,CRITICAL,0.4242,2026-07-21 15:00:00,2026-07-22 06:00:00,"Riesgo CRITICAL para PAT-0481: evidencia sostenida durante 5 ventana(s) (15h). Variable con mayor aporte: RR (contribución=0.62, concordancia=0.57 con 4/7 variables disponibles). risk_score=0.979, confidence_score=0.424.",risa-vigia-0.1.0
SIG-PAT-0481-b77fdf7008,PAT-0481,2026-07-26 18:00:00,0.7289,HIGH,0.7977,2026-07-26 00:00:00,2026-07-26 18:00:00,"Riesgo HIGH para PAT-0481: evidencia sostenida durante 6 ventana(s) (18h). Variable con mayor aporte: DBP (contribución=0.27, concordancia=0.33 con 3/9 variables disponibles). risk_score=0.729, confidence_score=0.798.",risa-vigia-0.1.0
SIG-PAT-0482-84ad1179eb,PAT-0482,2026-07-23 12:00:00,0.5724,HIGH,0.4242,2026-07-22 21:00:00,2026-07-23 12:00:00,"Riesgo HIGH para PAT-0482: evidencia sostenida durante 5 ventana(s) (15h). Variable con mayor aporte: HR (contribución=0.39, concordancia=0.14 con 1/7 variables disponibles). risk_score=0.572, confidence_score=0.424.",risa-vigia-0.1.0
SIG-PAT-0482-5d1d3346b2,PAT-0482,2026-07-24 12:00:00,0.8132,CRITICAL,0.4242,2026-07-24 00:00:00,2026-07-24 12:00:00,"Riesgo CRITICAL para PAT-0482: evidencia sostenida durante 4 ventana(s) (12h). Variable con mayor aporte: DBP (contribución=0.65, concordancia=0.14 con 1/7 variables disponibles). risk_score=0.813, confidence_score=0.424.",risa-vigia-0.1.0
SIG-PAT-0482-c436479d8a,PAT-0482,2026-07-26 15:00:00,0.7601,HIGH,0.4242,2026-07-25 00:00:00,2026-07-26 15:00:00,"Riesgo HIGH para PAT-0482: evidencia sostenida durante 13 ventana(s) (39h). Variable con mayor aporte: DBP (contribución=0.53, concordancia=0.29 con 2/7 variables disponibles). risk_score=0.760, confidence_score=0.424.",risa-vigia-0.1.0
SIG-PAT-0482-8460f35ba2,PAT-0482,2026-07-27 15:00:00,0.3989,MEDIUM,0.4242,2026-07-27 00:00:00,2026-07-27 15:00:00,"Riesgo MEDIUM para PAT-0482: evidencia sostenida durante 5 ventana(s) (15h). Variable con mayor aporte: DBP (contribución=0.22, concordancia=0.00 con 0/7 variables disponibles). risk_score=0.399, confidence_score=0.424.",risa-vigia-0.1.0
SIG-PAT-0483-1854a41b9e,PAT-0483,2026-07-02 18:00:00,0.4023,MEDIUM,0.4242,2026-07-02 06:00:00,2026-07-02 18:00:00,"Riesgo MEDIUM para PAT-0483: evidencia sostenida durante 4 ventana(s) (12h). Variable con mayor aporte: TEMP (contribución=0.26, concordancia=0.14 con 1/7 variables disponibles). risk_score=0.402, confidence_score=0.424.",risa-vigia-0.1.0
SIG-PAT-0483-8e3be37452,PAT-0483,2026-07-04 09:00:00,0.8638,CRITICAL,0.4125,2026-07-03 15:00:00,2026-07-04 09:00:00,"Riesgo CRITICAL para PAT-0483: evidencia sostenida durante 6 ventana(s) (18h). Variable con mayor aporte: DBP (contribución=0.84, concordancia=0.14 con 1/7 variables disponibles). risk_score=0.864, confidence_score=0.412.",risa-vigia-0.1.0
SIG-PAT-0484-7fc8fc0e0a,PAT-0484,2026-07-18 12:00:00,0.3262,MEDIUM,0.4128,2026-07-17 21:00:00,2026-07-18 12:00:00,"Riesgo MEDIUM para PAT-0484: evidencia sostenida durante 5 ventana(s) (15h). Variable con mayor aporte: HR (contribución=0.12, concordancia=0.00 con 0/7 variables disponibles). risk_score=0.326, confidence_score=0.413.",risa-vigia-0.1.0
SIG-PAT-0484-ee450bfec2,PAT-0484,2026-07-20 18:00:00,0.4508,MEDIUM,0.4242,2026-07-20 00:00:00,2026-07-20 18:00:00,"Riesgo MEDIUM para PAT-0484: evidencia sostenida durante 6 ventana(s) (18h). Variable con mayor aporte: DBP (contribución=0.28, concordancia=0.14 con 1/7 variables disponibles). risk_score=0.451, confidence_score=0.424.",risa-vigia-0.1.0
SIG-PAT-0485-7a0ccb34b4,PAT-0485,2026-07-09 12:00:00,0.4997,MEDIUM,0.4242,2026-07-09 00:00:00,2026-07-09 12:00:00,"Riesgo MEDIUM para PAT-0485: evidencia sostenida durante 4 ventana(s) (12h). Variable con mayor aporte: HR (contribución=0.32, concordancia=0.14 con 1/7 variables disponibles). risk_score=0.500, confidence_score=0.424.",risa-vigia-0.1.0
SIG-PAT-0485-481b9311cc,PAT-0485,2026-07-10 00:00:00,0.4073,MEDIUM,0.4242,2026-07-09 12:00:00,2026-07-10 00:00:00,"Riesgo MEDIUM para PAT-0485: evidencia sostenida durante 4 ventana(s) (12h). Variable con mayor aporte: RR (contribución=0.20, concordancia=0.00 con 0/7 variables disponibles). risk_score=0.407, confidence_score=0.424.",risa-vigia-0.1.0
SIG-PAT-0485-ceca53e65a,PAT-0485,2026-07-11 00:00:00,0.4315,MEDIUM,0.7273,2026-07-10 12:00:00,2026-07-11 00:00:00,"Riesgo MEDIUM para PAT-0485: evidencia sostenida durante 4 ventana(s) (12h). Variable con mayor aporte: LAB_C (contribución=0.29, concordancia=0.12 con 1/8 variables disponibles). risk_score=0.431, confidence_score=0.727.",risa-vigia-0.1.0
SIG-PAT-0486-b53ba46650,PAT-0486,2026-07-14 12:00:00,0.6074,HIGH,0.4242,2026-07-14 00:00:00,2026-07-14 12:00:00,"Riesgo HIGH para PAT-0486: evidencia sostenida durante 4 ventana(s) (12h). Variable con mayor aporte: DBP (contribución=0.46, concordancia=0.14 con 1/7 variables disponibles). risk_score=0.607, confidence_score=0.424.",risa-vigia-0.1.0
SIG-PAT-0486-ef599cf0ec,PAT-0486,2026-07-15 12:00:00,0.7862,HIGH,0.4242,2026-07-15 00:00:00,2026-07-15 12:00:00,"Riesgo HIGH para PAT-0486: evidencia sostenida durante 4 ventana(s) (12h). Variable con mayor aporte: DBP (contribución=0.69, concordancia=0.14 con 1/7 variables disponibles). risk_score=0.786, confidence_score=0.424.",risa-vigia-0.1.0
SIG-PAT-0486-e2fa53d3f4,PAT-0486,2026-07-16 12:00:00,0.4938,MEDIUM,0.4242,2026-07-15 21:00:00,2026-07-16 12:00:00,"Riesgo MEDIUM para PAT-0486: evidencia sostenida durante 5 ventana(s) (15h). Variable con mayor aporte: DBP (contribución=0.35, concordancia=0.14 con 1/7 variables disponibles). risk_score=0.494, confidence_score=0.424.",risa-vigia-0.1.0
SIG-PAT-0486-29ffadda33,PAT-0486,2026-07-18 12:00:00,0.4568,MEDIUM,0.4242,2026-07-18 00:00:00,2026-07-18 12:00:00,"Riesgo MEDIUM para PAT-0486: evidencia sostenida durante 4 ventana(s) (12h). Variable con mayor aporte: SBP (contribución=0.26, concordancia=0.14 con 1/7 variables disponibles). risk_score=0.457, confidence_score=0.424.",risa-vigia-0.1.0
SIG-PAT-0486-0106ff3779,PAT-0486,2026-07-21 12:00:00,0.7743,HIGH,0.7273,2026-07-20 00:00:00,2026-07-21 12:00:00,"Riesgo HIGH para PAT-0486: evidencia sostenida durante 12 ventana(s) (36h). Variable con mayor aporte: LAB_B (contribución=0.70, concordancia=0.12 con 1/8 variables disponibles). risk_score=0.774, confidence_score=0.727.",risa-vigia-0.1.0
SIG-PAT-0486-02d1e412ba,PAT-0486,2026-07-22 12:00:00,0.5162,MEDIUM,0.3636,2026-07-21 21:00:00,2026-07-22 12:00:00,"Riesgo MEDIUM para PAT-0486: evidencia sostenida durante 5 ventana(s) (15h). Variable con mayor aporte: DBP (contribución=0.36, concordancia=0.17 con 1/6 variables disponibles). risk_score=0.516, confidence_score=0.364.",risa-vigia-0.1.0
SIG-PAT-0487-a219b7225a,PAT-0487,2026-07-09 18:00:00,0.7506,HIGH,0.7273,2026-07-07 21:00:00,2026-07-09 18:00:00,"Riesgo HIGH para PAT-0487: evidencia sostenida durante 15 ventana(s) (45h). Variable con mayor aporte: LAB_A (contribución=0.68, concordancia=0.12 con 1/8 variables disponibles). risk_score=0.751, confidence_score=0.727.",risa-vigia-0.1.0
SIG-PAT-0488-965fa76a02,PAT-0488,2026-07-22 21:00:00,0.5748,HIGH,0.4242,2026-07-22 09:00:00,2026-07-22 21:00:00,"Riesgo HIGH para PAT-0488: evidencia sostenida durante 4 ventana(s) (12h). Variable con mayor aporte: DBP (contribución=0.39, concordancia=0.14 con 1/7 variables disponibles). risk_score=0.575, confidence_score=0.424.",risa-vigia-0.1.0
SIG-PAT-0488-971260f6f7,PAT-0488,2026-07-23 21:00:00,0.5234,MEDIUM,0.8182,2026-07-22 21:00:00,2026-07-23 21:00:00,"Riesgo MEDIUM para PAT-0488: evidencia sostenida durante 8 ventana(s) (24h). Variable con mayor aporte: DBP (contribución=0.33, concordancia=0.11 con 1/9 variables disponibles). risk_score=0.523, confidence_score=0.818.",risa-vigia-0.1.0
SIG-PAT-0488-7a724d9f84,PAT-0488,2026-07-24 12:00:00,0.4845,MEDIUM,0.4242,2026-07-24 00:00:00,2026-07-24 12:00:00,"Riesgo MEDIUM para PAT-0488: evidencia sostenida durante 4 ventana(s) (12h). Variable con mayor aporte: HR (contribución=0.21, concordancia=0.14 con 1/7 variables disponibles). risk_score=0.485, confidence_score=0.424.",risa-vigia-0.1.0
SIG-PAT-0488-b70a5c4e2c,PAT-0488,2026-07-25 18:00:00,0.4888,MEDIUM,0.4242,2026-07-24 21:00:00,2026-07-25 18:00:00,"Riesgo MEDIUM para PAT-0488: evidencia sostenida durante 7 ventana(s) (21h). Variable con mayor aporte: SBP (contribución=0.17, concordancia=0.00 con 0/7 variables disponibles). risk_score=0.489, confidence_score=0.424.",risa-vigia-0.1.0
SIG-PAT-0489-e628f1f5a7,PAT-0489,2026-07-05 12:00:00,0.5125,MEDIUM,0.8182,2026-07-05 00:00:00,2026-07-05 12:00:00,"Riesgo MEDIUM para PAT-0489: evidencia sostenida durante 4 ventana(s) (12h). Variable con mayor aporte: HR (contribución=0.26, concordancia=0.11 con 1/9 variables disponibles). risk_score=0.512, confidence_score=0.818.",risa-vigia-0.1.0
SIG-PAT-0489-ad15d49d69,PAT-0489,2026-07-07 18:00:00,0.8304,CRITICAL,0.4131,2026-07-06 21:00:00,2026-07-07 18:00:00,"Riesgo CRITICAL para PAT-0489: evidencia sostenida durante 7 ventana(s) (21h). Variable con mayor aporte: SBP (contribución=0.79, concordancia=0.14 con 1/7 variables disponibles). risk_score=0.830, confidence_score=0.413.",risa-vigia-0.1.0
SIG-PAT-0489-8760a6d576,PAT-0489,2026-07-08 09:00:00,0.6119,HIGH,0.4242,2026-07-07 21:00:00,2026-07-08 09:00:00,"Riesgo HIGH para PAT-0489: evidencia sostenida durante 4 ventana(s) (12h). Variable con mayor aporte: DBP (contribución=0.42, concordancia=0.14 con 1/7 variables disponibles). risk_score=0.612, confidence_score=0.424.",risa-vigia-0.1.0
SIG-PAT-0491-a1ab06c1e4,PAT-0491,2026-07-24 15:00:00,0.8159,CRITICAL,0.4242,2026-07-23 06:00:00,2026-07-24 15:00:00,"Riesgo CRITICAL para PAT-0491: evidencia sostenida durante 11 ventana(s) (33h). Variable con mayor aporte: HR (contribución=0.52, concordancia=0.29 con 2/7 variables disponibles). risk_score=0.816, confidence_score=0.424.",risa-vigia-0.1.0
SIG-PAT-0491-530e9038cf,PAT-0491,2026-07-26 18:00:00,0.5698,HIGH,0.4242,2026-07-26 00:00:00,2026-07-26 18:00:00,"Riesgo HIGH para PAT-0491: evidencia sostenida durante 6 ventana(s) (18h). Variable con mayor aporte: DBP (contribución=0.27, concordancia=0.14 con 1/7 variables disponibles). risk_score=0.570, confidence_score=0.424.",risa-vigia-0.1.0
SIG-PAT-0491-24d70c00de,PAT-0491,2026-07-27 15:00:00,0.5051,MEDIUM,0.7273,2026-07-27 00:00:00,2026-07-27 15:00:00,"Riesgo MEDIUM para PAT-0491: evidencia sostenida durante 5 ventana(s) (15h). Variable con mayor aporte: DBP (contribución=0.27, concordancia=0.12 con 1/8 variables disponibles). risk_score=0.505, confidence_score=0.727.",risa-vigia-0.1.0
SIG-PAT-0492-8dc90c16f5,PAT-0492,2026-07-09 18:00:00,0.8612,CRITICAL,0.4242,2026-07-07 09:00:00,2026-07-09 18:00:00,"Riesgo CRITICAL para PAT-0492: evidencia sostenida durante 19 ventana(s) (57h). Variable con mayor aporte: SBP (contribución=0.58, concordancia=0.43 con 3/7 variables disponibles). risk_score=0.861, confidence_score=0.424.",risa-vigia-0.1.0
SIG-PAT-0492-bc4c88924c,PAT-0492,2026-07-10 18:00:00,0.6819,HIGH,0.4242,2026-07-10 06:00:00,2026-07-10 18:00:00,"Riesgo HIGH para PAT-0492: evidencia sostenida durante 4 ventana(s) (12h). Variable con mayor aporte: SBP (contribución=0.62, concordancia=0.14 con 1/7 variables disponibles). risk_score=0.682, confidence_score=0.424.",risa-vigia-0.1.0
SIG-PAT-0493-874aa64dbe,PAT-0493,2026-07-05 03:00:00,0.5407,MEDIUM,0.4242,2026-07-04 15:00:00,2026-07-05 03:00:00,"Riesgo MEDIUM para PAT-0493: evidencia sostenida durante 4 ventana(s) (12h). Variable con mayor aporte: SBP (contribución=0.44, concordancia=0.14 con 1/7 variables disponibles). risk_score=0.541, confidence_score=0.424.",risa-vigia-0.1.0
SIG-PAT-0494-8c7795b52c,PAT-0494,2026-07-06 09:00:00,0.4151,MEDIUM,0.4134,2026-07-05 18:00:00,2026-07-06 09:00:00,"Riesgo MEDIUM para PAT-0494: evidencia sostenida durante 5 ventana(s) (15h). Variable con mayor aporte: HR (contribución=0.27, concordancia=0.14 con 1/7 variables disponibles). risk_score=0.415, confidence_score=0.413.",risa-vigia-0.1.0
SIG-PAT-0494-df887a39f1,PAT-0494,2026-07-13 12:00:00,0.3905,MEDIUM,0.4242,2026-07-13 00:00:00,2026-07-13 12:00:00,"Riesgo MEDIUM para PAT-0494: evidencia sostenida durante 4 ventana(s) (12h). Variable con mayor aporte: DBP (contribución=0.16, concordancia=0.00 con 0/7 variables disponibles). risk_score=0.390, confidence_score=0.424.",risa-vigia-0.1.0
SIG-PAT-0494-f0a53a798b,PAT-0494,2026-07-15 12:00:00,0.5707,HIGH,0.4242,2026-07-14 21:00:00,2026-07-15 12:00:00,"Riesgo HIGH para PAT-0494: evidencia sostenida durante 5 ventana(s) (15h). Variable con mayor aporte: SBP (contribución=0.40, concordancia=0.14 con 1/7 variables disponibles). risk_score=0.571, confidence_score=0.424.",risa-vigia-0.1.0
SIG-PAT-0494-2fbe43f339,PAT-0494,2026-07-17 00:00:00,0.7321,HIGH,0.4242,2026-07-16 09:00:00,2026-07-17 00:00:00,"Riesgo HIGH para PAT-0494: evidencia sostenida durante 5 ventana(s) (15h). Variable con mayor aporte: HR (contribución=0.69, concordancia=0.14 con 1/7 variables disponibles). risk_score=0.732, confidence_score=0.424.",risa-vigia-0.1.0
SIG-PAT-0495-95784b97ed,PAT-0495,2026-07-09 15:00:00,0.7836,HIGH,0.4242,2026-07-08 06:00:00,2026-07-09 15:00:00,"Riesgo HIGH para PAT-0495: evidencia sostenida durante 11 ventana(s) (33h). Variable con mayor aporte: HR (contribución=0.56, concordancia=0.29 con 2/7 variables disponibles). risk_score=0.784, confidence_score=0.424.",risa-vigia-0.1.0
SIG-PAT-0495-14c6f13151,PAT-0495,2026-07-10 15:00:00,0.7431,HIGH,0.4242,2026-07-09 21:00:00,2026-07-10 15:00:00,"Riesgo HIGH para PAT-0495: evidencia sostenida durante 6 ventana(s) (18h). Variable con mayor aporte: SBP (contribución=0.61, concordancia=0.14 con 1/7 variables disponibles). risk_score=0.743, confidence_score=0.424.",risa-vigia-0.1.0
SIG-PAT-0495-1fc8f61d36,PAT-0495,2026-07-11 18:00:00,0.7252,HIGH,0.4242,2026-07-11 00:00:00,2026-07-11 18:00:00,"Riesgo HIGH para PAT-0495: evidencia sostenida durante 6 ventana(s) (18h). Variable con mayor aporte: SBP (contribución=0.42, concordancia=0.29 con 2/7 variables disponibles). risk_score=0.725, confidence_score=0.424.",risa-vigia-0.1.0
SIG-PAT-0495-4d7f89ed82,PAT-0495,2026-07-12 12:00:00,0.5874,HIGH,0.4242,2026-07-12 00:00:00,2026-07-12 12:00:00,"Riesgo HIGH para PAT-0495: evidencia sostenida durante 4 ventana(s) (12h). Variable con mayor aporte: DBP (contribución=0.33, concordancia=0.14 con 1/7 variables disponibles). risk_score=0.587, confidence_score=0.424.",risa-vigia-0.1.0
SIG-PAT-0495-dbeede82fd,PAT-0495,2026-07-13 15:00:00,0.5848,HIGH,0.4242,2026-07-12 18:00:00,2026-07-13 15:00:00,"Riesgo HIGH para PAT-0495: evidencia sostenida durante 7 ventana(s) (21h). Variable con mayor aporte: SBP (contribución=0.44, concordancia=0.14 con 1/7 variables disponibles). risk_score=0.585, confidence_score=0.424.",risa-vigia-0.1.0
SIG-PAT-0495-3588e72edb,PAT-0495,2026-07-16 09:00:00,0.7329,HIGH,0.4131,2026-07-15 21:00:00,2026-07-16 09:00:00,"Riesgo HIGH para PAT-0495: evidencia sostenida durante 4 ventana(s) (12h). Variable con mayor aporte: SBP (contribución=0.37, concordancia=0.29 con 2/7 variables disponibles). risk_score=0.733, confidence_score=0.413.",risa-vigia-0.1.0
SIG-PAT-0496-13d5940134,PAT-0496,2026-07-05 12:00:00,0.691,HIGH,0.4242,2026-07-05 00:00:00,2026-07-05 12:00:00,"Riesgo HIGH para PAT-0496: evidencia sostenida durante 4 ventana(s) (12h). Variable con mayor aporte: HR (contribución=0.49, concordancia=0.29 con 2/7 variables disponibles). risk_score=0.691, confidence_score=0.424.",risa-vigia-0.1.0
SIG-PAT-0496-987a5e2131,PAT-0496,2026-07-07 12:00:00,0.7917,HIGH,0.4136,2026-07-06 00:00:00,2026-07-07 12:00:00,"Riesgo HIGH para PAT-0496: evidencia sostenida durante 12 ventana(s) (36h). Variable con mayor aporte: HR (contribución=0.39, concordancia=0.43 con 3/7 variables disponibles). risk_score=0.792, confidence_score=0.414.",risa-vigia-0.1.0
SIG-PAT-0496-d2dc0ea763,PAT-0496,2026-07-08 09:00:00,0.4563,MEDIUM,0.8182,2026-07-08 00:00:00,2026-07-08 09:00:00,"Riesgo MEDIUM para PAT-0496: evidencia sostenida durante 3 ventana(s) (9h). Variable con mayor aporte: HR (contribución=0.26, concordancia=0.11 con 1/9 variables disponibles). risk_score=0.456, confidence_score=0.818.",risa-vigia-0.1.0
SIG-PAT-0497-3f612029e0,PAT-0497,2026-07-08 09:00:00,0.589,HIGH,0.7273,2026-07-06 18:00:00,2026-07-08 09:00:00,"Riesgo HIGH para PAT-0497: evidencia sostenida durante 13 ventana(s) (39h). Variable con mayor aporte: DBP (contribución=0.30, concordancia=0.12 con 1/8 variables disponibles). risk_score=0.589, confidence_score=0.727.",risa-vigia-0.1.0
SIG-PAT-0497-78dc70f279,PAT-0497,2026-07-09 09:00:00,0.642,HIGH,0.4242,2026-07-09 00:00:00,2026-07-09 09:00:00,"Riesgo HIGH para PAT-0497: evidencia sostenida durante 3 ventana(s) (9h). Variable con mayor aporte: SBP (contribución=0.51, concordancia=0.14 con 1/7 variables disponibles). risk_score=0.642, confidence_score=0.424.",risa-vigia-0.1.0
SIG-PAT-0498-aa4c518a27,PAT-0498,2026-07-06 12:00:00,0.4024,MEDIUM,0.4242,2026-07-06 00:00:00,2026-07-06 12:00:00,"Riesgo MEDIUM para PAT-0498: evidencia sostenida durante 4 ventana(s) (12h). Variable con mayor aporte: SBP (contribución=0.18, concordancia=0.00 con 0/7 variables disponibles). risk_score=0.402, confidence_score=0.424.",risa-vigia-0.1.0
SIG-PAT-0499-b312e1edce,PAT-0499,2026-07-17 21:00:00,0.6353,HIGH,0.4131,2026-07-16 18:00:00,2026-07-17 21:00:00,"Riesgo HIGH para PAT-0499: evidencia sostenida durante 9 ventana(s) (27h). Variable con mayor aporte: TEMP (contribución=0.41, concordancia=0.14 con 1/7 variables disponibles). risk_score=0.635, confidence_score=0.413.",risa-vigia-0.1.0
SIG-PAT-0499-3a0f193ad9,PAT-0499,2026-07-19 21:00:00,0.474,MEDIUM,0.4242,2026-07-19 00:00:00,2026-07-19 21:00:00,"Riesgo MEDIUM para PAT-0499: evidencia sostenida durante 7 ventana(s) (21h). Variable con mayor aporte: HR (contribución=0.20, concordancia=0.00 con 0/7 variables disponibles). risk_score=0.474, confidence_score=0.424.",risa-vigia-0.1.0
SIG-PAT-0499-a1df3580fc,PAT-0499,2026-07-20 12:00:00,0.3293,MEDIUM,0.4242,2026-07-20 00:00:00,2026-07-20 12:00:00,"Riesgo MEDIUM para PAT-0499: evidencia sostenida durante 4 ventana(s) (12h). Variable con mayor aporte: HR (contribución=0.14, concordancia=0.00 con 0/7 variables disponibles). risk_score=0.329, confidence_score=0.424.",risa-vigia-0.1.0
SIG-PAT-0500-5d90b7bd14,PAT-0500,2026-07-22 09:00:00,0.6173,HIGH,0.8182,2026-07-21 21:00:00,2026-07-22 09:00:00,"Riesgo HIGH para PAT-0500: evidencia sostenida durante 4 ventana(s) (12h). Variable con mayor aporte: HR (contribución=0.48, concordancia=0.11 con 1/9 variables disponibles). risk_score=0.617, confidence_score=0.818.",risa-vigia-0.1.0
SIG-PAT-0500-8c913257aa,PAT-0500,2026-07-24 03:00:00,0.9283,CRITICAL,0.3636,2026-07-23 15:00:00,2026-07-24 03:00:00,"Riesgo CRITICAL para PAT-0500: evidencia sostenida durante 4 ventana(s) (12h). Variable con mayor aporte: RR (contribución=0.46, concordancia=0.67 con 4/6 variables disponibles). risk_score=0.928, confidence_score=0.364.",risa-vigia-0.1.0
SIG-PAT-0500-c717627e8c,PAT-0500,2026-07-26 12:00:00,0.7594,HIGH,0.4128,2026-07-25 21:00:00,2026-07-26 12:00:00,"Riesgo HIGH para PAT-0500: evidencia sostenida durante 5 ventana(s) (15h). Variable con mayor aporte: SBP (contribución=0.63, concordancia=0.14 con 1/7 variables disponibles). risk_score=0.759, confidence_score=0.413.",risa-vigia-0.1.0
SIG-PAT-0500-5af08dac11,PAT-0500,2026-07-29 12:00:00,0.423,MEDIUM,0.4242,2026-07-28 09:00:00,2026-07-29 12:00:00,"Riesgo MEDIUM para PAT-0500: evidencia sostenida durante 9 ventana(s) (27h). Variable con mayor aporte: SBP (contribución=0.33, concordancia=0.14 con 1/7 variables disponibles). risk_score=0.423, confidence_score=0.424.",risa-vigia-0.1.0
SIG-PAT-0501-4054d17cf0,PAT-0501,2026-07-27 21:00:00,0.4405,MEDIUM,0.4242,2026-07-27 15:00:00,2026-07-27 21:00:00,"Riesgo MEDIUM para PAT-0501: evidencia sostenida durante 2 ventana(s) (6h). Variable con mayor aporte: DBP (contribución=0.36, concordancia=0.14 con 1/7 variables disponibles). risk_score=0.441, confidence_score=0.424.",risa-vigia-0.1.0
SIG-PAT-0502-e530afa8cf,PAT-0502,2026-07-14 21:00:00,0.6119,HIGH,0.4242,2026-07-14 00:00:00,2026-07-14 21:00:00,"Riesgo HIGH para PAT-0502: evidencia sostenida durante 7 ventana(s) (21h). Variable con mayor aporte: HR (contribución=0.39, concordancia=0.14 con 1/7 variables disponibles). risk_score=0.612, confidence_score=0.424.",risa-vigia-0.1.0
SIG-PAT-0502-698fce616c,PAT-0502,2026-07-17 06:00:00,0.9931,CRITICAL,0.4242,2026-07-16 12:00:00,2026-07-17 06:00:00,"Riesgo CRITICAL para PAT-0502: evidencia sostenida durante 6 ventana(s) (18h). Variable con mayor aporte: SpO2 (contribución=0.80, concordancia=0.71 con 5/7 variables disponibles). risk_score=0.993, confidence_score=0.424.",risa-vigia-0.1.0
SIG-PAT-0502-22cccb61b5,PAT-0502,2026-07-20 09:00:00,0.4083,MEDIUM,0.4242,2026-07-19 21:00:00,2026-07-20 09:00:00,"Riesgo MEDIUM para PAT-0502: evidencia sostenida durante 4 ventana(s) (12h). Variable con mayor aporte: SBP (contribución=0.29, concordancia=0.14 con 1/7 variables disponibles). risk_score=0.408, confidence_score=0.424.",risa-vigia-0.1.0
SIG-PAT-0503-2085c77efb,PAT-0503,2026-07-23 12:00:00,0.7302,HIGH,0.4242,2026-07-22 06:00:00,2026-07-23 12:00:00,"Riesgo HIGH para PAT-0503: evidencia sostenida durante 10 ventana(s) (30h). Variable con mayor aporte: HR (contribución=0.49, concordancia=0.29 con 2/7 variables disponibles). risk_score=0.730, confidence_score=0.424.",risa-vigia-0.1.0
SIG-PAT-0503-8edb8f4f2d,PAT-0503,2026-07-24 15:00:00,0.4173,MEDIUM,0.4242,2026-07-24 00:00:00,2026-07-24 15:00:00,"Riesgo MEDIUM para PAT-0503: evidencia sostenida durante 5 ventana(s) (15h). Variable con mayor aporte: HR (contribución=0.29, concordancia=0.14 con 1/7 variables disponibles). risk_score=0.417, confidence_score=0.424.",risa-vigia-0.1.0
SIG-PAT-0503-b3c08409da,PAT-0503,2026-07-25 12:00:00,0.4617,MEDIUM,0.4242,2026-07-25 00:00:00,2026-07-25 12:00:00,"Riesgo MEDIUM para PAT-0503: evidencia sostenida durante 4 ventana(s) (12h). Variable con mayor aporte: HR (contribución=0.30, concordancia=0.14 con 1/7 variables disponibles). risk_score=0.462, confidence_score=0.424.",risa-vigia-0.1.0
SIG-PAT-0503-8a939041e8,PAT-0503,2026-07-28 21:00:00,0.6817,HIGH,0.4136,2026-07-27 00:00:00,2026-07-28 21:00:00,"Riesgo HIGH para PAT-0503: evidencia sostenida durante 15 ventana(s) (45h). Variable con mayor aporte: SBP (contribución=0.61, concordancia=0.14 con 1/7 variables disponibles). risk_score=0.682, confidence_score=0.414.",risa-vigia-0.1.0
SIG-PAT-0503-3e18e38f72,PAT-0503,2026-07-30 09:00:00,0.4525,MEDIUM,0.3538,2026-07-30 03:00:00,2026-07-30 09:00:00,"Riesgo MEDIUM para PAT-0503: evidencia sostenida durante 2 ventana(s) (6h). Variable con mayor aporte: HR (contribución=0.29, concordancia=0.17 con 1/6 variables disponibles). risk_score=0.453, confidence_score=0.354.",risa-vigia-0.1.0
SIG-PAT-0504-adf606c695,PAT-0504,2026-07-08 12:00:00,0.7407,HIGH,0.4242,2026-07-07 12:00:00,2026-07-08 12:00:00,"Riesgo HIGH para PAT-0504: evidencia sostenida durante 8 ventana(s) (24h). Variable con mayor aporte: HR (contribución=0.70, concordancia=0.14 con 1/7 variables disponibles). risk_score=0.741, confidence_score=0.424.",risa-vigia-0.1.0
SIG-PAT-0504-0b42d3c04e,PAT-0504,2026-07-20 12:00:00,0.5478,MEDIUM,0.4242,2026-07-20 00:00:00,2026-07-20 12:00:00,"Riesgo MEDIUM para PAT-0504: evidencia sostenida durante 4 ventana(s) (12h). Variable con mayor aporte: SBP (contribución=0.41, concordancia=0.14 con 1/7 variables disponibles). risk_score=0.548, confidence_score=0.424.",risa-vigia-0.1.0
SIG-PAT-0504-862f7c1674,PAT-0504,2026-07-29 06:00:00,0.6671,HIGH,0.4242,2026-07-28 18:00:00,2026-07-29 06:00:00,"Riesgo HIGH para PAT-0504: evidencia sostenida durante 4 ventana(s) (12h). Variable con mayor aporte: DBP (contribución=0.61, concordancia=0.14 con 1/7 variables disponibles). risk_score=0.667, confidence_score=0.424.",risa-vigia-0.1.0
SIG-PAT-0505-5fbd2bf205,PAT-0505,2026-07-15 12:00:00,0.7537,HIGH,0.4242,2026-07-14 12:00:00,2026-07-15 12:00:00,"Riesgo HIGH para PAT-0505: evidencia sostenida durante 8 ventana(s) (24h). Variable con mayor aporte: DBP (contribución=0.38, concordancia=0.43 con 3/7 variables disponibles). risk_score=0.754, confidence_score=0.424.",risa-vigia-0.1.0
SIG-PAT-0505-bf191212ae,PAT-0505,2026-07-16 12:00:00,0.475,MEDIUM,0.4242,2026-07-15 18:00:00,2026-07-16 12:00:00,"Riesgo MEDIUM para PAT-0505: evidencia sostenida durante 6 ventana(s) (18h). Variable con mayor aporte: HR (contribución=0.25, concordancia=0.00 con 0/7 variables disponibles). risk_score=0.475, confidence_score=0.424.",risa-vigia-0.1.0
SIG-PAT-0505-d50ae83934,PAT-0505,2026-07-17 12:00:00,0.4208,MEDIUM,0.4242,2026-07-17 00:00:00,2026-07-17 12:00:00,"Riesgo MEDIUM para PAT-0505: evidencia sostenida durante 4 ventana(s) (12h). Variable con mayor aporte: SBP (contribución=0.20, concordancia=0.00 con 0/7 variables disponibles). risk_score=0.421, confidence_score=0.424.",risa-vigia-0.1.0
SIG-PAT-0505-fc04564caf,PAT-0505,2026-07-18 12:00:00,0.63,HIGH,0.4131,2026-07-17 21:00:00,2026-07-18 12:00:00,"Riesgo HIGH para PAT-0505: evidencia sostenida durante 5 ventana(s) (15h). Variable con mayor aporte: DBP (contribución=0.49, concordancia=0.14 con 1/7 variables disponibles). risk_score=0.630, confidence_score=0.413.",risa-vigia-0.1.0
SIG-PAT-0505-43ebc75da1,PAT-0505,2026-07-21 18:00:00,0.4327,MEDIUM,0.4242,2026-07-21 00:00:00,2026-07-21 18:00:00,"Riesgo MEDIUM para PAT-0505: evidencia sostenida durante 6 ventana(s) (18h). Variable con mayor aporte: HR (contribución=0.30, concordancia=0.14 con 1/7 variables disponibles). risk_score=0.433, confidence_score=0.424.",risa-vigia-0.1.0
SIG-PAT-0505-1fcc4f4aaf,PAT-0505,2026-07-22 12:00:00,0.4035,MEDIUM,0.4242,2026-07-22 00:00:00,2026-07-22 12:00:00,"Riesgo MEDIUM para PAT-0505: evidencia sostenida durante 4 ventana(s) (12h). Variable con mayor aporte: HR (contribución=0.24, concordancia=0.00 con 0/7 variables disponibles). risk_score=0.403, confidence_score=0.424.",risa-vigia-0.1.0
SIG-PAT-0506-c5c4487f91,PAT-0506,2026-07-24 18:00:00,0.6142,HIGH,0.4242,2026-07-22 06:00:00,2026-07-24 18:00:00,"Riesgo HIGH para PAT-0506: evidencia sostenida durante 20 ventana(s) (60h). Variable con mayor aporte: SBP (contribución=0.37, concordancia=0.14 con 1/7 variables disponibles). risk_score=0.614, confidence_score=0.424.",risa-vigia-0.1.0
SIG-PAT-0506-8352f97607,PAT-0506,2026-07-25 09:00:00,0.583,HIGH,0.4242,2026-07-24 21:00:00,2026-07-25 09:00:00,"Riesgo HIGH para PAT-0506: evidencia sostenida durante 4 ventana(s) (12h). Variable con mayor aporte: SBP (contribución=0.38, concordancia=0.14 con 1/7 variables disponibles). risk_score=0.583, confidence_score=0.424.",risa-vigia-0.1.0
SIG-PAT-0507-9c9a9d6699,PAT-0507,2026-07-26 21:00:00,0.6609,HIGH,0.4242,2026-07-26 00:00:00,2026-07-26 21:00:00,"Riesgo HIGH para PAT-0507: evidencia sostenida durante 7 ventana(s) (21h). Variable con mayor aporte: DBP (contribución=0.57, concordancia=0.14 con 1/7 variables disponibles). risk_score=0.661, confidence_score=0.424.",risa-vigia-0.1.0
SIG-PAT-0507-b1a13a99fe,PAT-0507,2026-07-29 21:00:00,0.6857,HIGH,0.4242,2026-07-29 00:00:00,2026-07-29 21:00:00,"Riesgo HIGH para PAT-0507: evidencia sostenida durante 7 ventana(s) (21h). Variable con mayor aporte: SBP (contribución=0.51, concordancia=0.14 con 1/7 variables disponibles). risk_score=0.686, confidence_score=0.424.",risa-vigia-0.1.0
SIG-PAT-0507-e202471e78,PAT-0507,2026-07-30 09:00:00,0.6922,HIGH,0.4242,2026-07-30 00:00:00,2026-07-30 09:00:00,"Riesgo HIGH para PAT-0507: evidencia sostenida durante 3 ventana(s) (9h). Variable con mayor aporte: SBP (contribución=0.53, concordancia=0.14 con 1/7 variables disponibles). risk_score=0.692, confidence_score=0.424.",risa-vigia-0.1.0
SIG-PAT-0508-95fbb09310,PAT-0508,2026-07-13 00:00:00,0.6612,HIGH,0.4242,2026-07-11 21:00:00,2026-07-13 00:00:00,"Riesgo HIGH para PAT-0508: evidencia sostenida durante 9 ventana(s) (27h). Variable con mayor aporte: DBP (contribución=0.49, concordancia=0.14 con 1/7 variables disponibles). risk_score=0.661, confidence_score=0.424.",risa-vigia-0.1.0
SIG-PAT-0508-91312226b1,PAT-0508,2026-07-14 06:00:00,0.6568,HIGH,0.8182,2026-07-13 18:00:00,2026-07-14 06:00:00,"Riesgo HIGH para PAT-0508: evidencia sostenida durante 4 ventana(s) (12h). Variable con mayor aporte: HR (contribución=0.56, concordancia=0.11 con 1/9 variables disponibles). risk_score=0.657, confidence_score=0.818.",risa-vigia-0.1.0
SIG-PAT-0509-d0140c12c1,PAT-0509,2026-07-14 12:00:00,0.6185,HIGH,0.8869,2026-07-13 18:00:00,2026-07-14 12:00:00,"Riesgo HIGH para PAT-0509: evidencia sostenida durante 6 ventana(s) (18h). Variable con mayor aporte: LAB_C (contribución=0.31, concordancia=0.10 con 1/10 variables disponibles). risk_score=0.618, confidence_score=0.887.",risa-vigia-0.1.0
SIG-PAT-0509-0006ea36d2,PAT-0509,2026-07-18 09:00:00,0.6599,HIGH,0.4242,2026-07-17 21:00:00,2026-07-18 09:00:00,"Riesgo HIGH para PAT-0509: evidencia sostenida durante 4 ventana(s) (12h). Variable con mayor aporte: SBP (contribución=0.48, concordancia=0.14 con 1/7 variables disponibles). risk_score=0.660, confidence_score=0.424.",risa-vigia-0.1.0
SIG-PAT-0510-abef8b7bae,PAT-0510,2026-07-21 21:00:00,0.964,CRITICAL,0.4242,2026-07-21 00:00:00,2026-07-21 21:00:00,"Riesgo CRITICAL para PAT-0510: evidencia sostenida durante 7 ventana(s) (21h). Variable con mayor aporte: SpO2 (contribución=0.72, concordancia=0.43 con 3/7 variables disponibles). risk_score=0.964, confidence_score=0.424.",risa-vigia-0.1.0
SIG-PAT-0510-21bd44ad1a,PAT-0510,2026-07-24 12:00:00,0.6332,HIGH,0.4136,2026-07-23 06:00:00,2026-07-24 12:00:00,"Riesgo HIGH para PAT-0510: evidencia sostenida durante 10 ventana(s) (30h). Variable con mayor aporte: DBP (contribución=0.32, concordancia=0.14 con 1/7 variables disponibles). risk_score=0.633, confidence_score=0.414.",risa-vigia-0.1.0
SIG-PAT-0510-f387763952,PAT-0510,2026-07-25 21:00:00,0.5919,HIGH,0.4136,2026-07-25 00:00:00,2026-07-25 21:00:00,"Riesgo HIGH para PAT-0510: evidencia sostenida durante 7 ventana(s) (21h). Variable con mayor aporte: DBP (contribución=0.36, concordancia=0.14 con 1/7 variables disponibles). risk_score=0.592, confidence_score=0.414.",risa-vigia-0.1.0
SIG-PAT-0510-f282485bf0,PAT-0510,2026-07-26 09:00:00,0.5602,HIGH,0.4242,2026-07-26 00:00:00,2026-07-26 09:00:00,"Riesgo HIGH para PAT-0510: evidencia sostenida durante 3 ventana(s) (9h). Variable con mayor aporte: SBP (contribución=0.28, concordancia=0.29 con 2/7 variables disponibles). risk_score=0.560, confidence_score=0.424.",risa-vigia-0.1.0
SIG-PAT-0511-880683efe4,PAT-0511,2026-07-15 15:00:00,0.4645,MEDIUM,0.4242,2026-07-15 00:00:00,2026-07-15 15:00:00,"Riesgo MEDIUM para PAT-0511: evidencia sostenida durante 5 ventana(s) (15h). Variable con mayor aporte: HR (contribución=0.28, concordancia=0.14 con 1/7 variables disponibles). risk_score=0.464, confidence_score=0.424.",risa-vigia-0.1.0
SIG-PAT-0511-30117eba42,PAT-0511,2026-07-16 15:00:00,0.5453,MEDIUM,0.7273,2026-07-16 00:00:00,2026-07-16 15:00:00,"Riesgo MEDIUM para PAT-0511: evidencia sostenida durante 5 ventana(s) (15h). Variable con mayor aporte: DBP (contribución=0.43, concordancia=0.12 con 1/8 variables disponibles). risk_score=0.545, confidence_score=0.727.",risa-vigia-0.1.0
SIG-PAT-0511-17aa181fd6,PAT-0511,2026-07-17 21:00:00,0.447,MEDIUM,0.4242,2026-07-16 18:00:00,2026-07-17 21:00:00,"Riesgo MEDIUM para PAT-0511: evidencia sostenida durante 9 ventana(s) (27h). Variable con mayor aporte: SBP (contribución=0.25, concordancia=0.00 con 0/7 variables disponibles). risk_score=0.447, confidence_score=0.424.",risa-vigia-0.1.0
SIG-PAT-0511-8a810b3073,PAT-0511,2026-07-19 12:00:00,0.4666,MEDIUM,0.4242,2026-07-19 00:00:00,2026-07-19 12:00:00,"Riesgo MEDIUM para PAT-0511: evidencia sostenida durante 4 ventana(s) (12h). Variable con mayor aporte: HR (contribución=0.32, concordancia=0.14 con 1/7 variables disponibles). risk_score=0.467, confidence_score=0.424.",risa-vigia-0.1.0
SIG-PAT-0512-e2b30ddb9a,PAT-0512,2026-07-18 21:00:00,0.7187,HIGH,0.4242,2026-07-17 12:00:00,2026-07-18 21:00:00,"Riesgo HIGH para PAT-0512: evidencia sostenida durante 11 ventana(s) (33h). Variable con mayor aporte: SBP (contribución=0.31, concordancia=0.29 con 2/7 variables disponibles). risk_score=0.719, confidence_score=0.424.",risa-vigia-0.1.0
SIG-PAT-0513-36301ae50c,PAT-0513,2026-07-13 12:00:00,0.7547,HIGH,0.7273,2026-07-13 00:00:00,2026-07-13 12:00:00,"Riesgo HIGH para PAT-0513: evidencia sostenida durante 4 ventana(s) (12h). Variable con mayor aporte: SBP (contribución=0.66, concordancia=0.12 con 1/8 variables disponibles). risk_score=0.755, confidence_score=0.727.",risa-vigia-0.1.0
SIG-PAT-0513-7e46f366f9,PAT-0513,2026-07-14 09:00:00,0.558,HIGH,0.4242,2026-07-13 12:00:00,2026-07-14 09:00:00,"Riesgo HIGH para PAT-0513: evidencia sostenida durante 7 ventana(s) (21h). Variable con mayor aporte: SBP (contribución=0.47, concordancia=0.14 con 1/7 variables disponibles). risk_score=0.558, confidence_score=0.424.",risa-vigia-0.1.0
SIG-PAT-0514-a40bb24c1b,PAT-0514,2026-07-17 12:00:00,0.6813,HIGH,0.4242,2026-07-16 09:00:00,2026-07-17 12:00:00,"Riesgo HIGH para PAT-0514: evidencia sostenida durante 9 ventana(s) (27h). Variable con mayor aporte: RR (contribución=0.29, concordancia=0.29 con 2/7 variables disponibles). risk_score=0.681, confidence_score=0.424.",risa-vigia-0.1.0
SIG-PAT-0514-26c508fd23,PAT-0514,2026-07-18 12:00:00,0.4325,MEDIUM,0.7273,2026-07-18 00:00:00,2026-07-18 12:00:00,"Riesgo MEDIUM para PAT-0514: evidencia sostenida durante 4 ventana(s) (12h). Variable con mayor aporte: HR (contribución=0.28, concordancia=0.12 con 1/8 variables disponibles). risk_score=0.432, confidence_score=0.727.",risa-vigia-0.1.0
SIG-PAT-0515-069243c43c,PAT-0515,2026-07-05 21:00:00,0.6185,HIGH,0.7982,2026-07-04 00:00:00,2026-07-05 21:00:00,"Riesgo HIGH para PAT-0515: evidencia sostenida durante 15 ventana(s) (45h). Variable con mayor aporte: DBP (contribución=0.46, concordancia=0.11 con 1/9 variables disponibles). risk_score=0.618, confidence_score=0.798.",risa-vigia-0.1.0
SIG-PAT-0516-39f3424ef0,PAT-0516,2026-07-16 18:00:00,0.6671,HIGH,0.4242,2026-07-15 18:00:00,2026-07-16 18:00:00,"Riesgo HIGH para PAT-0516: evidencia sostenida durante 8 ventana(s) (24h). Variable con mayor aporte: HR (contribución=0.49, concordancia=0.14 con 1/7 variables disponibles). risk_score=0.667, confidence_score=0.424.",risa-vigia-0.1.0
SIG-PAT-0516-d087dea0c5,PAT-0516,2026-07-19 09:00:00,0.5179,MEDIUM,0.4242,2026-07-19 00:00:00,2026-07-19 09:00:00,"Riesgo MEDIUM para PAT-0516: evidencia sostenida durante 3 ventana(s) (9h). Variable con mayor aporte: DBP (contribución=0.31, concordancia=0.14 con 1/7 variables disponibles). risk_score=0.518, confidence_score=0.424.",risa-vigia-0.1.0
SIG-PAT-0517-4785bdb10b,PAT-0517,2026-07-12 12:00:00,0.6926,HIGH,0.7273,2026-07-11 06:00:00,2026-07-12 12:00:00,"Riesgo HIGH para PAT-0517: evidencia sostenida durante 10 ventana(s) (30h). Variable con mayor aporte: TEMP (contribución=0.43, concordancia=0.12 con 1/8 variables disponibles). risk_score=0.693, confidence_score=0.727.",risa-vigia-0.1.0
SIG-PAT-0517-a930f44231,PAT-0517,2026-07-14 12:00:00,0.7343,HIGH,0.6918,2026-07-13 00:00:00,2026-07-14 12:00:00,"Riesgo HIGH para PAT-0517: evidencia sostenida durante 12 ventana(s) (36h). Variable con mayor aporte: SBP (contribución=0.67, concordancia=0.12 con 1/8 variables disponibles). risk_score=0.734, confidence_score=0.692.",risa-vigia-0.1.0
SIG-PAT-0517-43ce07447e,PAT-0517,2026-07-15 09:00:00,0.5597,HIGH,0.4242,2026-07-15 00:00:00,2026-07-15 09:00:00,"Riesgo HIGH para PAT-0517: evidencia sostenida durante 3 ventana(s) (9h). Variable con mayor aporte: HR (contribución=0.33, concordancia=0.14 con 1/7 variables disponibles). risk_score=0.560, confidence_score=0.424.",risa-vigia-0.1.0
SIG-PAT-0518-83209d30fb,PAT-0518,2026-07-04 15:00:00,0.6318,HIGH,0.4242,2026-07-03 00:00:00,2026-07-04 15:00:00,"Riesgo HIGH para PAT-0518: evidencia sostenida durante 13 ventana(s) (39h). Variable con mayor aporte: DBP (contribución=0.32, concordancia=0.14 con 1/7 variables disponibles). risk_score=0.632, confidence_score=0.424.",risa-vigia-0.1.0
SIG-PAT-0518-55b86bbe91,PAT-0518,2026-07-05 12:00:00,0.4149,MEDIUM,0.4242,2026-07-04 21:00:00,2026-07-05 12:00:00,"Riesgo MEDIUM para PAT-0518: evidencia sostenida durante 5 ventana(s) (15h). Variable con mayor aporte: HR (contribución=0.20, concordancia=0.00 con 0/7 variables disponibles). risk_score=0.415, confidence_score=0.424.",risa-vigia-0.1.0
SIG-PAT-0519-6766a35184,PAT-0519,2026-07-06 21:00:00,0.434,MEDIUM,0.4242,2026-07-06 00:00:00,2026-07-06 21:00:00,"Riesgo MEDIUM para PAT-0519: evidencia sostenida durante 7 ventana(s) (21h). Variable con mayor aporte: SBP (contribución=0.27, concordancia=0.14 con 1/7 variables disponibles). risk_score=0.434, confidence_score=0.424.",risa-vigia-0.1.0
SIG-PAT-0520-86f939720f,PAT-0520,2026-07-11 12:00:00,0.628,HIGH,0.4242,2026-07-10 06:00:00,2026-07-11 12:00:00,"Riesgo HIGH para PAT-0520: evidencia sostenida durante 10 ventana(s) (30h). Variable con mayor aporte: HR (contribución=0.46, concordancia=0.14 con 1/7 variables disponibles). risk_score=0.628, confidence_score=0.424.",risa-vigia-0.1.0
SIG-PAT-0520-09dccffa01,PAT-0520,2026-07-12 15:00:00,0.8408,CRITICAL,0.4242,2026-07-11 21:00:00,2026-07-12 15:00:00,"Riesgo CRITICAL para PAT-0520: evidencia sostenida durante 6 ventana(s) (18h). Variable con mayor aporte: SBP (contribución=0.79, concordancia=0.14 con 1/7 variables disponibles). risk_score=0.841, confidence_score=0.424.",risa-vigia-0.1.0
SIG-PAT-0520-621f99caa4,PAT-0520,2026-07-14 09:00:00,0.7295,HIGH,0.4242,2026-07-12 18:00:00,2026-07-14 09:00:00,"Riesgo HIGH para PAT-0520: evidencia sostenida durante 13 ventana(s) (39h). Variable con mayor aporte: SBP (contribución=0.63, concordancia=0.14 con 1/7 variables disponibles). risk_score=0.730, confidence_score=0.424.",risa-vigia-0.1.0
SIG-PAT-0521-a1c248303c,PAT-0521,2026-07-06 15:00:00,0.7686,HIGH,0.4242,2026-07-05 21:00:00,2026-07-06 15:00:00,"Riesgo HIGH para PAT-0521: evidencia sostenida durante 6 ventana(s) (18h). Variable con mayor aporte: HR (contribución=0.48, concordancia=0.29 con 2/7 variables disponibles). risk_score=0.769, confidence_score=0.424.",risa-vigia-0.1.0
SIG-PAT-0521-3556cd06f9,PAT-0521,2026-07-07 12:00:00,0.4258,MEDIUM,0.4242,2026-07-07 00:00:00,2026-07-07 12:00:00,"Riesgo MEDIUM para PAT-0521: evidencia sostenida durante 4 ventana(s) (12h). Variable con mayor aporte: HR (contribución=0.33, concordancia=0.14 con 1/7 variables disponibles). risk_score=0.426, confidence_score=0.424.",risa-vigia-0.1.0
SIG-PAT-0521-5b2b86b1a4,PAT-0521,2026-07-09 12:00:00,0.3627,MEDIUM,0.4242,2026-07-09 00:00:00,2026-07-09 12:00:00,"Riesgo MEDIUM para PAT-0521: evidencia sostenida durante 4 ventana(s) (12h). Variable con mayor aporte: HR (contribución=0.22, concordancia=0.00 con 0/7 variables disponibles). risk_score=0.363, confidence_score=0.424.",risa-vigia-0.1.0
SIG-PAT-0521-190e6d6066,PAT-0521,2026-07-11 12:00:00,0.6406,HIGH,0.4242,2026-07-11 00:00:00,2026-07-11 12:00:00,"Riesgo HIGH para PAT-0521: evidencia sostenida durante 4 ventana(s) (12h). Variable con mayor aporte: SBP (contribución=0.53, concordancia=0.14 con 1/7 variables disponibles). risk_score=0.641, confidence_score=0.424.",risa-vigia-0.1.0
SIG-PAT-0521-27a8761eda,PAT-0521,2026-07-12 15:00:00,0.8007,CRITICAL,0.4242,2026-07-12 00:00:00,2026-07-12 15:00:00,"Riesgo CRITICAL para PAT-0521: evidencia sostenida durante 5 ventana(s) (15h). Variable con mayor aporte: SBP (contribución=0.43, concordancia=0.43 con 3/7 variables disponibles). risk_score=0.801, confidence_score=0.424.",risa-vigia-0.1.0
SIG-PAT-0521-d261515dcb,PAT-0521,2026-07-14 18:00:00,0.4171,MEDIUM,0.4242,2026-07-14 00:00:00,2026-07-14 18:00:00,"Riesgo MEDIUM para PAT-0521: evidencia sostenida durante 6 ventana(s) (18h). Variable con mayor aporte: HR (contribución=0.17, concordancia=0.00 con 0/7 variables disponibles). risk_score=0.417, confidence_score=0.424.",risa-vigia-0.1.0
SIG-PAT-0521-b00f5dda69,PAT-0521,2026-07-21 12:00:00,0.4073,MEDIUM,0.4242,2026-07-21 00:00:00,2026-07-21 12:00:00,"Riesgo MEDIUM para PAT-0521: evidencia sostenida durante 4 ventana(s) (12h). Variable con mayor aporte: HR (contribución=0.28, concordancia=0.14 con 1/7 variables disponibles). risk_score=0.407, confidence_score=0.424.",risa-vigia-0.1.0
SIG-PAT-0522-06a4a0067b,PAT-0522,2026-07-10 12:00:00,0.5429,MEDIUM,0.4242,2026-07-09 00:00:00,2026-07-10 12:00:00,"Riesgo MEDIUM para PAT-0522: evidencia sostenida durante 12 ventana(s) (36h). Variable con mayor aporte: SBP (contribución=0.27, concordancia=0.14 con 1/7 variables disponibles). risk_score=0.543, confidence_score=0.424.",risa-vigia-0.1.0
SIG-PAT-0523-5f6c28be45,PAT-0523,2026-07-10 12:00:00,0.6845,HIGH,0.8182,2026-07-08 21:00:00,2026-07-10 12:00:00,"Riesgo HIGH para PAT-0523: evidencia sostenida durante 13 ventana(s) (39h). Variable con mayor aporte: DBP (contribución=0.32, concordancia=0.22 con 2/9 variables disponibles). risk_score=0.685, confidence_score=0.818.",risa-vigia-0.1.0
SIG-PAT-0523-37745febc1,PAT-0523,2026-07-11 15:00:00,0.5522,HIGH,0.4242,2026-07-11 00:00:00,2026-07-11 15:00:00,"Riesgo HIGH para PAT-0523: evidencia sostenida durante 5 ventana(s) (15h). Variable con mayor aporte: DBP (contribución=0.27, concordancia=0.14 con 1/7 variables disponibles). risk_score=0.552, confidence_score=0.424.",risa-vigia-0.1.0
SIG-PAT-0524-5c8c9d5c15,PAT-0524,2026-07-06 12:00:00,0.445,MEDIUM,0.4242,2026-07-06 00:00:00,2026-07-06 12:00:00,"Riesgo MEDIUM para PAT-0524: evidencia sostenida durante 4 ventana(s) (12h). Variable con mayor aporte: HR (contribución=0.32, concordancia=0.14 con 1/7 variables disponibles). risk_score=0.445, confidence_score=0.424.",risa-vigia-0.1.0
SIG-PAT-0525-8099e85690,PAT-0525,2026-07-09 09:00:00,0.4765,MEDIUM,0.4242,2026-07-08 15:00:00,2026-07-09 09:00:00,"Riesgo MEDIUM para PAT-0525: evidencia sostenida durante 6 ventana(s) (18h). Variable con mayor aporte: SBP (contribución=0.39, concordancia=0.14 con 1/7 variables disponibles). risk_score=0.476, confidence_score=0.424.",risa-vigia-0.1.0
SIG-PAT-0526-fb2b10f728,PAT-0526,2026-07-06 00:00:00,0.836,CRITICAL,0.7086,2026-07-03 09:00:00,2026-07-06 00:00:00,"Riesgo CRITICAL para PAT-0526: evidencia sostenida durante 21 ventana(s) (63h). Variable con mayor aporte: LAB_A (contribución=0.68, concordancia=0.12 con 1/8 variables disponibles). risk_score=0.836, confidence_score=0.709.",risa-vigia-0.1.0
SIG-PAT-0527-08d20ff29a,PAT-0527,2026-07-03 15:00:00,0.7512,HIGH,0.4242,2026-07-02 21:00:00,2026-07-03 15:00:00,"Riesgo HIGH para PAT-0527: evidencia sostenida durante 6 ventana(s) (18h). Variable con mayor aporte: HR (contribución=0.41, concordancia=0.29 con 2/7 variables disponibles). risk_score=0.751, confidence_score=0.424.",risa-vigia-0.1.0
SIG-PAT-0527-92553230bf,PAT-0527,2026-07-04 12:00:00,0.5535,HIGH,0.4242,2026-07-03 15:00:00,2026-07-04 12:00:00,"Riesgo HIGH para PAT-0527: evidencia sostenida durante 7 ventana(s) (21h). Variable con mayor aporte: SBP (contribución=0.36, concordancia=0.14 con 1/7 variables disponibles). risk_score=0.554, confidence_score=0.424.",risa-vigia-0.1.0
SIG-PAT-0528-6ce72049d7,PAT-0528,2026-07-07 15:00:00,0.6979,HIGH,0.4242,2026-07-05 15:00:00,2026-07-07 15:00:00,"Riesgo HIGH para PAT-0528: evidencia sostenida durante 16 ventana(s) (48h). Variable con mayor aporte: DBP (contribución=0.36, concordancia=0.29 con 2/7 variables disponibles). risk_score=0.698, confidence_score=0.424.",risa-vigia-0.1.0
SIG-PAT-0529-fed180f589,PAT-0529,2026-07-06 12:00:00,0.8141,CRITICAL,0.4242,2026-07-04 06:00:00,2026-07-06 12:00:00,"Riesgo CRITICAL para PAT-0529: evidencia sostenida durante 18 ventana(s) (54h). Variable con mayor aporte: TEMP (contribución=0.47, concordancia=0.29 con 2/7 variables disponibles). risk_score=0.814, confidence_score=0.424.",risa-vigia-0.1.0
SIG-PAT-0529-ca0ad29051,PAT-0529,2026-07-09 18:00:00,0.5297,MEDIUM,0.4242,2026-07-09 00:00:00,2026-07-09 18:00:00,"Riesgo MEDIUM para PAT-0529: evidencia sostenida durante 6 ventana(s) (18h). Variable con mayor aporte: SBP (contribución=0.45, concordancia=0.14 con 1/7 variables disponibles). risk_score=0.530, confidence_score=0.424.",risa-vigia-0.1.0
SIG-PAT-0529-4d683a5970,PAT-0529,2026-07-12 15:00:00,0.4949,MEDIUM,0.4131,2026-07-12 03:00:00,2026-07-12 15:00:00,"Riesgo MEDIUM para PAT-0529: evidencia sostenida durante 4 ventana(s) (12h). Variable con mayor aporte: SBP (contribución=0.32, concordancia=0.14 con 1/7 variables disponibles). risk_score=0.495, confidence_score=0.413.",risa-vigia-0.1.0
SIG-PAT-0529-9a2db52c25,PAT-0529,2026-07-15 18:00:00,0.5397,MEDIUM,0.4242,2026-07-14 21:00:00,2026-07-15 18:00:00,"Riesgo MEDIUM para PAT-0529: evidencia sostenida durante 7 ventana(s) (21h). Variable con mayor aporte: SBP (contribución=0.40, concordancia=0.14 con 1/7 variables disponibles). risk_score=0.540, confidence_score=0.424.",risa-vigia-0.1.0
SIG-PAT-0529-81e8ea2f45,PAT-0529,2026-07-17 12:00:00,0.4175,MEDIUM,0.403,2026-07-17 00:00:00,2026-07-17 12:00:00,"Riesgo MEDIUM para PAT-0529: evidencia sostenida durante 4 ventana(s) (12h). Variable con mayor aporte: HR (contribución=0.15, concordancia=0.00 con 0/7 variables disponibles). risk_score=0.417, confidence_score=0.403.",risa-vigia-0.1.0
SIG-PAT-0529-7a257d8182,PAT-0529,2026-07-18 12:00:00,0.3736,MEDIUM,0.4242,2026-07-17 18:00:00,2026-07-18 12:00:00,"Riesgo MEDIUM para PAT-0529: evidencia sostenida durante 6 ventana(s) (18h). Variable con mayor aporte: DBP (contribución=0.29, concordancia=0.14 con 1/7 variables disponibles). risk_score=0.374, confidence_score=0.424.",risa-vigia-0.1.0
SIG-PAT-0529-64350713ce,PAT-0529,2026-07-21 21:00:00,0.5644,HIGH,0.4131,2026-07-21 00:00:00,2026-07-21 21:00:00,"Riesgo HIGH para PAT-0529: evidencia sostenida durante 7 ventana(s) (21h). Variable con mayor aporte: SBP (contribución=0.27, concordancia=0.14 con 1/7 variables disponibles). risk_score=0.564, confidence_score=0.413.",risa-vigia-0.1.0
SIG-PAT-0530-e4093467b1,PAT-0530,2026-07-19 12:00:00,0.6624,HIGH,0.4242,2026-07-19 00:00:00,2026-07-19 12:00:00,"Riesgo HIGH para PAT-0530: evidencia sostenida durante 4 ventana(s) (12h). Variable con mayor aporte: HR (contribución=0.54, concordancia=0.14 con 1/7 variables disponibles). risk_score=0.662, confidence_score=0.424.",risa-vigia-0.1.0
SIG-PAT-0530-488109161c,PAT-0530,2026-07-20 18:00:00,0.5792,HIGH,0.7273,2026-07-20 00:00:00,2026-07-20 18:00:00,"Riesgo HIGH para PAT-0530: evidencia sostenida durante 6 ventana(s) (18h). Variable con mayor aporte: HR (contribución=0.42, concordancia=0.12 con 1/8 variables disponibles). risk_score=0.579, confidence_score=0.727.",risa-vigia-0.1.0
SIG-PAT-0530-6291a063d6,PAT-0530,2026-07-21 18:00:00,0.4407,MEDIUM,0.4242,2026-07-21 00:00:00,2026-07-21 18:00:00,"Riesgo MEDIUM para PAT-0530: evidencia sostenida durante 6 ventana(s) (18h). Variable con mayor aporte: HR (contribución=0.34, concordancia=0.14 con 1/7 variables disponibles). risk_score=0.441, confidence_score=0.424.",risa-vigia-0.1.0
SIG-PAT-0530-ddabfafdcb,PAT-0530,2026-07-23 00:00:00,0.5324,MEDIUM,0.7273,2026-07-21 21:00:00,2026-07-23 00:00:00,"Riesgo MEDIUM para PAT-0530: evidencia sostenida durante 9 ventana(s) (27h). Variable con mayor aporte: SpO2 (contribución=0.23, concordancia=0.00 con 0/8 variables disponibles). risk_score=0.532, confidence_score=0.727.",risa-vigia-0.1.0
SIG-PAT-0530-acc143846c,PAT-0530,2026-07-25 12:00:00,0.3419,MEDIUM,0.4242,2026-07-25 00:00:00,2026-07-25 12:00:00,"Riesgo MEDIUM para PAT-0530: evidencia sostenida durante 4 ventana(s) (12h). Variable con mayor aporte: HR (contribución=0.18, concordancia=0.00 con 0/7 variables disponibles). risk_score=0.342, confidence_score=0.424.",risa-vigia-0.1.0
SIG-PAT-0530-11846a16f6,PAT-0530,2026-07-26 12:00:00,0.3621,MEDIUM,0.4242,2026-07-26 00:00:00,2026-07-26 12:00:00,"Riesgo MEDIUM para PAT-0530: evidencia sostenida durante 4 ventana(s) (12h). Variable con mayor aporte: HR (contribución=0.14, concordancia=0.00 con 0/7 variables disponibles). risk_score=0.362, confidence_score=0.424.",risa-vigia-0.1.0
SIG-PAT-0531-8ab80cd2d2,PAT-0531,2026-07-26 12:00:00,0.7895,HIGH,0.4242,2026-07-25 09:00:00,2026-07-26 12:00:00,"Riesgo HIGH para PAT-0531: evidencia sostenida durante 9 ventana(s) (27h). Variable con mayor aporte: HR (contribución=0.70, concordancia=0.14 con 1/7 variables disponibles). risk_score=0.789, confidence_score=0.424.",risa-vigia-0.1.0
SIG-PAT-0532-0d0fdd54a4,PAT-0532,2026-07-17 12:00:00,0.6634,HIGH,0.4242,2026-07-15 12:00:00,2026-07-17 12:00:00,"Riesgo HIGH para PAT-0532: evidencia sostenida durante 16 ventana(s) (48h). Variable con mayor aporte: SBP (contribución=0.42, concordancia=0.14 con 1/7 variables disponibles). risk_score=0.663, confidence_score=0.424.",risa-vigia-0.1.0
SIG-PAT-0532-b17478e00c,PAT-0532,2026-07-18 12:00:00,0.5432,MEDIUM,0.7273,2026-07-17 18:00:00,2026-07-18 12:00:00,"Riesgo MEDIUM para PAT-0532: evidencia sostenida durante 6 ventana(s) (18h). Variable con mayor aporte: SBP (contribución=0.27, concordancia=0.12 con 1/8 variables disponibles). risk_score=0.543, confidence_score=0.727.",risa-vigia-0.1.0
SIG-PAT-0533-b6c0561419,PAT-0533,2026-07-20 09:00:00,0.3097,MEDIUM,0.4242,2026-07-19 21:00:00,2026-07-20 09:00:00,"Riesgo MEDIUM para PAT-0533: evidencia sostenida durante 4 ventana(s) (12h). Variable con mayor aporte: HR (contribución=0.13, concordancia=0.00 con 0/7 variables disponibles). risk_score=0.310, confidence_score=0.424.",risa-vigia-0.1.0
SIG-PAT-0533-8746e1e355,PAT-0533,2026-07-21 06:00:00,0.9304,CRITICAL,0.4242,2026-07-20 18:00:00,2026-07-21 06:00:00,"Riesgo CRITICAL para PAT-0533: evidencia sostenida durante 4 ventana(s) (12h). Variable con mayor aporte: TEMP (contribución=0.80, concordancia=0.29 con 2/7 variables disponibles). risk_score=0.930, confidence_score=0.424.",risa-vigia-0.1.0
SIG-PAT-0533-a501d40826,PAT-0533,2026-07-23 15:00:00,0.6351,HIGH,0.4242,2026-07-22 21:00:00,2026-07-23 15:00:00,"Riesgo HIGH para PAT-0533: evidencia sostenida durante 6 ventana(s) (18h). Variable con mayor aporte: SBP (contribución=0.45, concordancia=0.14 con 1/7 variables disponibles). risk_score=0.635, confidence_score=0.424.",risa-vigia-0.1.0
SIG-PAT-0533-351b6fde4c,PAT-0533,2026-07-27 00:00:00,0.5809,HIGH,0.8182,2026-07-26 03:00:00,2026-07-27 00:00:00,"Riesgo HIGH para PAT-0533: evidencia sostenida durante 7 ventana(s) (21h). Variable con mayor aporte: LAB_A (contribución=0.42, concordancia=0.11 con 1/9 variables disponibles). risk_score=0.581, confidence_score=0.818.",risa-vigia-0.1.0
SIG-PAT-0534-cae22f853c,PAT-0534,2026-07-20 12:00:00,0.6599,HIGH,0.4242,2026-07-19 18:00:00,2026-07-20 12:00:00,"Riesgo HIGH para PAT-0534: evidencia sostenida durante 6 ventana(s) (18h). Variable con mayor aporte: TEMP (contribución=0.37, concordancia=0.29 con 2/7 variables disponibles). risk_score=0.660, confidence_score=0.424.",risa-vigia-0.1.0
SIG-PAT-0534-49176749f8,PAT-0534,2026-07-22 18:00:00,0.8895,CRITICAL,0.4131,2026-07-21 00:00:00,2026-07-22 18:00:00,"Riesgo CRITICAL para PAT-0534: evidencia sostenida durante 14 ventana(s) (42h). Variable con mayor aporte: DBP (contribución=0.68, concordancia=0.29 con 2/7 variables disponibles). risk_score=0.890, confidence_score=0.413.",risa-vigia-0.1.0
SIG-PAT-0534-137c92e17e,PAT-0534,2026-07-23 15:00:00,0.5574,HIGH,0.4242,2026-07-22 21:00:00,2026-07-23 15:00:00,"Riesgo HIGH para PAT-0534: evidencia sostenida durante 6 ventana(s) (18h). Variable con mayor aporte: DBP (contribución=0.47, concordancia=0.14 con 1/7 variables disponibles). risk_score=0.557, confidence_score=0.424.",risa-vigia-0.1.0
SIG-PAT-0535-a9a91ca60d,PAT-0535,2026-07-22 12:00:00,0.4248,MEDIUM,0.4242,2026-07-22 00:00:00,2026-07-22 12:00:00,"Riesgo MEDIUM para PAT-0535: evidencia sostenida durante 4 ventana(s) (12h). Variable con mayor aporte: HR (contribución=0.25, concordancia=0.00 con 0/7 variables disponibles). risk_score=0.425, confidence_score=0.424.",risa-vigia-0.1.0
SIG-PAT-0535-1ca71eedda,PAT-0535,2026-07-23 15:00:00,0.4409,MEDIUM,0.7273,2026-07-23 00:00:00,2026-07-23 15:00:00,"Riesgo MEDIUM para PAT-0535: evidencia sostenida durante 5 ventana(s) (15h). Variable con mayor aporte: RR (contribución=0.20, concordancia=0.00 con 0/8 variables disponibles). risk_score=0.441, confidence_score=0.727.",risa-vigia-0.1.0
SIG-PAT-0535-9fa44d9519,PAT-0535,2026-07-25 03:00:00,0.543,MEDIUM,0.4242,2026-07-24 00:00:00,2026-07-25 03:00:00,"Riesgo MEDIUM para PAT-0535: evidencia sostenida durante 9 ventana(s) (27h). Variable con mayor aporte: DBP (contribución=0.22, concordancia=0.00 con 0/7 variables disponibles). risk_score=0.543, confidence_score=0.424.",risa-vigia-0.1.0
SIG-PAT-0536-f1f1fd8c98,PAT-0536,2026-07-21 15:00:00,0.77,HIGH,0.8182,2026-07-19 06:00:00,2026-07-21 15:00:00,"Riesgo HIGH para PAT-0536: evidencia sostenida durante 19 ventana(s) (57h). Variable con mayor aporte: DBP (contribución=0.52, concordancia=0.11 con 1/9 variables disponibles). risk_score=0.770, confidence_score=0.818.",risa-vigia-0.1.0
SIG-PAT-0536-61412c2dc5,PAT-0536,2026-07-22 15:00:00,0.7076,HIGH,0.4242,2026-07-22 00:00:00,2026-07-22 15:00:00,"Riesgo HIGH para PAT-0536: evidencia sostenida durante 5 ventana(s) (15h). Variable con mayor aporte: DBP (contribución=0.55, concordancia=0.14 con 1/7 variables disponibles). risk_score=0.708, confidence_score=0.424.",risa-vigia-0.1.0
SIG-PAT-0537-fda6c76d74,PAT-0537,2026-07-20 15:00:00,0.5267,MEDIUM,0.4242,2026-07-19 21:00:00,2026-07-20 15:00:00,"Riesgo MEDIUM para PAT-0537: evidencia sostenida durante 6 ventana(s) (18h). Variable con mayor aporte: TEMP (contribución=0.29, concordancia=0.14 con 1/7 variables disponibles). risk_score=0.527, confidence_score=0.424.",risa-vigia-0.1.0
SIG-PAT-0537-5b31f612ba,PAT-0537,2026-07-21 18:00:00,0.5632,HIGH,0.4242,2026-07-21 00:00:00,2026-07-21 18:00:00,"Riesgo HIGH para PAT-0537: evidencia sostenida durante 6 ventana(s) (18h). Variable con mayor aporte: RR (contribución=0.24, concordancia=0.14 con 1/7 variables disponibles). risk_score=0.563, confidence_score=0.424.",risa-vigia-0.1.0
SIG-PAT-0538-7653ff7044,PAT-0538,2026-07-24 12:00:00,0.7298,HIGH,0.4242,2026-07-23 06:00:00,2026-07-24 12:00:00,"Riesgo HIGH para PAT-0538: evidencia sostenida durante 10 ventana(s) (30h). Variable con mayor aporte: HR (contribución=0.63, concordancia=0.14 con 1/7 variables disponibles). risk_score=0.730, confidence_score=0.424.",risa-vigia-0.1.0
SIG-PAT-0538-2ffcb4745d,PAT-0538,2026-07-25 15:00:00,0.5039,MEDIUM,0.9091,2026-07-25 00:00:00,2026-07-25 15:00:00,"Riesgo MEDIUM para PAT-0538: evidencia sostenida durante 5 ventana(s) (15h). Variable con mayor aporte: HR (contribución=0.30, concordancia=0.10 con 1/10 variables disponibles). risk_score=0.504, confidence_score=0.909.",risa-vigia-0.1.0
SIG-PAT-0538-731cacf593,PAT-0538,2026-07-27 18:00:00,0.5532,HIGH,0.4242,2026-07-27 00:00:00,2026-07-27 18:00:00,"Riesgo HIGH para PAT-0538: evidencia sostenida durante 6 ventana(s) (18h). Variable con mayor aporte: DBP (contribución=0.28, concordancia=0.14 con 1/7 variables disponibles). risk_score=0.553, confidence_score=0.424.",risa-vigia-0.1.0
SIG-PAT-0539-95c9c998f7,PAT-0539,2026-07-20 12:00:00,0.7628,HIGH,0.4131,2026-07-18 18:00:00,2026-07-20 12:00:00,"Riesgo HIGH para PAT-0539: evidencia sostenida durante 14 ventana(s) (42h). Variable con mayor aporte: DBP (contribución=0.46, concordancia=0.29 con 2/7 variables disponibles). risk_score=0.763, confidence_score=0.413.",risa-vigia-0.1.0
SIG-PAT-0539-4822d6a636,PAT-0539,2026-07-25 09:00:00,0.4675,MEDIUM,0.4242,2026-07-24 18:00:00,2026-07-25 09:00:00,"Riesgo MEDIUM para PAT-0539: evidencia sostenida durante 5 ventana(s) (15h). Variable con mayor aporte: SBP (contribución=0.28, concordancia=0.14 con 1/7 variables disponibles). risk_score=0.467, confidence_score=0.424.",risa-vigia-0.1.0
SIG-PAT-0540-f0fbf4046d,PAT-0540,2026-07-11 12:00:00,0.3926,MEDIUM,0.4131,2026-07-11 00:00:00,2026-07-11 12:00:00,"Riesgo MEDIUM para PAT-0540: evidencia sostenida durante 4 ventana(s) (12h). Variable con mayor aporte: HR (contribución=0.21, concordancia=0.00 con 0/7 variables disponibles). risk_score=0.393, confidence_score=0.413.",risa-vigia-0.1.0
SIG-PAT-0541-de953bfaa3,PAT-0541,2026-07-19 12:00:00,0.6953,HIGH,0.4242,2026-07-19 00:00:00,2026-07-19 12:00:00,"Riesgo HIGH para PAT-0541: evidencia sostenida durante 4 ventana(s) (12h). Variable con mayor aporte: HR (contribución=0.53, concordancia=0.29 con 2/7 variables disponibles). risk_score=0.695, confidence_score=0.424.",risa-vigia-0.1.0
SIG-PAT-0541-498d5ba2e5,PAT-0541,2026-07-21 12:00:00,0.5246,MEDIUM,0.4242,2026-07-21 00:00:00,2026-07-21 12:00:00,"Riesgo MEDIUM para PAT-0541: evidencia sostenida durante 4 ventana(s) (12h). Variable con mayor aporte: SBP (contribución=0.29, concordancia=0.14 con 1/7 variables disponibles). risk_score=0.525, confidence_score=0.424.",risa-vigia-0.1.0
SIG-PAT-0541-ada4ff4dc8,PAT-0541,2026-07-22 15:00:00,0.6177,HIGH,0.4242,2026-07-22 00:00:00,2026-07-22 15:00:00,"Riesgo HIGH para PAT-0541: evidencia sostenida durante 5 ventana(s) (15h). Variable con mayor aporte: SBP (contribución=0.46, concordancia=0.14 con 1/7 variables disponibles). risk_score=0.618, confidence_score=0.424.",risa-vigia-0.1.0
SIG-PAT-0541-76fce861f8,PAT-0541,2026-07-25 12:00:00,0.3948,MEDIUM,0.4242,2026-07-24 18:00:00,2026-07-25 12:00:00,"Riesgo MEDIUM para PAT-0541: evidencia sostenida durante 6 ventana(s) (18h). Variable con mayor aporte: SBP (contribución=0.28, concordancia=0.14 con 1/7 variables disponibles). risk_score=0.395, confidence_score=0.424.",risa-vigia-0.1.0
SIG-PAT-0541-1303c0cc1c,PAT-0541,2026-07-26 15:00:00,0.5645,HIGH,0.4242,2026-07-26 00:00:00,2026-07-26 15:00:00,"Riesgo HIGH para PAT-0541: evidencia sostenida durante 5 ventana(s) (15h). Variable con mayor aporte: SBP (contribución=0.37, concordancia=0.14 con 1/7 variables disponibles). risk_score=0.565, confidence_score=0.424.",risa-vigia-0.1.0
SIG-PAT-0542-9427e08316,PAT-0542,2026-07-03 18:00:00,0.5494,MEDIUM,0.4134,2026-07-03 00:00:00,2026-07-03 18:00:00,"Riesgo MEDIUM para PAT-0542: evidencia sostenida durante 6 ventana(s) (18h). Variable con mayor aporte: HR (contribución=0.42, concordancia=0.14 con 1/7 variables disponibles). risk_score=0.549, confidence_score=0.413.",risa-vigia-0.1.0
SIG-PAT-0542-5aefb3c86a,PAT-0542,2026-07-04 12:00:00,0.6134,HIGH,0.4242,2026-07-04 00:00:00,2026-07-04 12:00:00,"Riesgo HIGH para PAT-0542: evidencia sostenida durante 4 ventana(s) (12h). Variable con mayor aporte: SBP (contribución=0.29, concordancia=0.14 con 1/7 variables disponibles). risk_score=0.613, confidence_score=0.424.",risa-vigia-0.1.0
SIG-PAT-0542-9473311b8f,PAT-0542,2026-07-05 12:00:00,0.4786,MEDIUM,0.4242,2026-07-05 00:00:00,2026-07-05 12:00:00,"Riesgo MEDIUM para PAT-0542: evidencia sostenida durante 4 ventana(s) (12h). Variable con mayor aporte: HR (contribución=0.27, concordancia=0.14 con 1/7 variables disponibles). risk_score=0.479, confidence_score=0.424.",risa-vigia-0.1.0
SIG-PAT-0542-fda33c8674,PAT-0542,2026-07-06 18:00:00,0.5109,MEDIUM,0.4242,2026-07-06 00:00:00,2026-07-06 18:00:00,"Riesgo MEDIUM para PAT-0542: evidencia sostenida durante 6 ventana(s) (18h). Variable con mayor aporte: HR (contribución=0.26, concordancia=0.14 con 1/7 variables disponibles). risk_score=0.511, confidence_score=0.424.",risa-vigia-0.1.0
SIG-PAT-0542-af347b2281,PAT-0542,2026-07-07 18:00:00,0.3686,MEDIUM,0.4242,2026-07-07 00:00:00,2026-07-07 18:00:00,"Riesgo MEDIUM para PAT-0542: evidencia sostenida durante 6 ventana(s) (18h). Variable con mayor aporte: HR (contribución=0.17, concordancia=0.00 con 0/7 variables disponibles). risk_score=0.369, confidence_score=0.424.",risa-vigia-0.1.0
SIG-PAT-0542-5a92710ca4,PAT-0542,2026-07-08 12:00:00,0.476,MEDIUM,0.4242,2026-07-07 21:00:00,2026-07-08 12:00:00,"Riesgo MEDIUM para PAT-0542: evidencia sostenida durante 5 ventana(s) (15h). Variable con mayor aporte: DBP (contribución=0.29, concordancia=0.14 con 1/7 variables disponibles). risk_score=0.476, confidence_score=0.424.",risa-vigia-0.1.0
SIG-PAT-0542-57d5f3f146,PAT-0542,2026-07-09 09:00:00,0.5841,HIGH,0.4242,2026-07-09 00:00:00,2026-07-09 09:00:00,"Riesgo HIGH para PAT-0542: evidencia sostenida durante 3 ventana(s) (9h). Variable con mayor aporte: SBP (contribución=0.33, concordancia=0.14 con 1/7 variables disponibles). risk_score=0.584, confidence_score=0.424.",risa-vigia-0.1.0
SIG-PAT-0543-fa09a409af,PAT-0543,2026-07-19 18:00:00,0.6539,HIGH,0.4242,2026-07-17 06:00:00,2026-07-19 18:00:00,"Riesgo HIGH para PAT-0543: evidencia sostenida durante 20 ventana(s) (60h). Variable con mayor aporte: SBP (contribución=0.48, concordancia=0.14 con 1/7 variables disponibles). risk_score=0.654, confidence_score=0.424.",risa-vigia-0.1.0
SIG-PAT-0544-d64ef0d078,PAT-0544,2026-07-03 12:00:00,0.4645,MEDIUM,0.4242,2026-07-03 00:00:00,2026-07-03 12:00:00,"Riesgo MEDIUM para PAT-0544: evidencia sostenida durante 4 ventana(s) (12h). Variable con mayor aporte: HR (contribución=0.28, concordancia=0.14 con 1/7 variables disponibles). risk_score=0.465, confidence_score=0.424.",risa-vigia-0.1.0
SIG-PAT-0544-6089aaaa11,PAT-0544,2026-07-04 12:00:00,0.3305,MEDIUM,0.8182,2026-07-04 00:00:00,2026-07-04 12:00:00,"Riesgo MEDIUM para PAT-0544: evidencia sostenida durante 4 ventana(s) (12h). Variable con mayor aporte: RR (contribución=0.16, concordancia=0.00 con 0/9 variables disponibles). risk_score=0.330, confidence_score=0.818.",risa-vigia-0.1.0
SIG-PAT-0544-a597c99207,PAT-0544,2026-07-06 12:00:00,0.4134,MEDIUM,0.4242,2026-07-06 00:00:00,2026-07-06 12:00:00,"Riesgo MEDIUM para PAT-0544: evidencia sostenida durante 4 ventana(s) (12h). Variable con mayor aporte: RR (contribución=0.18, concordancia=0.00 con 0/7 variables disponibles). risk_score=0.413, confidence_score=0.424.",risa-vigia-0.1.0
SIG-PAT-0545-e70b6eb7e3,PAT-0545,2026-07-27 12:00:00,0.4055,MEDIUM,0.4242,2026-07-27 00:00:00,2026-07-27 12:00:00,"Riesgo MEDIUM para PAT-0545: evidencia sostenida durante 4 ventana(s) (12h). Variable con mayor aporte: HR (contribución=0.26, concordancia=0.14 con 1/7 variables disponibles). risk_score=0.405, confidence_score=0.424.",risa-vigia-0.1.0
SIG-PAT-0545-70301b9caf,PAT-0545,2026-07-29 12:00:00,0.6324,HIGH,0.4242,2026-07-28 15:00:00,2026-07-29 12:00:00,"Riesgo HIGH para PAT-0545: evidencia sostenida durante 7 ventana(s) (21h). Variable con mayor aporte: DBP (contribución=0.52, concordancia=0.14 con 1/7 variables disponibles). risk_score=0.632, confidence_score=0.424.",risa-vigia-0.1.0
SIG-PAT-0546-d373327f3a,PAT-0546,2026-07-18 12:00:00,0.7561,HIGH,0.4242,2026-07-18 00:00:00,2026-07-18 12:00:00,"Riesgo HIGH para PAT-0546: evidencia sostenida durante 4 ventana(s) (12h). Variable con mayor aporte: HR (contribución=0.70, concordancia=0.14 con 1/7 variables disponibles). risk_score=0.756, confidence_score=0.424.",risa-vigia-0.1.0
SIG-PAT-0546-e3866071d4,PAT-0546,2026-07-19 15:00:00,0.7274,HIGH,0.8182,2026-07-18 18:00:00,2026-07-19 15:00:00,"Riesgo HIGH para PAT-0546: evidencia sostenida durante 7 ventana(s) (21h). Variable con mayor aporte: LAB_C (contribución=0.41, concordancia=0.22 con 2/9 variables disponibles). risk_score=0.727, confidence_score=0.818.",risa-vigia-0.1.0
SIG-PAT-0546-5f9939ffba,PAT-0546,2026-07-20 18:00:00,0.3967,MEDIUM,0.4242,2026-07-19 21:00:00,2026-07-20 18:00:00,"Riesgo MEDIUM para PAT-0546: evidencia sostenida durante 7 ventana(s) (21h). Variable con mayor aporte: HR (contribución=0.17, concordancia=0.00 con 0/7 variables disponibles). risk_score=0.397, confidence_score=0.424.",risa-vigia-0.1.0
SIG-PAT-0546-dd1ddf209e,PAT-0546,2026-07-21 09:00:00,0.5545,HIGH,0.4242,2026-07-21 00:00:00,2026-07-21 09:00:00,"Riesgo HIGH para PAT-0546: evidencia sostenida durante 3 ventana(s) (9h). Variable con mayor aporte: SpO2 (contribución=0.43, concordancia=0.14 con 1/7 variables disponibles). risk_score=0.554, confidence_score=0.424.",risa-vigia-0.1.0
SIG-PAT-0547-5a373d6564,PAT-0547,2026-07-22 18:00:00,0.5056,MEDIUM,0.4242,2026-07-22 06:00:00,2026-07-22 18:00:00,"Riesgo MEDIUM para PAT-0547: evidencia sostenida durante 4 ventana(s) (12h). Variable con mayor aporte: DBP (contribución=0.43, concordancia=0.14 con 1/7 variables disponibles). risk_score=0.506, confidence_score=0.424.",risa-vigia-0.1.0
SIG-PAT-0548-a603d2c236,PAT-0548,2026-07-09 12:00:00,0.5864,HIGH,0.4242,2026-07-07 06:00:00,2026-07-09 12:00:00,"Riesgo HIGH para PAT-0548: evidencia sostenida durante 18 ventana(s) (54h). Variable con mayor aporte: DBP (contribución=0.42, concordancia=0.14 con 1/7 variables disponibles). risk_score=0.586, confidence_score=0.424.",risa-vigia-0.1.0
SIG-PAT-0548-e9c26937c5,PAT-0548,2026-07-10 15:00:00,0.5468,MEDIUM,0.4242,2026-07-10 00:00:00,2026-07-10 15:00:00,"Riesgo MEDIUM para PAT-0548: evidencia sostenida durante 5 ventana(s) (15h). Variable con mayor aporte: DBP (contribución=0.37, concordancia=0.14 con 1/7 variables disponibles). risk_score=0.547, confidence_score=0.424.",risa-vigia-0.1.0
SIG-PAT-0548-a67e684055,PAT-0548,2026-07-12 12:00:00,0.6944,HIGH,0.4242,2026-07-12 00:00:00,2026-07-12 12:00:00,"Riesgo HIGH para PAT-0548: evidencia sostenida durante 4 ventana(s) (12h). Variable con mayor aporte: SBP (contribución=0.39, concordancia=0.29 con 2/7 variables disponibles). risk_score=0.694, confidence_score=0.424.",risa-vigia-0.1.0
SIG-PAT-0548-b867da1567,PAT-0548,2026-07-15 09:00:00,0.3481,MEDIUM,0.4242,2026-07-15 00:00:00,2026-07-15 09:00:00,"Riesgo MEDIUM para PAT-0548: evidencia sostenida durante 3 ventana(s) (9h). Variable con mayor aporte: DBP (contribución=0.12, concordancia=0.00 con 0/7 variables disponibles). risk_score=0.348, confidence_score=0.424.",risa-vigia-0.1.0
SIG-PAT-0549-97427c05c3,PAT-0549,2026-07-19 12:00:00,0.5969,HIGH,0.4131,2026-07-19 00:00:00,2026-07-19 12:00:00,"Riesgo HIGH para PAT-0549: evidencia sostenida durante 4 ventana(s) (12h). Variable con mayor aporte: HR (contribución=0.47, concordancia=0.14 con 1/7 variables disponibles). risk_score=0.597, confidence_score=0.413.",risa-vigia-0.1.0
SIG-PAT-0549-9dea8a4505,PAT-0549,2026-07-21 00:00:00,0.6215,HIGH,0.4242,2026-07-20 00:00:00,2026-07-21 00:00:00,"Riesgo HIGH para PAT-0549: evidencia sostenida durante 8 ventana(s) (24h). Variable con mayor aporte: HR (contribución=0.41, concordancia=0.14 con 1/7 variables disponibles). risk_score=0.621, confidence_score=0.424.",risa-vigia-0.1.0
SIG-PAT-0549-85dc9d253c,PAT-0549,2026-07-21 12:00:00,0.4593,MEDIUM,0.4242,2026-07-21 00:00:00,2026-07-21 12:00:00,"Riesgo MEDIUM para PAT-0549: evidencia sostenida durante 4 ventana(s) (12h). Variable con mayor aporte: HR (contribución=0.31, concordancia=0.14 con 1/7 variables disponibles). risk_score=0.459, confidence_score=0.424.",risa-vigia-0.1.0
SIG-PAT-0549-69ec57483d,PAT-0549,2026-07-22 15:00:00,0.5138,MEDIUM,0.4242,2026-07-22 00:00:00,2026-07-22 15:00:00,"Riesgo MEDIUM para PAT-0549: evidencia sostenida durante 5 ventana(s) (15h). Variable con mayor aporte: SBP (contribución=0.28, concordancia=0.14 con 1/7 variables disponibles). risk_score=0.514, confidence_score=0.424.",risa-vigia-0.1.0
SIG-PAT-0549-652f15c79a,PAT-0549,2026-07-23 12:00:00,0.4281,MEDIUM,0.4242,2026-07-23 00:00:00,2026-07-23 12:00:00,"Riesgo MEDIUM para PAT-0549: evidencia sostenida durante 4 ventana(s) (12h). Variable con mayor aporte: HR (contribución=0.27, concordancia=0.14 con 1/7 variables disponibles). risk_score=0.428, confidence_score=0.424.",risa-vigia-0.1.0
SIG-PAT-0549-ec7b09b875,PAT-0549,2026-07-24 12:00:00,0.5668,HIGH,0.4242,2026-07-24 00:00:00,2026-07-24 12:00:00,"Riesgo HIGH para PAT-0549: evidencia sostenida durante 4 ventana(s) (12h). Variable con mayor aporte: HR (contribución=0.30, concordancia=0.14 con 1/7 variables disponibles). risk_score=0.567, confidence_score=0.424.",risa-vigia-0.1.0
SIG-PAT-0550-ea8b7f17ae,PAT-0550,2026-07-24 18:00:00,0.5211,MEDIUM,0.4242,2026-07-23 12:00:00,2026-07-24 18:00:00,"Riesgo MEDIUM para PAT-0550: evidencia sostenida durante 10 ventana(s) (30h). Variable con mayor aporte: SBP (contribución=0.31, concordancia=0.14 con 1/7 variables disponibles). risk_score=0.521, confidence_score=0.424.",risa-vigia-0.1.0
SIG-PAT-0550-3a1ca7dab3,PAT-0550,2026-07-27 12:00:00,0.4997,MEDIUM,0.4242,2026-07-27 00:00:00,2026-07-27 12:00:00,"Riesgo MEDIUM para PAT-0550: evidencia sostenida durante 4 ventana(s) (12h). Variable con mayor aporte: HR (contribución=0.28, concordancia=0.14 con 1/7 variables disponibles). risk_score=0.500, confidence_score=0.424.",risa-vigia-0.1.0
SIG-PAT-0552-656fe76027,PAT-0552,2026-07-05 15:00:00,0.7455,HIGH,0.4242,2026-07-04 12:00:00,2026-07-05 15:00:00,"Riesgo HIGH para PAT-0552: evidencia sostenida durante 9 ventana(s) (27h). Variable con mayor aporte: HR (contribución=0.63, concordancia=0.14 con 1/7 variables disponibles). risk_score=0.745, confidence_score=0.424.",risa-vigia-0.1.0
SIG-PAT-0552-21f52aa8fb,PAT-0552,2026-07-08 12:00:00,0.4634,MEDIUM,0.7273,2026-07-07 21:00:00,2026-07-08 12:00:00,"Riesgo MEDIUM para PAT-0552: evidencia sostenida durante 5 ventana(s) (15h). Variable con mayor aporte: SBP (contribución=0.33, concordancia=0.12 con 1/8 variables disponibles). risk_score=0.463, confidence_score=0.727.",risa-vigia-0.1.0
SIG-PAT-0552-840a64d35e,PAT-0552,2026-07-09 12:00:00,0.4131,MEDIUM,0.3636,2026-07-08 21:00:00,2026-07-09 12:00:00,"Riesgo MEDIUM para PAT-0552: evidencia sostenida durante 5 ventana(s) (15h). Variable con mayor aporte: HR (contribución=0.27, concordancia=0.17 con 1/6 variables disponibles). risk_score=0.413, confidence_score=0.364.",risa-vigia-0.1.0
SIG-PAT-0553-682f81b799,PAT-0553,2026-07-20 12:00:00,0.4102,MEDIUM,0.4242,2026-07-20 00:00:00,2026-07-20 12:00:00,"Riesgo MEDIUM para PAT-0553: evidencia sostenida durante 4 ventana(s) (12h). Variable con mayor aporte: RR (contribución=0.24, concordancia=0.00 con 0/7 variables disponibles). risk_score=0.410, confidence_score=0.424.",risa-vigia-0.1.0
SIG-PAT-0553-e5d7c3d46d,PAT-0553,2026-07-25 12:00:00,0.3263,MEDIUM,0.7273,2026-07-25 00:00:00,2026-07-25 12:00:00,"Riesgo MEDIUM para PAT-0553: evidencia sostenida durante 4 ventana(s) (12h). Variable con mayor aporte: HR (contribución=0.14, concordancia=0.00 con 0/8 variables disponibles). risk_score=0.326, confidence_score=0.727.",risa-vigia-0.1.0
SIG-PAT-0554-1518beffe4,PAT-0554,2026-07-05 12:00:00,0.7312,HIGH,0.4242,2026-07-04 15:00:00,2026-07-05 12:00:00,"Riesgo HIGH para PAT-0554: evidencia sostenida durante 7 ventana(s) (21h). Variable con mayor aporte: HR (contribución=0.57, concordancia=0.14 con 1/7 variables disponibles). risk_score=0.731, confidence_score=0.424.",risa-vigia-0.1.0
SIG-PAT-0554-00e1d10510,PAT-0554,2026-07-06 12:00:00,0.451,MEDIUM,0.4242,2026-07-06 00:00:00,2026-07-06 12:00:00,"Riesgo MEDIUM para PAT-0554: evidencia sostenida durante 4 ventana(s) (12h). Variable con mayor aporte: HR (contribución=0.30, concordancia=0.14 con 1/7 variables disponibles). risk_score=0.451, confidence_score=0.424.",risa-vigia-0.1.0
SIG-PAT-0554-75c7734825,PAT-0554,2026-07-07 09:00:00,0.5875,HIGH,0.4242,2026-07-07 00:00:00,2026-07-07 09:00:00,"Riesgo HIGH para PAT-0554: evidencia sostenida durante 3 ventana(s) (9h). Variable con mayor aporte: SBP (contribución=0.35, concordancia=0.14 con 1/7 variables disponibles). risk_score=0.588, confidence_score=0.424.",risa-vigia-0.1.0
SIG-PAT-0555-493d99eaa7,PAT-0555,2026-07-16 18:00:00,0.5154,MEDIUM,0.4242,2026-07-15 21:00:00,2026-07-16 18:00:00,"Riesgo MEDIUM para PAT-0555: evidencia sostenida durante 7 ventana(s) (21h). Variable con mayor aporte: HR (contribución=0.41, concordancia=0.14 con 1/7 variables disponibles). risk_score=0.515, confidence_score=0.424.",risa-vigia-0.1.0
SIG-PAT-0555-2dac8f7195,PAT-0555,2026-07-17 15:00:00,0.5975,HIGH,0.4242,2026-07-17 00:00:00,2026-07-17 15:00:00,"Riesgo HIGH para PAT-0555: evidencia sostenida durante 5 ventana(s) (15h). Variable con mayor aporte: DBP (contribución=0.50, concordancia=0.14 con 1/7 variables disponibles). risk_score=0.598, confidence_score=0.424.",risa-vigia-0.1.0
SIG-PAT-0555-7246b2a7c6,PAT-0555,2026-07-18 12:00:00,0.6657,HIGH,0.4242,2026-07-17 15:00:00,2026-07-18 12:00:00,"Riesgo HIGH para PAT-0555: evidencia sostenida durante 7 ventana(s) (21h). Variable con mayor aporte: SBP (contribución=0.54, concordancia=0.14 con 1/7 variables disponibles). risk_score=0.666, confidence_score=0.424.",risa-vigia-0.1.0
SIG-PAT-0556-291787b102,PAT-0556,2026-07-09 12:00:00,0.5933,HIGH,0.4242,2026-07-08 21:00:00,2026-07-09 12:00:00,"Riesgo HIGH para PAT-0556: evidencia sostenida durante 5 ventana(s) (15h). Variable con mayor aporte: HR (contribución=0.36, concordancia=0.29 con 2/7 variables disponibles). risk_score=0.593, confidence_score=0.424.",risa-vigia-0.1.0
SIG-PAT-0556-411c963793,PAT-0556,2026-07-10 15:00:00,0.3833,MEDIUM,0.4242,2026-07-09 21:00:00,2026-07-10 15:00:00,"Riesgo MEDIUM para PAT-0556: evidencia sostenida durante 6 ventana(s) (18h). Variable con mayor aporte: HR (contribución=0.21, concordancia=0.00 con 0/7 variables disponibles). risk_score=0.383, confidence_score=0.424.",risa-vigia-0.1.0
SIG-PAT-0556-b0f87a1cee,PAT-0556,2026-07-12 21:00:00,0.4796,MEDIUM,0.4242,2026-07-12 00:00:00,2026-07-12 21:00:00,"Riesgo MEDIUM para PAT-0556: evidencia sostenida durante 7 ventana(s) (21h). Variable con mayor aporte: HR (contribución=0.27, concordancia=0.14 con 1/7 variables disponibles). risk_score=0.480, confidence_score=0.424.",risa-vigia-0.1.0
SIG-PAT-0556-6aacae8b32,PAT-0556,2026-07-13 15:00:00,0.4895,MEDIUM,0.4242,2026-07-13 03:00:00,2026-07-13 15:00:00,"Riesgo MEDIUM para PAT-0556: evidencia sostenida durante 4 ventana(s) (12h). Variable con mayor aporte: DBP (contribución=0.21, concordancia=0.00 con 0/7 variables disponibles). risk_score=0.489, confidence_score=0.424.",risa-vigia-0.1.0
SIG-PAT-0556-c2ea4f3cd0,PAT-0556,2026-07-15 12:00:00,0.6684,HIGH,0.4242,2026-07-15 00:00:00,2026-07-15 12:00:00,"Riesgo HIGH para PAT-0556: evidencia sostenida durante 4 ventana(s) (12h). Variable con mayor aporte: DBP (contribución=0.52, concordancia=0.14 con 1/7 variables disponibles). risk_score=0.668, confidence_score=0.424.",risa-vigia-0.1.0
SIG-PAT-0556-c0868b48b6,PAT-0556,2026-07-16 09:00:00,0.4673,MEDIUM,0.4242,2026-07-16 00:00:00,2026-07-16 09:00:00,"Riesgo MEDIUM para PAT-0556: evidencia sostenida durante 3 ventana(s) (9h). Variable con mayor aporte: HR (contribución=0.28, concordancia=0.14 con 1/7 variables disponibles). risk_score=0.467, confidence_score=0.424.",risa-vigia-0.1.0
SIG-PAT-0557-0ef758c497,PAT-0557,2026-07-12 12:00:00,0.5483,MEDIUM,0.4242,2026-07-10 09:00:00,2026-07-12 12:00:00,"Riesgo MEDIUM para PAT-0557: evidencia sostenida durante 17 ventana(s) (51h). Variable con mayor aporte: DBP (contribución=0.39, concordancia=0.14 con 1/7 variables disponibles). risk_score=0.548, confidence_score=0.424.",risa-vigia-0.1.0
SIG-PAT-0557-a943b04594,PAT-0557,2026-07-14 09:00:00,0.4769,MEDIUM,0.4242,2026-07-14 00:00:00,2026-07-14 09:00:00,"Riesgo MEDIUM para PAT-0557: evidencia sostenida durante 3 ventana(s) (9h). Variable con mayor aporte: HR (contribución=0.24, concordancia=0.00 con 0/7 variables disponibles). risk_score=0.477, confidence_score=0.424.",risa-vigia-0.1.0
SIG-PAT-0558-a8f5a1cbd5,PAT-0558,2026-07-21 12:00:00,0.6436,HIGH,0.4242,2026-07-21 00:00:00,2026-07-21 12:00:00,"Riesgo HIGH para PAT-0558: evidencia sostenida durante 4 ventana(s) (12h). Variable con mayor aporte: HR (contribución=0.35, concordancia=0.29 con 2/7 variables disponibles). risk_score=0.644, confidence_score=0.424.",risa-vigia-0.1.0
SIG-PAT-0558-c55e871ab1,PAT-0558,2026-07-22 18:00:00,0.5637,HIGH,0.4242,2026-07-22 00:00:00,2026-07-22 18:00:00,"Riesgo HIGH para PAT-0558: evidencia sostenida durante 6 ventana(s) (18h). Variable con mayor aporte: HR (contribución=0.32, concordancia=0.14 con 1/7 variables disponibles). risk_score=0.564, confidence_score=0.424.",risa-vigia-0.1.0
SIG-PAT-0558-82b5b6f9b1,PAT-0558,2026-07-23 12:00:00,0.3537,MEDIUM,0.4134,2026-07-23 00:00:00,2026-07-23 12:00:00,"Riesgo MEDIUM para PAT-0558: evidencia sostenida durante 4 ventana(s) (12h). Variable con mayor aporte: HR (contribución=0.22, concordancia=0.00 con 0/7 variables disponibles). risk_score=0.354, confidence_score=0.413.",risa-vigia-0.1.0
SIG-PAT-0559-d865ff2743,PAT-0559,2026-07-07 12:00:00,0.6572,HIGH,0.4131,2026-07-06 00:00:00,2026-07-07 12:00:00,"Riesgo HIGH para PAT-0559: evidencia sostenida durante 12 ventana(s) (36h). Variable con mayor aporte: HR (contribución=0.38, concordancia=0.29 con 2/7 variables disponibles). risk_score=0.657, confidence_score=0.413.",risa-vigia-0.1.0
SIG-PAT-0559-b0e78d64f3,PAT-0559,2026-07-08 18:00:00,0.7655,HIGH,0.4242,2026-07-07 18:00:00,2026-07-08 18:00:00,"Riesgo HIGH para PAT-0559: evidencia sostenida durante 8 ventana(s) (24h). Variable con mayor aporte: DBP (contribución=0.58, concordancia=0.14 con 1/7 variables disponibles). risk_score=0.766, confidence_score=0.424.",risa-vigia-0.1.0
SIG-PAT-0559-7821143c15,PAT-0559,2026-07-09 15:00:00,0.3211,MEDIUM,0.3636,2026-07-09 00:00:00,2026-07-09 15:00:00,"Riesgo MEDIUM para PAT-0559: evidencia sostenida durante 5 ventana(s) (15h). Variable con mayor aporte: HR (contribución=0.19, concordancia=0.00 con 0/6 variables disponibles). risk_score=0.321, confidence_score=0.364.",risa-vigia-0.1.0
SIG-PAT-0559-914618a4db,PAT-0559,2026-07-11 12:00:00,0.6835,HIGH,0.4242,2026-07-11 00:00:00,2026-07-11 12:00:00,"Riesgo HIGH para PAT-0559: evidencia sostenida durante 4 ventana(s) (12h). Variable con mayor aporte: DBP (contribución=0.59, concordancia=0.14 con 1/7 variables disponibles). risk_score=0.684, confidence_score=0.424.",risa-vigia-0.1.0
SIG-PAT-0560-d3c9f1c605,PAT-0560,2026-07-28 15:00:00,0.6092,HIGH,0.4242,2026-07-27 18:00:00,2026-07-28 15:00:00,"Riesgo HIGH para PAT-0560: evidencia sostenida durante 7 ventana(s) (21h). Variable con mayor aporte: SBP (contribución=0.26, concordancia=0.14 con 1/7 variables disponibles). risk_score=0.609, confidence_score=0.424.",risa-vigia-0.1.0
SIG-PAT-0560-96f0fa0b5e,PAT-0560,2026-07-29 12:00:00,0.6322,HIGH,0.4242,2026-07-29 00:00:00,2026-07-29 12:00:00,"Riesgo HIGH para PAT-0560: evidencia sostenida durante 4 ventana(s) (12h). Variable con mayor aporte: SBP (contribución=0.43, concordancia=0.14 con 1/7 variables disponibles). risk_score=0.632, confidence_score=0.424.",risa-vigia-0.1.0
SIG-PAT-0561-185abbc2f1,PAT-0561,2026-07-06 12:00:00,0.5784,HIGH,0.4242,2026-07-04 06:00:00,2026-07-06 12:00:00,"Riesgo HIGH para PAT-0561: evidencia sostenida durante 18 ventana(s) (54h). Variable con mayor aporte: SBP (contribución=0.32, concordancia=0.14 con 1/7 variables disponibles). risk_score=0.578, confidence_score=0.424.",risa-vigia-0.1.0
SIG-PAT-0561-4f7455cf3e,PAT-0561,2026-07-08 12:00:00,0.4231,MEDIUM,0.4242,2026-07-08 00:00:00,2026-07-08 12:00:00,"Riesgo MEDIUM para PAT-0561: evidencia sostenida durante 4 ventana(s) (12h). Variable con mayor aporte: SBP (contribución=0.23, concordancia=0.00 con 0/7 variables disponibles). risk_score=0.423, confidence_score=0.424.",risa-vigia-0.1.0
SIG-PAT-0561-614072c1a0,PAT-0561,2026-07-11 09:00:00,0.4894,MEDIUM,0.4242,2026-07-11 03:00:00,2026-07-11 09:00:00,"Riesgo MEDIUM para PAT-0561: evidencia sostenida durante 2 ventana(s) (6h). Variable con mayor aporte: HR (contribución=0.31, concordancia=0.14 con 1/7 variables disponibles). risk_score=0.489, confidence_score=0.424.",risa-vigia-0.1.0
SIG-PAT-0562-30af809426,PAT-0562,2026-07-18 12:00:00,0.8449,CRITICAL,0.4242,2026-07-16 18:00:00,2026-07-18 12:00:00,"Riesgo CRITICAL para PAT-0562: evidencia sostenida durante 14 ventana(s) (42h). Variable con mayor aporte: SBP (contribución=0.57, concordancia=0.29 con 2/7 variables disponibles). risk_score=0.845, confidence_score=0.424.",risa-vigia-0.1.0
SIG-PAT-0562-d9eee2e7c8,PAT-0562,2026-07-19 15:00:00,0.5139,MEDIUM,0.4242,2026-07-19 00:00:00,2026-07-19 15:00:00,"Riesgo MEDIUM para PAT-0562: evidencia sostenida durante 5 ventana(s) (15h). Variable con mayor aporte: HR (contribución=0.29, concordancia=0.14 con 1/7 variables disponibles). risk_score=0.514, confidence_score=0.424.",risa-vigia-0.1.0
SIG-PAT-0562-ff195947db,PAT-0562,2026-07-20 12:00:00,0.5161,MEDIUM,0.4242,2026-07-20 00:00:00,2026-07-20 12:00:00,"Riesgo MEDIUM para PAT-0562: evidencia sostenida durante 4 ventana(s) (12h). Variable con mayor aporte: HR (contribución=0.40, concordancia=0.14 con 1/7 variables disponibles). risk_score=0.516, confidence_score=0.424.",risa-vigia-0.1.0
SIG-PAT-0562-8bf996d749,PAT-0562,2026-07-21 12:00:00,0.4154,MEDIUM,0.4242,2026-07-21 00:00:00,2026-07-21 12:00:00,"Riesgo MEDIUM para PAT-0562: evidencia sostenida durante 4 ventana(s) (12h). Variable con mayor aporte: HR (contribución=0.26, concordancia=0.14 con 1/7 variables disponibles). risk_score=0.415, confidence_score=0.424.",risa-vigia-0.1.0
SIG-PAT-0562-8c92eb8694,PAT-0562,2026-07-22 12:00:00,0.3287,MEDIUM,0.4242,2026-07-22 00:00:00,2026-07-22 12:00:00,"Riesgo MEDIUM para PAT-0562: evidencia sostenida durante 4 ventana(s) (12h). Variable con mayor aporte: HR (contribución=0.22, concordancia=0.00 con 0/7 variables disponibles). risk_score=0.329, confidence_score=0.424.",risa-vigia-0.1.0
SIG-PAT-0562-14031a690b,PAT-0562,2026-07-28 15:00:00,0.6959,HIGH,0.4242,2026-07-28 03:00:00,2026-07-28 15:00:00,"Riesgo HIGH para PAT-0562: evidencia sostenida durante 4 ventana(s) (12h). Variable con mayor aporte: DBP (contribución=0.61, concordancia=0.14 con 1/7 variables disponibles). risk_score=0.696, confidence_score=0.424.",risa-vigia-0.1.0
SIG-PAT-0563-70659530d4,PAT-0563,2026-07-17 18:00:00,0.8517,CRITICAL,0.4242,2026-07-15 06:00:00,2026-07-17 18:00:00,"Riesgo CRITICAL para PAT-0563: evidencia sostenida durante 20 ventana(s) (60h). Variable con mayor aporte: DBP (contribución=0.56, concordancia=0.29 con 2/7 variables disponibles). risk_score=0.852, confidence_score=0.424.",risa-vigia-0.1.0
SIG-PAT-0563-b23d5eb4ce,PAT-0563,2026-07-19 15:00:00,0.5869,HIGH,0.8182,2026-07-18 00:00:00,2026-07-19 15:00:00,"Riesgo HIGH para PAT-0563: evidencia sostenida durante 13 ventana(s) (39h). Variable con mayor aporte: LAB_B (contribución=0.23, concordancia=0.11 con 1/9 variables disponibles). risk_score=0.587, confidence_score=0.818.",risa-vigia-0.1.0
SIG-PAT-0564-e1b1ab8c3a,PAT-0564,2026-07-17 00:00:00,0.7165,HIGH,0.4242,2026-07-14 06:00:00,2026-07-17 00:00:00,"Riesgo HIGH para PAT-0564: evidencia sostenida durante 22 ventana(s) (66h). Variable con mayor aporte: SBP (contribución=0.33, concordancia=0.29 con 2/7 variables disponibles). risk_score=0.717, confidence_score=0.424.",risa-vigia-0.1.0
SIG-PAT-0564-bee5b212dc,PAT-0564,2026-07-21 15:00:00,0.6713,HIGH,0.4242,2026-07-21 00:00:00,2026-07-21 15:00:00,"Riesgo HIGH para PAT-0564: evidencia sostenida durante 5 ventana(s) (15h). Variable con mayor aporte: SBP (contribución=0.48, concordancia=0.14 con 1/7 variables disponibles). risk_score=0.671, confidence_score=0.424.",risa-vigia-0.1.0
SIG-PAT-0564-bf9f4b959a,PAT-0564,2026-07-23 21:00:00,0.4328,MEDIUM,0.3636,2026-07-23 00:00:00,2026-07-23 21:00:00,"Riesgo MEDIUM para PAT-0564: evidencia sostenida durante 7 ventana(s) (21h). Variable con mayor aporte: HR (contribución=0.29, concordancia=0.17 con 1/6 variables disponibles). risk_score=0.433, confidence_score=0.364.",risa-vigia-0.1.0
SIG-PAT-0565-8557abce83,PAT-0565,2026-07-11 21:00:00,0.5384,MEDIUM,0.4242,2026-07-10 21:00:00,2026-07-11 21:00:00,"Riesgo MEDIUM para PAT-0565: evidencia sostenida durante 8 ventana(s) (24h). Variable con mayor aporte: HR (contribución=0.36, concordancia=0.14 con 1/7 variables disponibles). risk_score=0.538, confidence_score=0.424.",risa-vigia-0.1.0
SIG-PAT-0565-2bb79880c7,PAT-0565,2026-07-12 18:00:00,0.6841,HIGH,0.4242,2026-07-12 00:00:00,2026-07-12 18:00:00,"Riesgo HIGH para PAT-0565: evidencia sostenida durante 6 ventana(s) (18h). Variable con mayor aporte: SBP (contribución=0.41, concordancia=0.14 con 1/7 variables disponibles). risk_score=0.684, confidence_score=0.424.",risa-vigia-0.1.0
SIG-PAT-0565-8254239205,PAT-0565,2026-07-15 18:00:00,0.3685,MEDIUM,0.4242,2026-07-15 00:00:00,2026-07-15 18:00:00,"Riesgo MEDIUM para PAT-0565: evidencia sostenida durante 6 ventana(s) (18h). Variable con mayor aporte: HR (contribución=0.19, concordancia=0.00 con 0/7 variables disponibles). risk_score=0.369, confidence_score=0.424.",risa-vigia-0.1.0
SIG-PAT-0565-c0834da28b,PAT-0565,2026-07-16 12:00:00,0.6278,HIGH,0.3636,2026-07-16 00:00:00,2026-07-16 12:00:00,"Riesgo HIGH para PAT-0565: evidencia sostenida durante 4 ventana(s) (12h). Variable con mayor aporte: DBP (contribución=0.46, concordancia=0.17 con 1/6 variables disponibles). risk_score=0.628, confidence_score=0.364.",risa-vigia-0.1.0
SIG-PAT-0566-df0d88ecdc,PAT-0566,2026-07-16 18:00:00,0.988,CRITICAL,0.4242,2026-07-15 00:00:00,2026-07-16 18:00:00,"Riesgo CRITICAL para PAT-0566: evidencia sostenida durante 14 ventana(s) (42h). Variable con mayor aporte: SpO2 (contribución=0.79, concordancia=0.57 con 4/7 variables disponibles). risk_score=0.988, confidence_score=0.424.",risa-vigia-0.1.0
SIG-PAT-0566-b3ae205fcb,PAT-0566,2026-07-21 12:00:00,0.5285,MEDIUM,0.4242,2026-07-20 00:00:00,2026-07-21 12:00:00,"Riesgo MEDIUM para PAT-0566: evidencia sostenida durante 12 ventana(s) (36h). Variable con mayor aporte: SBP (contribución=0.29, concordancia=0.14 con 1/7 variables disponibles). risk_score=0.528, confidence_score=0.424.",risa-vigia-0.1.0
SIG-PAT-0567-7d2f625c3c,PAT-0567,2026-07-02 12:00:00,0.5685,HIGH,0.7273,2026-07-02 00:00:00,2026-07-02 12:00:00,"Riesgo HIGH para PAT-0567: evidencia sostenida durante 4 ventana(s) (12h). Variable con mayor aporte: HR (contribución=0.46, concordancia=0.12 con 1/8 variables disponibles). risk_score=0.568, confidence_score=0.727.",risa-vigia-0.1.0
SIG-PAT-0567-3574675ae3,PAT-0567,2026-07-03 12:00:00,0.5083,MEDIUM,0.4136,2026-07-02 21:00:00,2026-07-03 12:00:00,"Riesgo MEDIUM para PAT-0567: evidencia sostenida durante 5 ventana(s) (15h). Variable con mayor aporte: SBP (contribución=0.32, concordancia=0.14 con 1/7 variables disponibles). risk_score=0.508, confidence_score=0.414.",risa-vigia-0.1.0
SIG-PAT-0567-1596891546,PAT-0567,2026-07-04 12:00:00,0.6822,HIGH,0.4242,2026-07-03 18:00:00,2026-07-04 12:00:00,"Riesgo HIGH para PAT-0567: evidencia sostenida durante 6 ventana(s) (18h). Variable con mayor aporte: SBP (contribución=0.42, concordancia=0.29 con 2/7 variables disponibles). risk_score=0.682, confidence_score=0.424.",risa-vigia-0.1.0
SIG-PAT-0567-ce8cadd369,PAT-0567,2026-07-05 15:00:00,0.4716,MEDIUM,0.4242,2026-07-05 00:00:00,2026-07-05 15:00:00,"Riesgo MEDIUM para PAT-0567: evidencia sostenida durante 5 ventana(s) (15h). Variable con mayor aporte: HR (contribución=0.33, concordancia=0.14 con 1/7 variables disponibles). risk_score=0.472, confidence_score=0.424.",risa-vigia-0.1.0
SIG-PAT-0567-1883d567a4,PAT-0567,2026-07-06 12:00:00,0.4474,MEDIUM,0.4242,2026-07-05 21:00:00,2026-07-06 12:00:00,"Riesgo MEDIUM para PAT-0567: evidencia sostenida durante 5 ventana(s) (15h). Variable con mayor aporte: HR (contribución=0.27, concordancia=0.14 con 1/7 variables disponibles). risk_score=0.447, confidence_score=0.424.",risa-vigia-0.1.0
SIG-PAT-0567-75b6e0bd87,PAT-0567,2026-07-07 12:00:00,0.5803,HIGH,0.4242,2026-07-07 00:00:00,2026-07-07 12:00:00,"Riesgo HIGH para PAT-0567: evidencia sostenida durante 4 ventana(s) (12h). Variable con mayor aporte: HR (contribución=0.38, concordancia=0.14 con 1/7 variables disponibles). risk_score=0.580, confidence_score=0.424.",risa-vigia-0.1.0
SIG-PAT-0567-c0c4c8d1e4,PAT-0567,2026-07-08 12:00:00,0.3324,MEDIUM,0.4242,2026-07-08 00:00:00,2026-07-08 12:00:00,"Riesgo MEDIUM para PAT-0567: evidencia sostenida durante 4 ventana(s) (12h). Variable con mayor aporte: HR (contribución=0.22, concordancia=0.00 con 0/7 variables disponibles). risk_score=0.332, confidence_score=0.424.",risa-vigia-0.1.0
SIG-PAT-0567-582ad48dd2,PAT-0567,2026-07-09 12:00:00,0.5368,MEDIUM,0.4242,2026-07-09 00:00:00,2026-07-09 12:00:00,"Riesgo MEDIUM para PAT-0567: evidencia sostenida durante 4 ventana(s) (12h). Variable con mayor aporte: DBP (contribución=0.38, concordancia=0.14 con 1/7 variables disponibles). risk_score=0.537, confidence_score=0.424.",risa-vigia-0.1.0
SIG-PAT-0567-6c9821e12e,PAT-0567,2026-07-10 18:00:00,0.422,MEDIUM,0.4242,2026-07-10 00:00:00,2026-07-10 18:00:00,"Riesgo MEDIUM para PAT-0567: evidencia sostenida durante 6 ventana(s) (18h). Variable con mayor aporte: HR (contribución=0.31, concordancia=0.14 con 1/7 variables disponibles). risk_score=0.422, confidence_score=0.424.",risa-vigia-0.1.0
SIG-PAT-0567-5140952120,PAT-0567,2026-07-12 12:00:00,0.3823,MEDIUM,0.4134,2026-07-11 21:00:00,2026-07-12 12:00:00,"Riesgo MEDIUM para PAT-0567: evidencia sostenida durante 5 ventana(s) (15h). Variable con mayor aporte: SBP (contribución=0.19, concordancia=0.00 con 0/7 variables disponibles). risk_score=0.382, confidence_score=0.413.",risa-vigia-0.1.0
SIG-PAT-0567-18cd47a87e,PAT-0567,2026-07-14 03:00:00,0.7603,HIGH,0.4242,2026-07-13 15:00:00,2026-07-14 03:00:00,"Riesgo HIGH para PAT-0567: evidencia sostenida durante 4 ventana(s) (12h). Variable con mayor aporte: HR (contribución=0.72, concordancia=0.14 con 1/7 variables disponibles). risk_score=0.760, confidence_score=0.424.",risa-vigia-0.1.0
SIG-PAT-0568-8f329b6b95,PAT-0568,2026-07-17 15:00:00,0.3854,MEDIUM,0.4242,2026-07-17 03:00:00,2026-07-17 15:00:00,"Riesgo MEDIUM para PAT-0568: evidencia sostenida durante 4 ventana(s) (12h). Variable con mayor aporte: SBP (contribución=0.24, concordancia=0.00 con 0/7 variables disponibles). risk_score=0.385, confidence_score=0.424.",risa-vigia-0.1.0
SIG-PAT-0569-3e5442428b,PAT-0569,2026-07-12 15:00:00,0.6787,HIGH,0.4242,2026-07-10 12:00:00,2026-07-12 15:00:00,"Riesgo HIGH para PAT-0569: evidencia sostenida durante 17 ventana(s) (51h). Variable con mayor aporte: HR (contribución=0.57, concordancia=0.14 con 1/7 variables disponibles). risk_score=0.679, confidence_score=0.424.",risa-vigia-0.1.0
SIG-PAT-0569-9181cb306f,PAT-0569,2026-07-13 18:00:00,0.7143,HIGH,0.4242,2026-07-12 18:00:00,2026-07-13 18:00:00,"Riesgo HIGH para PAT-0569: evidencia sostenida durante 8 ventana(s) (24h). Variable con mayor aporte: DBP (contribución=0.59, concordancia=0.14 con 1/7 variables disponibles). risk_score=0.714, confidence_score=0.424.",risa-vigia-0.1.0
SIG-PAT-0569-40a042c386,PAT-0569,2026-07-15 18:00:00,0.6688,HIGH,0.4242,2026-07-13 18:00:00,2026-07-15 18:00:00,"Riesgo HIGH para PAT-0569: evidencia sostenida durante 16 ventana(s) (48h). Variable con mayor aporte: DBP (contribución=0.58, concordancia=0.14 con 1/7 variables disponibles). risk_score=0.669, confidence_score=0.424.",risa-vigia-0.1.0
SIG-PAT-0569-39804cc22e,PAT-0569,2026-07-16 12:00:00,0.7418,HIGH,0.7273,2026-07-16 03:00:00,2026-07-16 12:00:00,"Riesgo HIGH para PAT-0569: evidencia sostenida durante 3 ventana(s) (9h). Variable con mayor aporte: DBP (contribución=0.67, concordancia=0.12 con 1/8 variables disponibles). risk_score=0.742, confidence_score=0.727.",risa-vigia-0.1.0
SIG-PAT-0570-aa95b7cc3b,PAT-0570,2026-07-24 15:00:00,0.637,HIGH,0.4242,2026-07-24 00:00:00,2026-07-24 15:00:00,"Riesgo HIGH para PAT-0570: evidencia sostenida durante 5 ventana(s) (15h). Variable con mayor aporte: HR (contribución=0.45, concordancia=0.14 con 1/7 variables disponibles). risk_score=0.637, confidence_score=0.424.",risa-vigia-0.1.0
SIG-PAT-0570-835384732d,PAT-0570,2026-07-25 12:00:00,0.4539,MEDIUM,0.4242,2026-07-24 21:00:00,2026-07-25 12:00:00,"Riesgo MEDIUM para PAT-0570: evidencia sostenida durante 5 ventana(s) (15h). Variable con mayor aporte: HR (contribución=0.29, concordancia=0.14 con 1/7 variables disponibles). risk_score=0.454, confidence_score=0.424.",risa-vigia-0.1.0
SIG-PAT-0570-d01dea286a,PAT-0570,2026-07-26 12:00:00,0.4747,MEDIUM,0.4242,2026-07-26 00:00:00,2026-07-26 12:00:00,"Riesgo MEDIUM para PAT-0570: evidencia sostenida durante 4 ventana(s) (12h). Variable con mayor aporte: HR (contribución=0.26, concordancia=0.14 con 1/7 variables disponibles). risk_score=0.475, confidence_score=0.424.",risa-vigia-0.1.0
SIG-PAT-0570-9581b554d9,PAT-0570,2026-07-28 18:00:00,0.7547,HIGH,0.4136,2026-07-28 00:00:00,2026-07-28 18:00:00,"Riesgo HIGH para PAT-0570: evidencia sostenida durante 6 ventana(s) (18h). Variable con mayor aporte: HR (contribución=0.30, concordancia=0.43 con 3/7 variables disponibles). risk_score=0.755, confidence_score=0.414.",risa-vigia-0.1.0
SIG-PAT-0570-997d89f93d,PAT-0570,2026-07-29 18:00:00,0.5412,MEDIUM,0.4242,2026-07-28 18:00:00,2026-07-29 18:00:00,"Riesgo MEDIUM para PAT-0570: evidencia sostenida durante 8 ventana(s) (24h). Variable con mayor aporte: DBP (contribución=0.43, concordancia=0.14 con 1/7 variables disponibles). risk_score=0.541, confidence_score=0.424.",risa-vigia-0.1.0
SIG-PAT-0571-e8fa922012,PAT-0571,2026-07-20 00:00:00,0.7511,HIGH,0.4242,2026-07-18 21:00:00,2026-07-20 00:00:00,"Riesgo HIGH para PAT-0571: evidencia sostenida durante 9 ventana(s) (27h). Variable con mayor aporte: HR (contribución=0.39, concordancia=0.29 con 2/7 variables disponibles). risk_score=0.751, confidence_score=0.424.",risa-vigia-0.1.0
SIG-PAT-0571-0f5e7ded68,PAT-0571,2026-07-21 15:00:00,0.6619,HIGH,0.4242,2026-07-21 00:00:00,2026-07-21 15:00:00,"Riesgo HIGH para PAT-0571: evidencia sostenida durante 5 ventana(s) (15h). Variable con mayor aporte: DBP (contribución=0.48, concordancia=0.14 con 1/7 variables disponibles). risk_score=0.662, confidence_score=0.424.",risa-vigia-0.1.0
SIG-PAT-0572-c3a9e2f4a1,PAT-0572,2026-07-13 18:00:00,0.7477,HIGH,0.7273,2026-07-13 00:00:00,2026-07-13 18:00:00,"Riesgo HIGH para PAT-0572: evidencia sostenida durante 6 ventana(s) (18h). Variable con mayor aporte: DBP (contribución=0.47, concordancia=0.25 con 2/8 variables disponibles). risk_score=0.748, confidence_score=0.727.",risa-vigia-0.1.0
SIG-PAT-0572-e3e74b5642,PAT-0572,2026-07-15 12:00:00,0.4987,MEDIUM,0.4242,2026-07-14 21:00:00,2026-07-15 12:00:00,"Riesgo MEDIUM para PAT-0572: evidencia sostenida durante 5 ventana(s) (15h). Variable con mayor aporte: DBP (contribución=0.37, concordancia=0.14 con 1/7 variables disponibles). risk_score=0.499, confidence_score=0.424.",risa-vigia-0.1.0
SIG-PAT-0573-f7df6cf6ba,PAT-0573,2026-07-18 12:00:00,0.552,HIGH,0.4242,2026-07-18 00:00:00,2026-07-18 12:00:00,"Riesgo HIGH para PAT-0573: evidencia sostenida durante 4 ventana(s) (12h). Variable con mayor aporte: HR (contribución=0.32, concordancia=0.14 con 1/7 variables disponibles). risk_score=0.552, confidence_score=0.424.",risa-vigia-0.1.0
SIG-PAT-0574-deca229826,PAT-0574,2026-07-18 12:00:00,0.6318,HIGH,0.4242,2026-07-17 21:00:00,2026-07-18 12:00:00,"Riesgo HIGH para PAT-0574: evidencia sostenida durante 5 ventana(s) (15h). Variable con mayor aporte: HR (contribución=0.46, concordancia=0.14 con 1/7 variables disponibles). risk_score=0.632, confidence_score=0.424.",risa-vigia-0.1.0
SIG-PAT-0574-0b548c841f,PAT-0574,2026-07-23 09:00:00,0.6466,HIGH,0.4242,2026-07-23 00:00:00,2026-07-23 09:00:00,"Riesgo HIGH para PAT-0574: evidencia sostenida durante 3 ventana(s) (9h). Variable con mayor aporte: SBP (contribución=0.38, concordancia=0.29 con 2/7 variables disponibles). risk_score=0.647, confidence_score=0.424.",risa-vigia-0.1.0
SIG-PAT-0575-b56bed3545,PAT-0575,2026-07-04 15:00:00,0.7819,HIGH,0.4131,2026-07-03 09:00:00,2026-07-04 15:00:00,"Riesgo HIGH para PAT-0575: evidencia sostenida durante 10 ventana(s) (30h). Variable con mayor aporte: DBP (contribución=0.49, concordancia=0.29 con 2/7 variables disponibles). risk_score=0.782, confidence_score=0.413.",risa-vigia-0.1.0
SIG-PAT-0576-ffb944ed9f,PAT-0576,2026-07-04 18:00:00,0.5835,HIGH,0.4242,2026-07-03 21:00:00,2026-07-04 18:00:00,"Riesgo HIGH para PAT-0576: evidencia sostenida durante 7 ventana(s) (21h). Variable con mayor aporte: HR (contribución=0.39, concordancia=0.14 con 1/7 variables disponibles). risk_score=0.584, confidence_score=0.424.",risa-vigia-0.1.0
SIG-PAT-0576-91844b3dc3,PAT-0576,2026-07-05 15:00:00,0.5233,MEDIUM,0.4136,2026-07-05 00:00:00,2026-07-05 15:00:00,"Riesgo MEDIUM para PAT-0576: evidencia sostenida durante 5 ventana(s) (15h). Variable con mayor aporte: HR (contribución=0.29, concordancia=0.14 con 1/7 variables disponibles). risk_score=0.523, confidence_score=0.414.",risa-vigia-0.1.0
SIG-PAT-0577-4d29687026,PAT-0577,2026-07-23 12:00:00,0.5528,HIGH,0.4242,2026-07-23 00:00:00,2026-07-23 12:00:00,"Riesgo HIGH para PAT-0577: evidencia sostenida durante 4 ventana(s) (12h). Variable con mayor aporte: HR (contribución=0.45, concordancia=0.14 con 1/7 variables disponibles). risk_score=0.553, confidence_score=0.424.",risa-vigia-0.1.0
SIG-PAT-0577-2822a52f98,PAT-0577,2026-07-26 12:00:00,0.3373,MEDIUM,0.4242,2026-07-26 00:00:00,2026-07-26 12:00:00,"Riesgo MEDIUM para PAT-0577: evidencia sostenida durante 4 ventana(s) (12h). Variable con mayor aporte: SBP (contribución=0.14, concordancia=0.00 con 0/7 variables disponibles). risk_score=0.337, confidence_score=0.424.",risa-vigia-0.1.0
SIG-PAT-0577-ed2f11ef30,PAT-0577,2026-07-28 15:00:00,0.4577,MEDIUM,0.4242,2026-07-28 00:00:00,2026-07-28 15:00:00,"Riesgo MEDIUM para PAT-0577: evidencia sostenida durante 5 ventana(s) (15h). Variable con mayor aporte: SBP (contribución=0.28, concordancia=0.14 con 1/7 variables disponibles). risk_score=0.458, confidence_score=0.424.",risa-vigia-0.1.0
SIG-PAT-0577-ce6b5d3e9f,PAT-0577,2026-07-29 09:00:00,0.5875,HIGH,0.4242,2026-07-28 21:00:00,2026-07-29 09:00:00,"Riesgo HIGH para PAT-0577: evidencia sostenida durante 4 ventana(s) (12h). Variable con mayor aporte: SBP (contribución=0.27, concordancia=0.14 con 1/7 variables disponibles). risk_score=0.588, confidence_score=0.424.",risa-vigia-0.1.0
SIG-PAT-0578-1246abdfde,PAT-0578,2026-07-20 00:00:00,0.5093,MEDIUM,0.4242,2026-07-19 06:00:00,2026-07-20 00:00:00,"Riesgo MEDIUM para PAT-0578: evidencia sostenida durante 6 ventana(s) (18h). Variable con mayor aporte: TEMP (contribución=0.45, concordancia=0.14 con 1/7 variables disponibles). risk_score=0.509, confidence_score=0.424.",risa-vigia-0.1.0
SIG-PAT-0578-e5c8a14d4a,PAT-0578,2026-07-20 12:00:00,0.4777,MEDIUM,0.4242,2026-07-20 00:00:00,2026-07-20 12:00:00,"Riesgo MEDIUM para PAT-0578: evidencia sostenida durante 4 ventana(s) (12h). Variable con mayor aporte: HR (contribución=0.31, concordancia=0.14 con 1/7 variables disponibles). risk_score=0.478, confidence_score=0.424.",risa-vigia-0.1.0
SIG-PAT-0578-3c8e1af8de,PAT-0578,2026-07-22 15:00:00,0.6655,HIGH,0.4242,2026-07-21 00:00:00,2026-07-22 15:00:00,"Riesgo HIGH para PAT-0578: evidencia sostenida durante 13 ventana(s) (39h). Variable con mayor aporte: HR (contribución=0.29, concordancia=0.29 con 2/7 variables disponibles). risk_score=0.665, confidence_score=0.424.",risa-vigia-0.1.0
SIG-PAT-0578-a229ebbd8d,PAT-0578,2026-07-24 15:00:00,0.5519,HIGH,0.4242,2026-07-24 03:00:00,2026-07-24 15:00:00,"Riesgo HIGH para PAT-0578: evidencia sostenida durante 4 ventana(s) (12h). Variable con mayor aporte: DBP (contribución=0.37, concordancia=0.14 con 1/7 variables disponibles). risk_score=0.552, confidence_score=0.424.",risa-vigia-0.1.0
SIG-PAT-0579-82db09fcd6,PAT-0579,2026-07-17 12:00:00,0.624,HIGH,0.4242,2026-07-17 00:00:00,2026-07-17 12:00:00,"Riesgo HIGH para PAT-0579: evidencia sostenida durante 4 ventana(s) (12h). Variable con mayor aporte: HR (contribución=0.30, concordancia=0.29 con 2/7 variables disponibles). risk_score=0.624, confidence_score=0.424.",risa-vigia-0.1.0
SIG-PAT-0579-d9be0650dd,PAT-0579,2026-07-18 12:00:00,0.4634,MEDIUM,0.7273,2026-07-18 00:00:00,2026-07-18 12:00:00,"Riesgo MEDIUM para PAT-0579: evidencia sostenida durante 4 ventana(s) (12h). Variable con mayor aporte: HR (contribución=0.33, concordancia=0.12 con 1/8 variables disponibles). risk_score=0.463, confidence_score=0.727.",risa-vigia-0.1.0
SIG-PAT-0579-9c4a37ff67,PAT-0579,2026-07-19 15:00:00,0.4932,MEDIUM,0.4128,2026-07-19 00:00:00,2026-07-19 15:00:00,"Riesgo MEDIUM para PAT-0579: evidencia sostenida durante 5 ventana(s) (15h). Variable con mayor aporte: HR (contribución=0.33, concordancia=0.14 con 1/7 variables disponibles). risk_score=0.493, confidence_score=0.413.",risa-vigia-0.1.0
SIG-PAT-0579-1fd8978e34,PAT-0579,2026-07-20 18:00:00,0.4991,MEDIUM,0.4242,2026-07-20 00:00:00,2026-07-20 18:00:00,"Riesgo MEDIUM para PAT-0579: evidencia sostenida durante 6 ventana(s) (18h). Variable con mayor aporte: HR (contribución=0.32, concordancia=0.14 con 1/7 variables disponibles). risk_score=0.499, confidence_score=0.424.",risa-vigia-0.1.0
SIG-PAT-0580-3302cd6b02,PAT-0580,2026-07-05 06:00:00,0.6507,HIGH,0.4242,2026-07-03 12:00:00,2026-07-05 06:00:00,"Riesgo HIGH para PAT-0580: evidencia sostenida durante 14 ventana(s) (42h). Variable con mayor aporte: TEMP (contribución=0.41, concordancia=0.14 con 1/7 variables disponibles). risk_score=0.651, confidence_score=0.424.",risa-vigia-0.1.0
SIG-PAT-0580-87dae0f110,PAT-0580,2026-07-08 15:00:00,0.6228,HIGH,0.4242,2026-07-08 00:00:00,2026-07-08 15:00:00,"Riesgo HIGH para PAT-0580: evidencia sostenida durante 5 ventana(s) (15h). Variable con mayor aporte: DBP (contribución=0.42, concordancia=0.14 con 1/7 variables disponibles). risk_score=0.623, confidence_score=0.424.",risa-vigia-0.1.0
SIG-PAT-0581-3279cb8629,PAT-0581,2026-07-11 00:00:00,0.5224,MEDIUM,0.4242,2026-07-10 00:00:00,2026-07-11 00:00:00,"Riesgo MEDIUM para PAT-0581: evidencia sostenida durante 8 ventana(s) (24h). Variable con mayor aporte: HR (contribución=0.28, concordancia=0.14 con 1/7 variables disponibles). risk_score=0.522, confidence_score=0.424.",risa-vigia-0.1.0
SIG-PAT-0582-374f3b8321,PAT-0582,2026-07-12 12:00:00,0.7694,HIGH,0.4242,2026-07-10 09:00:00,2026-07-12 12:00:00,"Riesgo HIGH para PAT-0582: evidencia sostenida durante 17 ventana(s) (51h). Variable con mayor aporte: HR (contribución=0.48, concordancia=0.29 con 2/7 variables disponibles). risk_score=0.769, confidence_score=0.424.",risa-vigia-0.1.0
SIG-PAT-0582-79c2922c77,PAT-0582,2026-07-13 21:00:00,0.8017,CRITICAL,0.4242,2026-07-13 00:00:00,2026-07-13 21:00:00,"Riesgo CRITICAL para PAT-0582: evidencia sostenida durante 7 ventana(s) (21h). Variable con mayor aporte: DBP (contribución=0.47, concordancia=0.29 con 2/7 variables disponibles). risk_score=0.802, confidence_score=0.424.",risa-vigia-0.1.0
SIG-PAT-0584-c8e0282ca8,PAT-0584,2026-07-26 12:00:00,0.6307,HIGH,0.4242,2026-07-25 15:00:00,2026-07-26 12:00:00,"Riesgo HIGH para PAT-0584: evidencia sostenida durante 7 ventana(s) (21h). Variable con mayor aporte: TEMP (contribución=0.38, concordancia=0.14 con 1/7 variables disponibles). risk_score=0.631, confidence_score=0.424.",risa-vigia-0.1.0
SIG-PAT-0585-d3a00b41f8,PAT-0585,2026-07-15 12:00:00,0.5914,HIGH,0.8182,2026-07-15 00:00:00,2026-07-15 12:00:00,"Riesgo HIGH para PAT-0585: evidencia sostenida durante 4 ventana(s) (12h). Variable con mayor aporte: HR (contribución=0.30, concordancia=0.22 con 2/9 variables disponibles). risk_score=0.591, confidence_score=0.818.",risa-vigia-0.1.0
SIG-PAT-0585-17a14f3bb3,PAT-0585,2026-07-16 12:00:00,0.6524,HIGH,0.4242,2026-07-15 21:00:00,2026-07-16 12:00:00,"Riesgo HIGH para PAT-0585: evidencia sostenida durante 5 ventana(s) (15h). Variable con mayor aporte: DBP (contribución=0.34, concordancia=0.29 con 2/7 variables disponibles). risk_score=0.652, confidence_score=0.424.",risa-vigia-0.1.0
SIG-PAT-0585-bb50868688,PAT-0585,2026-07-17 12:00:00,0.7857,HIGH,0.4242,2026-07-16 21:00:00,2026-07-17 12:00:00,"Riesgo HIGH para PAT-0585: evidencia sostenida durante 5 ventana(s) (15h). Variable con mayor aporte: SBP (contribución=0.50, concordancia=0.29 con 2/7 variables disponibles). risk_score=0.786, confidence_score=0.424.",risa-vigia-0.1.0
SIG-PAT-0585-817d082bf2,PAT-0585,2026-07-18 12:00:00,0.4083,MEDIUM,0.4242,2026-07-17 18:00:00,2026-07-18 12:00:00,"Riesgo MEDIUM para PAT-0585: evidencia sostenida durante 6 ventana(s) (18h). Variable con mayor aporte: HR (contribución=0.21, concordancia=0.00 con 0/7 variables disponibles). risk_score=0.408, confidence_score=0.424.",risa-vigia-0.1.0
SIG-PAT-0585-8e2e8a0039,PAT-0585,2026-07-19 15:00:00,0.5304,MEDIUM,0.4242,2026-07-19 00:00:00,2026-07-19 15:00:00,"Riesgo MEDIUM para PAT-0585: evidencia sostenida durante 5 ventana(s) (15h). Variable con mayor aporte: DBP (contribución=0.42, concordancia=0.14 con 1/7 variables disponibles). risk_score=0.530, confidence_score=0.424.",risa-vigia-0.1.0
SIG-PAT-0586-9164ad36de,PAT-0586,2026-07-17 18:00:00,0.5263,MEDIUM,0.4242,2026-07-17 03:00:00,2026-07-17 18:00:00,"Riesgo MEDIUM para PAT-0586: evidencia sostenida durante 5 ventana(s) (15h). Variable con mayor aporte: DBP (contribución=0.26, concordancia=0.14 con 1/7 variables disponibles). risk_score=0.526, confidence_score=0.424.",risa-vigia-0.1.0
SIG-PAT-0587-c3774e2afa,PAT-0587,2026-07-06 12:00:00,0.6077,HIGH,0.4242,2026-07-05 21:00:00,2026-07-06 12:00:00,"Riesgo HIGH para PAT-0587: evidencia sostenida durante 5 ventana(s) (15h). Variable con mayor aporte: HR (contribución=0.44, concordancia=0.14 con 1/7 variables disponibles). risk_score=0.608, confidence_score=0.424.",risa-vigia-0.1.0
SIG-PAT-0587-6f374f9d49,PAT-0587,2026-07-07 12:00:00,0.6232,HIGH,0.4136,2026-07-06 12:00:00,2026-07-07 12:00:00,"Riesgo HIGH para PAT-0587: evidencia sostenida durante 8 ventana(s) (24h). Variable con mayor aporte: HR (contribución=0.43, concordancia=0.14 con 1/7 variables disponibles). risk_score=0.623, confidence_score=0.414.",risa-vigia-0.1.0
SIG-PAT-0588-7ab744c995,PAT-0588,2026-07-10 03:00:00,0.7428,HIGH,0.4242,2026-07-08 15:00:00,2026-07-10 03:00:00,"Riesgo HIGH para PAT-0588: evidencia sostenida durante 12 ventana(s) (36h). Variable con mayor aporte: HR (contribución=0.33, concordancia=0.29 con 2/7 variables disponibles). risk_score=0.743, confidence_score=0.424.",risa-vigia-0.1.0
SIG-PAT-0588-91e22378f0,PAT-0588,2026-07-13 12:00:00,0.3431,MEDIUM,0.4242,2026-07-13 00:00:00,2026-07-13 12:00:00,"Riesgo MEDIUM para PAT-0588: evidencia sostenida durante 4 ventana(s) (12h). Variable con mayor aporte: SpO2 (contribución=0.16, concordancia=0.00 con 0/7 variables disponibles). risk_score=0.343, confidence_score=0.424.",risa-vigia-0.1.0
SIG-PAT-0588-e71462a004,PAT-0588,2026-07-16 18:00:00,0.3929,MEDIUM,0.4242,2026-07-16 12:00:00,2026-07-16 18:00:00,"Riesgo MEDIUM para PAT-0588: evidencia sostenida durante 2 ventana(s) (6h). Variable con mayor aporte: DBP (contribución=0.27, concordancia=0.14 con 1/7 variables disponibles). risk_score=0.393, confidence_score=0.424.",risa-vigia-0.1.0
SIG-PAT-0589-4d7ae226f7,PAT-0589,2026-07-18 15:00:00,0.4844,MEDIUM,0.4242,2026-07-17 18:00:00,2026-07-18 15:00:00,"Riesgo MEDIUM para PAT-0589: evidencia sostenida durante 7 ventana(s) (21h). Variable con mayor aporte: HR (contribución=0.35, concordancia=0.14 con 1/7 variables disponibles). risk_score=0.484, confidence_score=0.424.",risa-vigia-0.1.0
SIG-PAT-0589-6eed0b0e69,PAT-0589,2026-07-19 18:00:00,0.7541,HIGH,0.8182,2026-07-19 00:00:00,2026-07-19 18:00:00,"Riesgo HIGH para PAT-0589: evidencia sostenida durante 6 ventana(s) (18h). Variable con mayor aporte: SBP (contribución=0.55, concordancia=0.22 con 2/9 variables disponibles). risk_score=0.754, confidence_score=0.818.",risa-vigia-0.1.0
SIG-PAT-0590-44b5337b90,PAT-0590,2026-07-28 12:00:00,0.8427,CRITICAL,0.4242,2026-07-26 09:00:00,2026-07-28 12:00:00,"Riesgo CRITICAL para PAT-0590: evidencia sostenida durante 17 ventana(s) (51h). Variable con mayor aporte: DBP (contribución=0.80, concordancia=0.14 con 1/7 variables disponibles). risk_score=0.843, confidence_score=0.424.",risa-vigia-0.1.0
SIG-PAT-0591-837e2407a0,PAT-0591,2026-07-24 18:00:00,0.6035,HIGH,0.4242,2026-07-22 06:00:00,2026-07-24 18:00:00,"Riesgo HIGH para PAT-0591: evidencia sostenida durante 20 ventana(s) (60h). Variable con mayor aporte: SBP (contribución=0.49, concordancia=0.14 con 1/7 variables disponibles). risk_score=0.603, confidence_score=0.424.",risa-vigia-0.1.0
SIG-PAT-0591-09069f9d09,PAT-0591,2026-07-25 21:00:00,0.8385,CRITICAL,0.4131,2026-07-25 00:00:00,2026-07-25 21:00:00,"Riesgo CRITICAL para PAT-0591: evidencia sostenida durante 7 ventana(s) (21h). Variable con mayor aporte: SBP (contribución=0.75, concordancia=0.14 con 1/7 variables disponibles). risk_score=0.839, confidence_score=0.413.",risa-vigia-0.1.0
SIG-PAT-0591-874fe4c318,PAT-0591,2026-07-27 18:00:00,0.5196,MEDIUM,0.4242,2026-07-27 00:00:00,2026-07-27 18:00:00,"Riesgo MEDIUM para PAT-0591: evidencia sostenida durante 6 ventana(s) (18h). Variable con mayor aporte: HR (contribución=0.25, concordancia=0.00 con 0/7 variables disponibles). risk_score=0.520, confidence_score=0.424.",risa-vigia-0.1.0
SIG-PAT-0591-a433c293a5,PAT-0591,2026-07-29 15:00:00,0.4809,MEDIUM,0.4242,2026-07-29 00:00:00,2026-07-29 15:00:00,"Riesgo MEDIUM para PAT-0591: evidencia sostenida durante 5 ventana(s) (15h). Variable con mayor aporte: SBP (contribución=0.24, concordancia=0.00 con 0/7 variables disponibles). risk_score=0.481, confidence_score=0.424.",risa-vigia-0.1.0
SIG-PAT-0592-b072d7661f,PAT-0592,2026-07-13 12:00:00,0.7067,HIGH,0.4242,2026-07-12 06:00:00,2026-07-13 12:00:00,"Riesgo HIGH para PAT-0592: evidencia sostenida durante 10 ventana(s) (30h). Variable con mayor aporte: HR (contribución=0.62, concordancia=0.14 con 1/7 variables disponibles). risk_score=0.707, confidence_score=0.424.",risa-vigia-0.1.0
SIG-PAT-0592-018a45ac38,PAT-0592,2026-07-14 15:00:00,0.4606,MEDIUM,0.8182,2026-07-14 00:00:00,2026-07-14 15:00:00,"Riesgo MEDIUM para PAT-0592: evidencia sostenida durante 5 ventana(s) (15h). Variable con mayor aporte: HR (contribución=0.35, concordancia=0.11 con 1/9 variables disponibles). risk_score=0.461, confidence_score=0.818.",risa-vigia-0.1.0
SIG-PAT-0592-6bfb4003e1,PAT-0592,2026-07-16 12:00:00,0.5654,HIGH,0.7273,2026-07-14 15:00:00,2026-07-16 12:00:00,"Riesgo HIGH para PAT-0592: evidencia sostenida durante 15 ventana(s) (45h). Variable con mayor aporte: DBP (contribución=0.31, concordancia=0.12 con 1/8 variables disponibles). risk_score=0.565, confidence_score=0.727.",risa-vigia-0.1.0
SIG-PAT-0593-58b3af892d,PAT-0593,2026-07-04 12:00:00,0.4894,MEDIUM,0.4242,2026-07-03 12:00:00,2026-07-04 12:00:00,"Riesgo MEDIUM para PAT-0593: evidencia sostenida durante 8 ventana(s) (24h). Variable con mayor aporte: SBP (contribución=0.26, concordancia=0.14 con 1/7 variables disponibles). risk_score=0.489, confidence_score=0.424.",risa-vigia-0.1.0
SIG-PAT-0593-24551b4c76,PAT-0593,2026-07-05 18:00:00,0.5866,HIGH,0.4242,2026-07-05 00:00:00,2026-07-05 18:00:00,"Riesgo HIGH para PAT-0593: evidencia sostenida durante 6 ventana(s) (18h). Variable con mayor aporte: SBP (contribución=0.47, concordancia=0.14 con 1/7 variables disponibles). risk_score=0.587, confidence_score=0.424.",risa-vigia-0.1.0
SIG-PAT-0594-c0436fde55,PAT-0594,2026-07-17 18:00:00,0.6079,HIGH,0.4242,2026-07-17 00:00:00,2026-07-17 18:00:00,"Riesgo HIGH para PAT-0594: evidencia sostenida durante 6 ventana(s) (18h). Variable con mayor aporte: HR (contribución=0.48, concordancia=0.14 con 1/7 variables disponibles). risk_score=0.608, confidence_score=0.424.",risa-vigia-0.1.0
SIG-PAT-0594-d8591a1083,PAT-0594,2026-07-19 12:00:00,0.4683,MEDIUM,0.4242,2026-07-18 21:00:00,2026-07-19 12:00:00,"Riesgo MEDIUM para PAT-0594: evidencia sostenida durante 5 ventana(s) (15h). Variable con mayor aporte: SBP (contribución=0.32, concordancia=0.14 con 1/7 variables disponibles). risk_score=0.468, confidence_score=0.424.",risa-vigia-0.1.0
SIG-PAT-0594-9fd61cea6c,PAT-0594,2026-07-20 12:00:00,0.6324,HIGH,0.4242,2026-07-20 00:00:00,2026-07-20 12:00:00,"Riesgo HIGH para PAT-0594: evidencia sostenida durante 4 ventana(s) (12h). Variable con mayor aporte: DBP (contribución=0.32, concordancia=0.29 con 2/7 variables disponibles). risk_score=0.632, confidence_score=0.424.",risa-vigia-0.1.0
SIG-PAT-0594-e9bd660d8d,PAT-0594,2026-07-21 15:00:00,0.6067,HIGH,0.4242,2026-07-21 00:00:00,2026-07-21 15:00:00,"Riesgo HIGH para PAT-0594: evidencia sostenida durante 5 ventana(s) (15h). Variable con mayor aporte: DBP (contribución=0.27, concordancia=0.14 con 1/7 variables disponibles). risk_score=0.607, confidence_score=0.424.",risa-vigia-0.1.0
SIG-PAT-0594-81572f3591,PAT-0594,2026-07-22 09:00:00,0.6394,HIGH,0.4242,2026-07-22 00:00:00,2026-07-22 09:00:00,"Riesgo HIGH para PAT-0594: evidencia sostenida durante 3 ventana(s) (9h). Variable con mayor aporte: SBP (contribución=0.46, concordancia=0.14 con 1/7 variables disponibles). risk_score=0.639, confidence_score=0.424.",risa-vigia-0.1.0
SIG-PAT-0595-7d7b6bb01f,PAT-0595,2026-07-16 00:00:00,0.9943,CRITICAL,0.4242,2026-07-14 21:00:00,2026-07-16 00:00:00,"Riesgo CRITICAL para PAT-0595: evidencia sostenida durante 9 ventana(s) (27h). Variable con mayor aporte: SpO2 (contribución=0.83, concordancia=0.57 con 4/7 variables disponibles). risk_score=0.994, confidence_score=0.424.",risa-vigia-0.1.0
SIG-PAT-0595-d2e6cf227c,PAT-0595,2026-07-18 12:00:00,0.6725,HIGH,0.7273,2026-07-18 00:00:00,2026-07-18 12:00:00,"Riesgo HIGH para PAT-0595: evidencia sostenida durante 4 ventana(s) (12h). Variable con mayor aporte: SBP (contribución=0.44, concordancia=0.12 con 1/8 variables disponibles). risk_score=0.672, confidence_score=0.727.",risa-vigia-0.1.0
SIG-PAT-0596-3122b8fde1,PAT-0596,2026-07-14 09:00:00,0.5325,MEDIUM,0.403,2026-07-13 21:00:00,2026-07-14 09:00:00,"Riesgo MEDIUM para PAT-0596: evidencia sostenida durante 4 ventana(s) (12h). Variable con mayor aporte: DBP (contribución=0.29, concordancia=0.14 con 1/7 variables disponibles). risk_score=0.532, confidence_score=0.403.",risa-vigia-0.1.0
SIG-PAT-0597-5a9d2daf81,PAT-0597,2026-07-21 00:00:00,0.6632,HIGH,0.7273,2026-07-17 06:00:00,2026-07-21 00:00:00,"Riesgo HIGH para PAT-0597: evidencia sostenida durante 30 ventana(s) (90h). Variable con mayor aporte: LAB_A (contribución=0.30, concordancia=0.12 con 1/8 variables disponibles). risk_score=0.663, confidence_score=0.727.",risa-vigia-0.1.0
SIG-PAT-0597-fb1185838c,PAT-0597,2026-07-21 09:00:00,0.7289,HIGH,0.4242,2026-07-21 00:00:00,2026-07-21 09:00:00,"Riesgo HIGH para PAT-0597: evidencia sostenida durante 3 ventana(s) (9h). Variable con mayor aporte: SBP (contribución=0.61, concordancia=0.14 con 1/7 variables disponibles). risk_score=0.729, confidence_score=0.424.",risa-vigia-0.1.0
SIG-PAT-0598-83a97e2246,PAT-0598,2026-07-26 12:00:00,0.4462,MEDIUM,0.4242,2026-07-25 06:00:00,2026-07-26 12:00:00,"Riesgo MEDIUM para PAT-0598: evidencia sostenida durante 10 ventana(s) (30h). Variable con mayor aporte: HR (contribución=0.17, concordancia=0.00 con 0/7 variables disponibles). risk_score=0.446, confidence_score=0.424.",risa-vigia-0.1.0
SIG-PAT-0598-a9e6e7b5eb,PAT-0598,2026-07-29 09:00:00,0.4392,MEDIUM,0.4242,2026-07-29 00:00:00,2026-07-29 09:00:00,"Riesgo MEDIUM para PAT-0598: evidencia sostenida durante 3 ventana(s) (9h). Variable con mayor aporte: SBP (contribución=0.30, concordancia=0.14 con 1/7 variables disponibles). risk_score=0.439, confidence_score=0.424.",risa-vigia-0.1.0
SIG-PAT-0599-5b46c7ac02,PAT-0599,2026-07-28 21:00:00,0.3267,MEDIUM,0.4136,2026-07-28 03:00:00,2026-07-28 21:00:00,"Riesgo MEDIUM para PAT-0599: evidencia sostenida durante 6 ventana(s) (18h). Variable con mayor aporte: SBP (contribución=0.12, concordancia=0.00 con 0/7 variables disponibles). risk_score=0.327, confidence_score=0.414.",risa-vigia-0.1.0
SIG-PAT-0600-3376ab1c70,PAT-0600,2026-07-12 12:00:00,0.8392,CRITICAL,0.4242,2026-07-10 09:00:00,2026-07-12 12:00:00,"Riesgo CRITICAL para PAT-0600: evidencia sostenida durante 17 ventana(s) (51h). Variable con mayor aporte: HR (contribución=0.60, concordancia=0.29 con 2/7 variables disponibles). risk_score=0.839, confidence_score=0.424.",risa-vigia-0.1.0
SIG-PAT-0601-5c9f91e77a,PAT-0601,2026-07-22 15:00:00,0.6773,HIGH,0.4242,2026-07-20 12:00:00,2026-07-22 15:00:00,"Riesgo HIGH para PAT-0601: evidencia sostenida durante 17 ventana(s) (51h). Variable con mayor aporte: HR (contribución=0.37, concordancia=0.29 con 2/7 variables disponibles). risk_score=0.677, confidence_score=0.424.",risa-vigia-0.1.0
SIG-PAT-0601-e742220af5,PAT-0601,2026-07-23 18:00:00,0.5134,MEDIUM,0.4242,2026-07-23 00:00:00,2026-07-23 18:00:00,"Riesgo MEDIUM para PAT-0601: evidencia sostenida durante 6 ventana(s) (18h). Variable con mayor aporte: HR (contribución=0.26, concordancia=0.14 con 1/7 variables disponibles). risk_score=0.513, confidence_score=0.424.",risa-vigia-0.1.0
SIG-PAT-0601-5b5375ada4,PAT-0601,2026-07-25 15:00:00,0.8689,CRITICAL,0.4242,2026-07-25 00:00:00,2026-07-25 15:00:00,"Riesgo CRITICAL para PAT-0601: evidencia sostenida durante 5 ventana(s) (15h). Variable con mayor aporte: DBP (contribución=0.62, concordancia=0.29 con 2/7 variables disponibles). risk_score=0.869, confidence_score=0.424.",risa-vigia-0.1.0
SIG-PAT-0602-ebef31e3ee,PAT-0602,2026-07-05 21:00:00,0.523,MEDIUM,0.4242,2026-07-05 00:00:00,2026-07-05 21:00:00,"Riesgo MEDIUM para PAT-0602: evidencia sostenida durante 7 ventana(s) (21h). Variable con mayor aporte: RR (contribución=0.35, concordancia=0.14 con 1/7 variables disponibles). risk_score=0.523, confidence_score=0.424.",risa-vigia-0.1.0
SIG-PAT-0602-9fd42629b5,PAT-0602,2026-07-06 15:00:00,0.3271,MEDIUM,0.4242,2026-07-06 00:00:00,2026-07-06 15:00:00,"Riesgo MEDIUM para PAT-0602: evidencia sostenida durante 5 ventana(s) (15h). Variable con mayor aporte: HR (contribución=0.11, concordancia=0.00 con 0/7 variables disponibles). risk_score=0.327, confidence_score=0.424.",risa-vigia-0.1.0
SIG-PAT-0602-cc6c7907a0,PAT-0602,2026-07-10 12:00:00,0.4277,MEDIUM,0.4242,2026-07-10 00:00:00,2026-07-10 12:00:00,"Riesgo MEDIUM para PAT-0602: evidencia sostenida durante 4 ventana(s) (12h). Variable con mayor aporte: SBP (contribución=0.29, concordancia=0.14 con 1/7 variables disponibles). risk_score=0.428, confidence_score=0.424.",risa-vigia-0.1.0
SIG-PAT-0603-83b73ced55,PAT-0603,2026-07-10 15:00:00,0.7251,HIGH,0.4242,2026-07-09 09:00:00,2026-07-10 15:00:00,"Riesgo HIGH para PAT-0603: evidencia sostenida durante 10 ventana(s) (30h). Variable con mayor aporte: TEMP (contribución=0.43, concordancia=0.29 con 2/7 variables disponibles). risk_score=0.725, confidence_score=0.424.",risa-vigia-0.1.0
SIG-PAT-0603-81cb61c8cf,PAT-0603,2026-07-11 18:00:00,0.42,MEDIUM,0.4242,2026-07-11 00:00:00,2026-07-11 18:00:00,"Riesgo MEDIUM para PAT-0603: evidencia sostenida durante 6 ventana(s) (18h). Variable con mayor aporte: HR (contribución=0.28, concordancia=0.14 con 1/7 variables disponibles). risk_score=0.420, confidence_score=0.424.",risa-vigia-0.1.0
SIG-PAT-0603-1a9072025d,PAT-0603,2026-07-13 12:00:00,0.4581,MEDIUM,0.7273,2026-07-13 00:00:00,2026-07-13 12:00:00,"Riesgo MEDIUM para PAT-0603: evidencia sostenida durante 4 ventana(s) (12h). Variable con mayor aporte: HR (contribución=0.29, concordancia=0.12 con 1/8 variables disponibles). risk_score=0.458, confidence_score=0.727.",risa-vigia-0.1.0
SIG-PAT-0605-7c215f84ff,PAT-0605,2026-07-22 00:00:00,0.5363,MEDIUM,0.4242,2026-07-20 06:00:00,2026-07-22 00:00:00,"Riesgo MEDIUM para PAT-0605: evidencia sostenida durante 14 ventana(s) (42h). Variable con mayor aporte: DBP (contribución=0.42, concordancia=0.14 con 1/7 variables disponibles). risk_score=0.536, confidence_score=0.424.",risa-vigia-0.1.0
SIG-PAT-0605-b406e25752,PAT-0605,2026-07-23 18:00:00,0.646,HIGH,0.4242,2026-07-22 18:00:00,2026-07-23 18:00:00,"Riesgo HIGH para PAT-0605: evidencia sostenida durante 8 ventana(s) (24h). Variable con mayor aporte: SBP (contribución=0.53, concordancia=0.14 con 1/7 variables disponibles). risk_score=0.646, confidence_score=0.424.",risa-vigia-0.1.0
SIG-PAT-0606-645476e9ff,PAT-0606,2026-07-09 12:00:00,0.5213,MEDIUM,0.4242,2026-07-08 18:00:00,2026-07-09 12:00:00,"Riesgo MEDIUM para PAT-0606: evidencia sostenida durante 6 ventana(s) (18h). Variable con mayor aporte: WEARABLE_HR (contribución=0.18, concordancia=0.14 con 1/7 variables disponibles). risk_score=0.521, confidence_score=0.424.",risa-vigia-0.1.0
SIG-PAT-0607-c0eb178178,PAT-0607,2026-07-19 09:00:00,0.4024,MEDIUM,0.7273,2026-07-18 21:00:00,2026-07-19 09:00:00,"Riesgo MEDIUM para PAT-0607: evidencia sostenida durante 4 ventana(s) (12h). Variable con mayor aporte: HR (contribución=0.28, concordancia=0.12 con 1/8 variables disponibles). risk_score=0.402, confidence_score=0.727.",risa-vigia-0.1.0
SIG-PAT-0608-58947e4658,PAT-0608,2026-07-16 00:00:00,0.5565,HIGH,0.4242,2026-07-15 00:00:00,2026-07-16 00:00:00,"Riesgo HIGH para PAT-0608: evidencia sostenida durante 8 ventana(s) (24h). Variable con mayor aporte: SpO2 (contribución=0.51, concordancia=0.14 con 1/7 variables disponibles). risk_score=0.556, confidence_score=0.424.",risa-vigia-0.1.0
SIG-PAT-0608-2fb0499a92,PAT-0608,2026-07-16 12:00:00,0.4912,MEDIUM,0.4242,2026-07-16 00:00:00,2026-07-16 12:00:00,"Riesgo MEDIUM para PAT-0608: evidencia sostenida durante 4 ventana(s) (12h). Variable con mayor aporte: HR (contribución=0.28, concordancia=0.14 con 1/7 variables disponibles). risk_score=0.491, confidence_score=0.424.",risa-vigia-0.1.0
SIG-PAT-0608-c8d1ca4f2b,PAT-0608,2026-07-17 15:00:00,0.6307,HIGH,0.4242,2026-07-17 00:00:00,2026-07-17 15:00:00,"Riesgo HIGH para PAT-0608: evidencia sostenida durante 5 ventana(s) (15h). Variable con mayor aporte: SBP (contribución=0.41, concordancia=0.14 con 1/7 variables disponibles). risk_score=0.631, confidence_score=0.424.",risa-vigia-0.1.0
SIG-PAT-0608-ec94e70e10,PAT-0608,2026-07-21 21:00:00,0.4983,MEDIUM,0.4242,2026-07-21 00:00:00,2026-07-21 21:00:00,"Riesgo MEDIUM para PAT-0608: evidencia sostenida durante 7 ventana(s) (21h). Variable con mayor aporte: SBP (contribución=0.29, concordancia=0.14 con 1/7 variables disponibles). risk_score=0.498, confidence_score=0.424.",risa-vigia-0.1.0
SIG-PAT-0609-5960ba2476,PAT-0609,2026-07-14 18:00:00,0.5589,HIGH,0.4242,2026-07-13 12:00:00,2026-07-14 18:00:00,"Riesgo HIGH para PAT-0609: evidencia sostenida durante 10 ventana(s) (30h). Variable con mayor aporte: DBP (contribución=0.37, concordancia=0.14 con 1/7 variables disponibles). risk_score=0.559, confidence_score=0.424.",risa-vigia-0.1.0
SIG-PAT-0609-76e0b8ae44,PAT-0609,2026-07-15 12:00:00,0.4191,MEDIUM,0.4242,2026-07-15 00:00:00,2026-07-15 12:00:00,"Riesgo MEDIUM para PAT-0609: evidencia sostenida durante 4 ventana(s) (12h). Variable con mayor aporte: DBP (contribución=0.26, concordancia=0.14 con 1/7 variables disponibles). risk_score=0.419, confidence_score=0.424.",risa-vigia-0.1.0
SIG-PAT-0609-b958dc2bd1,PAT-0609,2026-07-17 12:00:00,0.4208,MEDIUM,0.4242,2026-07-16 21:00:00,2026-07-17 12:00:00,"Riesgo MEDIUM para PAT-0609: evidencia sostenida durante 5 ventana(s) (15h). Variable con mayor aporte: RR (contribución=0.16, concordancia=0.00 con 0/7 variables disponibles). risk_score=0.421, confidence_score=0.424.",risa-vigia-0.1.0
SIG-PAT-0609-39bfb8a68a,PAT-0609,2026-07-20 21:00:00,0.4347,MEDIUM,0.4242,2026-07-20 03:00:00,2026-07-20 21:00:00,"Riesgo MEDIUM para PAT-0609: evidencia sostenida durante 6 ventana(s) (18h). Variable con mayor aporte: SBP (contribución=0.33, concordancia=0.14 con 1/7 variables disponibles). risk_score=0.435, confidence_score=0.424.",risa-vigia-0.1.0
SIG-PAT-0609-0e7207809a,PAT-0609,2026-07-21 12:00:00,0.5829,HIGH,0.4242,2026-07-21 00:00:00,2026-07-21 12:00:00,"Riesgo HIGH para PAT-0609: evidencia sostenida durante 4 ventana(s) (12h). Variable con mayor aporte: DBP (contribución=0.38, concordancia=0.14 con 1/7 variables disponibles). risk_score=0.583, confidence_score=0.424.",risa-vigia-0.1.0
SIG-PAT-0609-1538d6ba57,PAT-0609,2026-07-24 12:00:00,0.5184,MEDIUM,0.4242,2026-07-24 00:00:00,2026-07-24 12:00:00,"Riesgo MEDIUM para PAT-0609: evidencia sostenida durante 4 ventana(s) (12h). Variable con mayor aporte: DBP (contribución=0.22, concordancia=0.00 con 0/7 variables disponibles). risk_score=0.518, confidence_score=0.424.",risa-vigia-0.1.0
SIG-PAT-0609-03c3466cd6,PAT-0609,2026-07-26 00:00:00,0.9972,CRITICAL,0.4242,2026-07-25 09:00:00,2026-07-26 00:00:00,"Riesgo CRITICAL para PAT-0609: evidencia sostenida durante 5 ventana(s) (15h). Variable con mayor aporte: SpO2 (contribución=0.84, concordancia=0.57 con 4/7 variables disponibles). risk_score=0.997, confidence_score=0.424.",risa-vigia-0.1.0
SIG-PAT-0610-67ab81ff5e,PAT-0610,2026-07-23 12:00:00,0.7827,HIGH,0.4242,2026-07-23 00:00:00,2026-07-23 12:00:00,"Riesgo HIGH para PAT-0610: evidencia sostenida durante 4 ventana(s) (12h). Variable con mayor aporte: HR (contribución=0.71, concordancia=0.14 con 1/7 variables disponibles). risk_score=0.783, confidence_score=0.424.",risa-vigia-0.1.0
SIG-PAT-0610-3c1b3326da,PAT-0610,2026-07-24 18:00:00,0.5936,HIGH,0.4242,2026-07-24 00:00:00,2026-07-24 18:00:00,"Riesgo HIGH para PAT-0610: evidencia sostenida durante 6 ventana(s) (18h). Variable con mayor aporte: HR (contribución=0.46, concordancia=0.14 con 1/7 variables disponibles). risk_score=0.594, confidence_score=0.424.",risa-vigia-0.1.0
SIG-PAT-0611-4cdf95b8c9,PAT-0611,2026-07-24 12:00:00,0.6799,HIGH,0.4136,2026-07-23 21:00:00,2026-07-24 12:00:00,"Riesgo HIGH para PAT-0611: evidencia sostenida durante 5 ventana(s) (15h). Variable con mayor aporte: HR (contribución=0.41, concordancia=0.29 con 2/7 variables disponibles). risk_score=0.680, confidence_score=0.414.",risa-vigia-0.1.0
SIG-PAT-0611-90dc856e95,PAT-0611,2026-07-25 15:00:00,0.6501,HIGH,0.4242,2026-07-25 00:00:00,2026-07-25 15:00:00,"Riesgo HIGH para PAT-0611: evidencia sostenida durante 5 ventana(s) (15h). Variable con mayor aporte: DBP (contribución=0.42, concordancia=0.14 con 1/7 variables disponibles). risk_score=0.650, confidence_score=0.424.",risa-vigia-0.1.0
SIG-PAT-0611-6a03fa60b6,PAT-0611,2026-07-27 09:00:00,0.6784,HIGH,0.7273,2026-07-26 00:00:00,2026-07-27 09:00:00,"Riesgo HIGH para PAT-0611: evidencia sostenida durante 11 ventana(s) (33h). Variable con mayor aporte: DBP (contribución=0.27, concordancia=0.25 con 2/8 variables disponibles). risk_score=0.678, confidence_score=0.727.",risa-vigia-0.1.0
SIG-PAT-0612-28d0e5022c,PAT-0612,2026-07-15 15:00:00,0.4519,MEDIUM,0.4134,2026-07-15 00:00:00,2026-07-15 15:00:00,"Riesgo MEDIUM para PAT-0612: evidencia sostenida durante 5 ventana(s) (15h). Variable con mayor aporte: HR (contribución=0.27, concordancia=0.14 con 1/7 variables disponibles). risk_score=0.452, confidence_score=0.413.",risa-vigia-0.1.0
SIG-PAT-0612-84b8bebaf5,PAT-0612,2026-07-17 09:00:00,0.9699,CRITICAL,0.4242,2026-07-16 00:00:00,2026-07-17 09:00:00,"Riesgo CRITICAL para PAT-0612: evidencia sostenida durante 11 ventana(s) (33h). Variable con mayor aporte: RR (contribución=0.70, concordancia=0.57 con 4/7 variables disponibles). risk_score=0.970, confidence_score=0.424.",risa-vigia-0.1.0
SIG-PAT-0612-3b00e13c8f,PAT-0612,2026-07-18 15:00:00,0.7404,HIGH,0.4242,2026-07-18 00:00:00,2026-07-18 15:00:00,"Riesgo HIGH para PAT-0612: evidencia sostenida durante 5 ventana(s) (15h). Variable con mayor aporte: SBP (contribución=0.43, concordancia=0.29 con 2/7 variables disponibles). risk_score=0.740, confidence_score=0.424.",risa-vigia-0.1.0
SIG-PAT-0612-9923e593af,PAT-0612,2026-07-19 15:00:00,0.7085,HIGH,0.4242,2026-07-19 03:00:00,2026-07-19 15:00:00,"Riesgo HIGH para PAT-0612: evidencia sostenida durante 4 ventana(s) (12h). Variable con mayor aporte: SBP (contribución=0.38, concordancia=0.29 con 2/7 variables disponibles). risk_score=0.709, confidence_score=0.424.",risa-vigia-0.1.0
SIG-PAT-0612-2e171d173f,PAT-0612,2026-07-24 21:00:00,0.4795,MEDIUM,0.4242,2026-07-24 09:00:00,2026-07-24 21:00:00,"Riesgo MEDIUM para PAT-0612: evidencia sostenida durante 4 ventana(s) (12h). Variable con mayor aporte: DBP (contribución=0.37, concordancia=0.14 con 1/7 variables disponibles). risk_score=0.479, confidence_score=0.424.",risa-vigia-0.1.0
SIG-PAT-0613-e509f85708,PAT-0613,2026-07-05 12:00:00,0.4874,MEDIUM,0.4242,2026-07-04 06:00:00,2026-07-05 12:00:00,"Riesgo MEDIUM para PAT-0613: evidencia sostenida durante 10 ventana(s) (30h). Variable con mayor aporte: HR (contribución=0.32, concordancia=0.14 con 1/7 variables disponibles). risk_score=0.487, confidence_score=0.424.",risa-vigia-0.1.0
SIG-PAT-0613-9c89a0ebe9,PAT-0613,2026-07-06 15:00:00,0.5994,HIGH,0.4242,2026-07-05 21:00:00,2026-07-06 15:00:00,"Riesgo HIGH para PAT-0613: evidencia sostenida durante 6 ventana(s) (18h). Variable con mayor aporte: DBP (contribución=0.40, concordancia=0.14 con 1/7 variables disponibles). risk_score=0.599, confidence_score=0.424.",risa-vigia-0.1.0
SIG-PAT-0613-77219e7383,PAT-0613,2026-07-08 15:00:00,0.5773,HIGH,0.4242,2026-07-08 00:00:00,2026-07-08 15:00:00,"Riesgo HIGH para PAT-0613: evidencia sostenida durante 5 ventana(s) (15h). Variable con mayor aporte: SBP (contribución=0.37, concordancia=0.14 con 1/7 variables disponibles). risk_score=0.577, confidence_score=0.424.",risa-vigia-0.1.0
SIG-PAT-0613-29fee2cd18,PAT-0613,2026-07-09 12:00:00,0.4872,MEDIUM,0.4242,2026-07-09 00:00:00,2026-07-09 12:00:00,"Riesgo MEDIUM para PAT-0613: evidencia sostenida durante 4 ventana(s) (12h). Variable con mayor aporte: DBP (contribución=0.26, concordancia=0.14 con 1/7 variables disponibles). risk_score=0.487, confidence_score=0.424.",risa-vigia-0.1.0
SIG-PAT-0614-142c3f8f83,PAT-0614,2026-07-12 15:00:00,0.6946,HIGH,0.4242,2026-07-12 00:00:00,2026-07-12 15:00:00,"Riesgo HIGH para PAT-0614: evidencia sostenida durante 5 ventana(s) (15h). Variable con mayor aporte: HR (contribución=0.45, concordancia=0.14 con 1/7 variables disponibles). risk_score=0.695, confidence_score=0.424.",risa-vigia-0.1.0
SIG-PAT-0614-a6bd3f9305,PAT-0614,2026-07-14 18:00:00,0.8756,CRITICAL,0.4131,2026-07-12 21:00:00,2026-07-14 18:00:00,"Riesgo CRITICAL para PAT-0614: evidencia sostenida durante 15 ventana(s) (45h). Variable con mayor aporte: SBP (contribución=0.85, concordancia=0.14 con 1/7 variables disponibles). risk_score=0.876, confidence_score=0.413.",risa-vigia-0.1.0
SIG-PAT-0614-d5410b4429,PAT-0614,2026-07-16 09:00:00,0.7156,HIGH,0.4242,2026-07-15 00:00:00,2026-07-16 09:00:00,"Riesgo HIGH para PAT-0614: evidencia sostenida durante 11 ventana(s) (33h). Variable con mayor aporte: SBP (contribución=0.49, concordancia=0.14 con 1/7 variables disponibles). risk_score=0.716, confidence_score=0.424.",risa-vigia-0.1.0
SIG-PAT-0615-c18545e901,PAT-0615,2026-07-19 21:00:00,0.647,HIGH,0.4242,2026-07-19 00:00:00,2026-07-19 21:00:00,"Riesgo HIGH para PAT-0615: evidencia sostenida durante 7 ventana(s) (21h). Variable con mayor aporte: HR (contribución=0.44, concordancia=0.29 con 2/7 variables disponibles). risk_score=0.647, confidence_score=0.424.",risa-vigia-0.1.0
SIG-PAT-0615-e4dadf9bc6,PAT-0615,2026-07-21 12:00:00,0.7246,HIGH,0.4242,2026-07-21 00:00:00,2026-07-21 12:00:00,"Riesgo HIGH para PAT-0615: evidencia sostenida durante 4 ventana(s) (12h). Variable con mayor aporte: SBP (contribución=0.39, concordancia=0.29 con 2/7 variables disponibles). risk_score=0.725, confidence_score=0.424.",risa-vigia-0.1.0
SIG-PAT-0615-9ae18f19f7,PAT-0615,2026-07-22 12:00:00,0.4748,MEDIUM,0.8182,2026-07-22 00:00:00,2026-07-22 12:00:00,"Riesgo MEDIUM para PAT-0615: evidencia sostenida durante 4 ventana(s) (12h). Variable con mayor aporte: DBP (contribución=0.24, concordancia=0.00 con 0/9 variables disponibles). risk_score=0.475, confidence_score=0.818.",risa-vigia-0.1.0
SIG-PAT-0616-b5e83939b7,PAT-0616,2026-07-23 03:00:00,0.525,MEDIUM,0.4136,2026-07-22 06:00:00,2026-07-23 03:00:00,"Riesgo MEDIUM para PAT-0616: evidencia sostenida durante 7 ventana(s) (21h). Variable con mayor aporte: RR (contribución=0.27, concordancia=0.14 con 1/7 variables disponibles). risk_score=0.525, confidence_score=0.414.",risa-vigia-0.1.0
SIG-PAT-0616-c2289ecd29,PAT-0616,2026-07-28 12:00:00,0.5264,MEDIUM,0.4242,2026-07-27 15:00:00,2026-07-28 12:00:00,"Riesgo MEDIUM para PAT-0616: evidencia sostenida durante 7 ventana(s) (21h). Variable con mayor aporte: SBP (contribución=0.17, concordancia=0.00 con 0/7 variables disponibles). risk_score=0.526, confidence_score=0.424.",risa-vigia-0.1.0
SIG-PAT-0617-049a23df1a,PAT-0617,2026-07-11 18:00:00,0.7765,HIGH,0.7273,2026-07-10 21:00:00,2026-07-11 18:00:00,"Riesgo HIGH para PAT-0617: evidencia sostenida durante 7 ventana(s) (21h). Variable con mayor aporte: LAB_C (contribución=0.70, concordancia=0.12 con 1/8 variables disponibles). risk_score=0.777, confidence_score=0.727.",risa-vigia-0.1.0
SIG-PAT-0618-354f122b46,PAT-0618,2026-07-06 12:00:00,0.6143,HIGH,0.4242,2026-07-04 21:00:00,2026-07-06 12:00:00,"Riesgo HIGH para PAT-0618: evidencia sostenida durante 13 ventana(s) (39h). Variable con mayor aporte: HR (contribución=0.50, concordancia=0.14 con 1/7 variables disponibles). risk_score=0.614, confidence_score=0.424.",risa-vigia-0.1.0
SIG-PAT-0619-d8e61612d7,PAT-0619,2026-07-07 18:00:00,0.7065,HIGH,0.4136,2026-07-07 06:00:00,2026-07-07 18:00:00,"Riesgo HIGH para PAT-0619: evidencia sostenida durante 4 ventana(s) (12h). Variable con mayor aporte: DBP (contribución=0.57, concordancia=0.14 con 1/7 variables disponibles). risk_score=0.707, confidence_score=0.414.",risa-vigia-0.1.0
SIG-PAT-0619-c703cdfbf9,PAT-0619,2026-07-08 18:00:00,0.4054,MEDIUM,0.4242,2026-07-08 06:00:00,2026-07-08 18:00:00,"Riesgo MEDIUM para PAT-0619: evidencia sostenida durante 4 ventana(s) (12h). Variable con mayor aporte: SBP (contribución=0.26, concordancia=0.14 con 1/7 variables disponibles). risk_score=0.405, confidence_score=0.424.",risa-vigia-0.1.0
SIG-PAT-0619-8fb967e384,PAT-0619,2026-07-10 00:00:00,0.4785,MEDIUM,0.4128,2026-07-09 06:00:00,2026-07-10 00:00:00,"Riesgo MEDIUM para PAT-0619: evidencia sostenida durante 6 ventana(s) (18h). Variable con mayor aporte: TEMP (contribución=0.33, concordancia=0.14 con 1/7 variables disponibles). risk_score=0.479, confidence_score=0.413.",risa-vigia-0.1.0
SIG-PAT-0620-7886227a28,PAT-0620,2026-07-28 18:00:00,0.6744,HIGH,0.4242,2026-07-26 12:00:00,2026-07-28 18:00:00,"Riesgo HIGH para PAT-0620: evidencia sostenida durante 18 ventana(s) (54h). Variable con mayor aporte: SBP (contribución=0.58, concordancia=0.14 con 1/7 variables disponibles). risk_score=0.674, confidence_score=0.424.",risa-vigia-0.1.0
SIG-PAT-0622-3ffeb8f6b4,PAT-0622,2026-07-06 15:00:00,0.663,HIGH,0.4242,2026-07-05 03:00:00,2026-07-06 15:00:00,"Riesgo HIGH para PAT-0622: evidencia sostenida durante 12 ventana(s) (36h). Variable con mayor aporte: TEMP (contribución=0.39, concordancia=0.29 con 2/7 variables disponibles). risk_score=0.663, confidence_score=0.424.",risa-vigia-0.1.0
SIG-PAT-0622-2d1cd0605a,PAT-0622,2026-07-07 12:00:00,0.4017,MEDIUM,0.4242,2026-07-06 21:00:00,2026-07-07 12:00:00,"Riesgo MEDIUM para PAT-0622: evidencia sostenida durante 5 ventana(s) (15h). Variable con mayor aporte: HR (contribución=0.25, concordancia=0.00 con 0/7 variables disponibles). risk_score=0.402, confidence_score=0.424.",risa-vigia-0.1.0
SIG-PAT-0622-4ac382489a,PAT-0622,2026-07-09 15:00:00,0.4671,MEDIUM,0.4242,2026-07-08 21:00:00,2026-07-09 15:00:00,"Riesgo MEDIUM para PAT-0622: evidencia sostenida durante 6 ventana(s) (18h). Variable con mayor aporte: DBP (contribución=0.33, concordancia=0.14 con 1/7 variables disponibles). risk_score=0.467, confidence_score=0.424.",risa-vigia-0.1.0
SIG-PAT-0624-d32a1e7ab7,PAT-0624,2026-07-12 15:00:00,0.4663,MEDIUM,0.4242,2026-07-11 15:00:00,2026-07-12 15:00:00,"Riesgo MEDIUM para PAT-0624: evidencia sostenida durante 8 ventana(s) (24h). Variable con mayor aporte: HR (contribución=0.29, concordancia=0.14 con 1/7 variables disponibles). risk_score=0.466, confidence_score=0.424.",risa-vigia-0.1.0
SIG-PAT-0625-d08fedd096,PAT-0625,2026-07-22 12:00:00,0.4609,MEDIUM,0.7273,2026-07-22 00:00:00,2026-07-22 12:00:00,"Riesgo MEDIUM para PAT-0625: evidencia sostenida durante 4 ventana(s) (12h). Variable con mayor aporte: LAB_B (contribución=0.23, concordancia=0.12 con 1/8 variables disponibles). risk_score=0.461, confidence_score=0.727.",risa-vigia-0.1.0
SIG-PAT-0625-d4bdd6cecf,PAT-0625,2026-07-26 15:00:00,0.4058,MEDIUM,0.4242,2026-07-26 00:00:00,2026-07-26 15:00:00,"Riesgo MEDIUM para PAT-0625: evidencia sostenida durante 5 ventana(s) (15h). Variable con mayor aporte: SBP (contribución=0.20, concordancia=0.00 con 0/7 variables disponibles). risk_score=0.406, confidence_score=0.424.",risa-vigia-0.1.0
SIG-PAT-0626-c5951eefa1,PAT-0626,2026-07-21 12:00:00,0.5193,MEDIUM,0.4242,2026-07-20 21:00:00,2026-07-21 12:00:00,"Riesgo MEDIUM para PAT-0626: evidencia sostenida durante 5 ventana(s) (15h). Variable con mayor aporte: SBP (contribución=0.26, concordancia=0.14 con 1/7 variables disponibles). risk_score=0.519, confidence_score=0.424.",risa-vigia-0.1.0
SIG-PAT-0626-3349d0e5b7,PAT-0626,2026-07-24 12:00:00,0.3238,MEDIUM,0.4242,2026-07-24 00:00:00,2026-07-24 12:00:00,"Riesgo MEDIUM para PAT-0626: evidencia sostenida durante 4 ventana(s) (12h). Variable con mayor aporte: HR (contribución=0.18, concordancia=0.00 con 0/7 variables disponibles). risk_score=0.324, confidence_score=0.424.",risa-vigia-0.1.0
SIG-PAT-0626-2b04b376f5,PAT-0626,2026-07-26 09:00:00,0.5433,MEDIUM,0.4242,2026-07-26 00:00:00,2026-07-26 09:00:00,"Riesgo MEDIUM para PAT-0626: evidencia sostenida durante 3 ventana(s) (9h). Variable con mayor aporte: DBP (contribución=0.31, concordancia=0.14 con 1/7 variables disponibles). risk_score=0.543, confidence_score=0.424.",risa-vigia-0.1.0
SIG-PAT-0627-209a38accd,PAT-0627,2026-07-25 21:00:00,0.5977,HIGH,0.8182,2026-07-24 21:00:00,2026-07-25 21:00:00,"Riesgo HIGH para PAT-0627: evidencia sostenida durante 8 ventana(s) (24h). Variable con mayor aporte: HR (contribución=0.48, concordancia=0.11 con 1/9 variables disponibles). risk_score=0.598, confidence_score=0.818.",risa-vigia-0.1.0
SIG-PAT-0627-c95a71ec81,PAT-0627,2026-07-27 18:00:00,0.9416,CRITICAL,0.4242,2026-07-25 21:00:00,2026-07-27 18:00:00,"Riesgo CRITICAL para PAT-0627: evidencia sostenida durante 15 ventana(s) (45h). Variable con mayor aporte: RR (contribución=0.65, concordancia=0.43 con 3/7 variables disponibles). risk_score=0.942, confidence_score=0.424.",risa-vigia-0.1.0
SIG-PAT-0628-2ab3ffae3f,PAT-0628,2026-07-15 21:00:00,0.524,MEDIUM,0.4242,2026-07-15 06:00:00,2026-07-15 21:00:00,"Riesgo MEDIUM para PAT-0628: evidencia sostenida durante 5 ventana(s) (15h). Variable con mayor aporte: SpO2 (contribución=0.41, concordancia=0.14 con 1/7 variables disponibles). risk_score=0.524, confidence_score=0.424.",risa-vigia-0.1.0
SIG-PAT-0628-32cc3b389d,PAT-0628,2026-07-16 15:00:00,0.5448,MEDIUM,0.7273,2026-07-15 21:00:00,2026-07-16 15:00:00,"Riesgo MEDIUM para PAT-0628: evidencia sostenida durante 6 ventana(s) (18h). Variable con mayor aporte: LAB_C (contribución=0.29, concordancia=0.12 con 1/8 variables disponibles). risk_score=0.545, confidence_score=0.727.",risa-vigia-0.1.0
SIG-PAT-0628-4422e362b8,PAT-0628,2026-07-20 09:00:00,0.4092,MEDIUM,0.4242,2026-07-20 00:00:00,2026-07-20 09:00:00,"Riesgo MEDIUM para PAT-0628: evidencia sostenida durante 3 ventana(s) (9h). Variable con mayor aporte: HR (contribución=0.22, concordancia=0.00 con 0/7 variables disponibles). risk_score=0.409, confidence_score=0.424.",risa-vigia-0.1.0
SIG-PAT-0629-21238f28c6,PAT-0629,2026-07-08 12:00:00,0.4029,MEDIUM,0.4242,2026-07-08 00:00:00,2026-07-08 12:00:00,"Riesgo MEDIUM para PAT-0629: evidencia sostenida durante 4 ventana(s) (12h). Variable con mayor aporte: DBP (contribución=0.18, concordancia=0.00 con 0/7 variables disponibles). risk_score=0.403, confidence_score=0.424.",risa-vigia-0.1.0
SIG-PAT-0630-f99775c8f6,PAT-0630,2026-07-12 12:00:00,0.5039,MEDIUM,0.4242,2026-07-11 00:00:00,2026-07-12 12:00:00,"Riesgo MEDIUM para PAT-0630: evidencia sostenida durante 12 ventana(s) (36h). Variable con mayor aporte: RR (contribución=0.22, concordancia=0.00 con 0/7 variables disponibles). risk_score=0.504, confidence_score=0.424.",risa-vigia-0.1.0
SIG-PAT-0630-6bcf2b3fc2,PAT-0630,2026-07-13 15:00:00,0.5149,MEDIUM,0.4242,2026-07-13 03:00:00,2026-07-13 15:00:00,"Riesgo MEDIUM para PAT-0630: evidencia sostenida durante 4 ventana(s) (12h). Variable con mayor aporte: SBP (contribución=0.27, concordancia=0.14 con 1/7 variables disponibles). risk_score=0.515, confidence_score=0.424.",risa-vigia-0.1.0
SIG-PAT-0631-063bfb2a33,PAT-0631,2026-07-20 18:00:00,0.6491,HIGH,0.4242,2026-07-20 00:00:00,2026-07-20 18:00:00,"Riesgo HIGH para PAT-0631: evidencia sostenida durante 6 ventana(s) (18h). Variable con mayor aporte: HR (contribución=0.56, concordancia=0.14 con 1/7 variables disponibles). risk_score=0.649, confidence_score=0.424.",risa-vigia-0.1.0
SIG-PAT-0631-4a8cf65a59,PAT-0631,2026-07-22 12:00:00,0.5537,HIGH,0.9091,2026-07-21 21:00:00,2026-07-22 12:00:00,"Riesgo HIGH para PAT-0631: evidencia sostenida durante 5 ventana(s) (15h). Variable con mayor aporte: DBP (contribución=0.39, concordancia=0.10 con 1/10 variables disponibles). risk_score=0.554, confidence_score=0.909.",risa-vigia-0.1.0
SIG-PAT-0632-664079c16d,PAT-0632,2026-07-23 12:00:00,0.5611,HIGH,0.4242,2026-07-23 00:00:00,2026-07-23 12:00:00,"Riesgo HIGH para PAT-0632: evidencia sostenida durante 4 ventana(s) (12h). Variable con mayor aporte: SBP (contribución=0.32, concordancia=0.14 con 1/7 variables disponibles). risk_score=0.561, confidence_score=0.424.",risa-vigia-0.1.0
SIG-PAT-0633-71a05e383e,PAT-0633,2026-07-16 12:00:00,0.9672,CRITICAL,0.4242,2026-07-14 00:00:00,2026-07-16 12:00:00,"Riesgo CRITICAL para PAT-0633: evidencia sostenida durante 20 ventana(s) (60h). Variable con mayor aporte: SpO2 (contribución=0.67, concordancia=0.57 con 4/7 variables disponibles). risk_score=0.967, confidence_score=0.424.",risa-vigia-0.1.0
SIG-PAT-0633-60d892189e,PAT-0633,2026-07-21 12:00:00,0.5226,MEDIUM,0.4242,2026-07-21 00:00:00,2026-07-21 12:00:00,"Riesgo MEDIUM para PAT-0633: evidencia sostenida durante 4 ventana(s) (12h). Variable con mayor aporte: SBP (contribución=0.29, concordancia=0.14 con 1/7 variables disponibles). risk_score=0.523, confidence_score=0.424.",risa-vigia-0.1.0
SIG-PAT-0634-212aeee76a,PAT-0634,2026-07-12 18:00:00,0.5857,HIGH,0.4134,2026-07-11 21:00:00,2026-07-12 18:00:00,"Riesgo HIGH para PAT-0634: evidencia sostenida durante 7 ventana(s) (21h). Variable con mayor aporte: HR (contribución=0.42, concordancia=0.14 con 1/7 variables disponibles). risk_score=0.586, confidence_score=0.413.",risa-vigia-0.1.0
SIG-PAT-0634-204992a527,PAT-0634,2026-07-16 09:00:00,0.4969,MEDIUM,0.4242,2026-07-15 21:00:00,2026-07-16 09:00:00,"Riesgo MEDIUM para PAT-0634: evidencia sostenida durante 4 ventana(s) (12h). Variable con mayor aporte: DBP (contribución=0.29, concordancia=0.14 con 1/7 variables disponibles). risk_score=0.497, confidence_score=0.424.",risa-vigia-0.1.0
SIG-PAT-0634-c0799fa6f1,PAT-0634,2026-07-18 15:00:00,0.5971,HIGH,0.7273,2026-07-18 00:00:00,2026-07-18 15:00:00,"Riesgo HIGH para PAT-0634: evidencia sostenida durante 5 ventana(s) (15h). Variable con mayor aporte: DBP (contribución=0.47, concordancia=0.12 con 1/8 variables disponibles). risk_score=0.597, confidence_score=0.727.",risa-vigia-0.1.0
SIG-PAT-0634-a04521dddf,PAT-0634,2026-07-23 09:00:00,0.3768,MEDIUM,0.4242,2026-07-22 21:00:00,2026-07-23 09:00:00,"Riesgo MEDIUM para PAT-0634: evidencia sostenida durante 4 ventana(s) (12h). Variable con mayor aporte: DBP (contribución=0.16, concordancia=0.00 con 0/7 variables disponibles). risk_score=0.377, confidence_score=0.424.",risa-vigia-0.1.0
SIG-PAT-0634-c6d4862fbc,PAT-0634,2026-07-29 15:00:00,0.6439,HIGH,0.4242,2026-07-29 03:00:00,2026-07-29 15:00:00,"Riesgo HIGH para PAT-0634: evidencia sostenida durante 4 ventana(s) (12h). Variable con mayor aporte: SBP (contribución=0.32, concordancia=0.14 con 1/7 variables disponibles). risk_score=0.644, confidence_score=0.424.",risa-vigia-0.1.0
SIG-PAT-0635-3bd7f74b5c,PAT-0635,2026-07-30 15:00:00,0.4239,MEDIUM,0.4242,2026-07-30 03:00:00,2026-07-30 15:00:00,"Riesgo MEDIUM para PAT-0635: evidencia sostenida durante 4 ventana(s) (12h). Variable con mayor aporte: SBP (contribución=0.28, concordancia=0.14 con 1/7 variables disponibles). risk_score=0.424, confidence_score=0.424.",risa-vigia-0.1.0
SIG-PAT-0636-78c29437ff,PAT-0636,2026-07-23 00:00:00,0.767,HIGH,0.7273,2026-07-21 12:00:00,2026-07-23 00:00:00,"Riesgo HIGH para PAT-0636: evidencia sostenida durante 12 ventana(s) (36h). Variable con mayor aporte: LAB_B (contribución=0.70, concordancia=0.12 con 1/8 variables disponibles). risk_score=0.767, confidence_score=0.727.",risa-vigia-0.1.0
SIG-PAT-0636-b382a53c5c,PAT-0636,2026-07-23 12:00:00,0.3355,MEDIUM,0.4136,2026-07-23 00:00:00,2026-07-23 12:00:00,"Riesgo MEDIUM para PAT-0636: evidencia sostenida durante 4 ventana(s) (12h). Variable con mayor aporte: HR (contribución=0.21, concordancia=0.00 con 0/7 variables disponibles). risk_score=0.335, confidence_score=0.414.",risa-vigia-0.1.0
SIG-PAT-0636-38c581bca7,PAT-0636,2026-07-24 15:00:00,0.5888,HIGH,0.4242,2026-07-24 03:00:00,2026-07-24 15:00:00,"Riesgo HIGH para PAT-0636: evidencia sostenida durante 4 ventana(s) (12h). Variable con mayor aporte: DBP (contribución=0.48, concordancia=0.14 con 1/7 variables disponibles). risk_score=0.589, confidence_score=0.424.",risa-vigia-0.1.0
SIG-PAT-0636-09e1911ea2,PAT-0636,2026-07-25 12:00:00,0.6105,HIGH,0.4242,2026-07-24 21:00:00,2026-07-25 12:00:00,"Riesgo HIGH para PAT-0636: evidencia sostenida durante 5 ventana(s) (15h). Variable con mayor aporte: DBP (contribución=0.45, concordancia=0.14 con 1/7 variables disponibles). risk_score=0.611, confidence_score=0.424.",risa-vigia-0.1.0
SIG-PAT-0637-94a8b9e519,PAT-0637,2026-07-26 00:00:00,0.7301,HIGH,0.4242,2026-07-23 06:00:00,2026-07-26 00:00:00,"Riesgo HIGH para PAT-0637: evidencia sostenida durante 22 ventana(s) (66h). Variable con mayor aporte: DBP (contribución=0.35, concordancia=0.29 con 2/7 variables disponibles). risk_score=0.730, confidence_score=0.424.",risa-vigia-0.1.0
SIG-PAT-0637-a6c2011477,PAT-0637,2026-07-26 12:00:00,0.5618,HIGH,0.4242,2026-07-26 00:00:00,2026-07-26 12:00:00,"Riesgo HIGH para PAT-0637: evidencia sostenida durante 4 ventana(s) (12h). Variable con mayor aporte: SBP (contribución=0.27, concordancia=0.14 con 1/7 variables disponibles). risk_score=0.562, confidence_score=0.424.",risa-vigia-0.1.0
SIG-PAT-0637-e5d67583c1,PAT-0637,2026-07-27 15:00:00,0.3918,MEDIUM,0.4136,2026-07-27 00:00:00,2026-07-27 15:00:00,"Riesgo MEDIUM para PAT-0637: evidencia sostenida durante 5 ventana(s) (15h). Variable con mayor aporte: RR (contribución=0.16, concordancia=0.00 con 0/7 variables disponibles). risk_score=0.392, confidence_score=0.414.",risa-vigia-0.1.0
SIG-PAT-0637-bd459f4714,PAT-0637,2026-07-28 09:00:00,0.6759,HIGH,0.4242,2026-07-28 03:00:00,2026-07-28 09:00:00,"Riesgo HIGH para PAT-0637: evidencia sostenida durante 2 ventana(s) (6h). Variable con mayor aporte: RR (contribución=0.57, concordancia=0.14 con 1/7 variables disponibles). risk_score=0.676, confidence_score=0.424.",risa-vigia-0.1.0
SIG-PAT-0638-b19999b347,PAT-0638,2026-07-05 09:00:00,0.4346,MEDIUM,0.4242,2026-07-04 21:00:00,2026-07-05 09:00:00,"Riesgo MEDIUM para PAT-0638: evidencia sostenida durante 4 ventana(s) (12h). Variable con mayor aporte: HR (contribución=0.28, concordancia=0.14 con 1/7 variables disponibles). risk_score=0.435, confidence_score=0.424.",risa-vigia-0.1.0
SIG-PAT-0638-7f5741f219,PAT-0638,2026-07-07 09:00:00,0.7412,HIGH,0.8874,2026-07-06 06:00:00,2026-07-07 09:00:00,"Riesgo HIGH para PAT-0638: evidencia sostenida durante 9 ventana(s) (27h). Variable con mayor aporte: LAB_B (contribución=0.70, concordancia=0.10 con 1/10 variables disponibles). risk_score=0.741, confidence_score=0.887.",risa-vigia-0.1.0
SIG-PAT-0639-3e6569b665,PAT-0639,2026-07-23 18:00:00,0.4859,MEDIUM,0.4136,2026-07-23 06:00:00,2026-07-23 18:00:00,"Riesgo MEDIUM para PAT-0639: evidencia sostenida durante 4 ventana(s) (12h). Variable con mayor aporte: SBP (contribución=0.17, concordancia=0.00 con 0/7 variables disponibles). risk_score=0.486, confidence_score=0.414.",risa-vigia-0.1.0
SIG-PAT-0639-5f8bb36c0a,PAT-0639,2026-07-25 12:00:00,0.4971,MEDIUM,0.4242,2026-07-25 00:00:00,2026-07-25 12:00:00,"Riesgo MEDIUM para PAT-0639: evidencia sostenida durante 4 ventana(s) (12h). Variable con mayor aporte: DBP (contribución=0.30, concordancia=0.14 con 1/7 variables disponibles). risk_score=0.497, confidence_score=0.424.",risa-vigia-0.1.0
SIG-PAT-0640-6afbe36d31,PAT-0640,2026-07-05 15:00:00,0.8823,CRITICAL,0.4128,2026-07-04 12:00:00,2026-07-05 15:00:00,"Riesgo CRITICAL para PAT-0640: evidencia sostenida durante 9 ventana(s) (27h). Variable con mayor aporte: SBP (contribución=0.68, concordancia=0.29 con 2/7 variables disponibles). risk_score=0.882, confidence_score=0.413.",risa-vigia-0.1.0
SIG-PAT-0640-ebd0f536e7,PAT-0640,2026-07-06 12:00:00,0.4967,MEDIUM,0.4242,2026-07-05 21:00:00,2026-07-06 12:00:00,"Riesgo MEDIUM para PAT-0640: evidencia sostenida durante 5 ventana(s) (15h). Variable con mayor aporte: HR (contribución=0.34, concordancia=0.14 con 1/7 variables disponibles). risk_score=0.497, confidence_score=0.424.",risa-vigia-0.1.0
SIG-PAT-0640-25340fec61,PAT-0640,2026-07-07 12:00:00,0.7809,HIGH,0.7273,2026-07-06 15:00:00,2026-07-07 12:00:00,"Riesgo HIGH para PAT-0640: evidencia sostenida durante 7 ventana(s) (21h). Variable con mayor aporte: LAB_B (contribución=0.70, concordancia=0.12 con 1/8 variables disponibles). risk_score=0.781, confidence_score=0.727.",risa-vigia-0.1.0
SIG-PAT-0640-081ef18c40,PAT-0640,2026-07-18 15:00:00,0.3589,MEDIUM,0.4242,2026-07-18 00:00:00,2026-07-18 15:00:00,"Riesgo MEDIUM para PAT-0640: evidencia sostenida durante 5 ventana(s) (15h). Variable con mayor aporte: HR (contribución=0.17, concordancia=0.00 con 0/7 variables disponibles). risk_score=0.359, confidence_score=0.424.",risa-vigia-0.1.0
SIG-PAT-0640-a606d85802,PAT-0640,2026-07-22 12:00:00,0.4914,MEDIUM,0.4242,2026-07-21 21:00:00,2026-07-22 12:00:00,"Riesgo MEDIUM para PAT-0640: evidencia sostenida durante 5 ventana(s) (15h). Variable con mayor aporte: RR (contribución=0.22, concordancia=0.00 con 0/7 variables disponibles). risk_score=0.491, confidence_score=0.424.",risa-vigia-0.1.0
SIG-PAT-0641-f123a30588,PAT-0641,2026-07-12 03:00:00,0.4488,MEDIUM,0.4242,2026-07-11 18:00:00,2026-07-12 03:00:00,"Riesgo MEDIUM para PAT-0641: evidencia sostenida durante 3 ventana(s) (9h). Variable con mayor aporte: DBP (contribución=0.31, concordancia=0.14 con 1/7 variables disponibles). risk_score=0.449, confidence_score=0.424.",risa-vigia-0.1.0
SIG-PAT-0642-439a6e6682,PAT-0642,2026-07-18 18:00:00,0.7383,HIGH,0.4242,2026-07-18 00:00:00,2026-07-18 18:00:00,"Riesgo HIGH para PAT-0642: evidencia sostenida durante 6 ventana(s) (18h). Variable con mayor aporte: DBP (contribución=0.67, concordancia=0.14 con 1/7 variables disponibles). risk_score=0.738, confidence_score=0.424.",risa-vigia-0.1.0
SIG-PAT-0642-af0cc99fd4,PAT-0642,2026-07-23 15:00:00,0.6911,HIGH,0.4242,2026-07-22 00:00:00,2026-07-23 15:00:00,"Riesgo HIGH para PAT-0642: evidencia sostenida durante 13 ventana(s) (39h). Variable con mayor aporte: SBP (contribución=0.56, concordancia=0.14 con 1/7 variables disponibles). risk_score=0.691, confidence_score=0.424.",risa-vigia-0.1.0
SIG-PAT-0642-a6d9ff65af,PAT-0642,2026-07-25 15:00:00,0.6004,HIGH,0.4242,2026-07-25 00:00:00,2026-07-25 15:00:00,"Riesgo HIGH para PAT-0642: evidencia sostenida durante 5 ventana(s) (15h). Variable con mayor aporte: SBP (contribución=0.39, concordancia=0.14 con 1/7 variables disponibles). risk_score=0.600, confidence_score=0.424.",risa-vigia-0.1.0
SIG-PAT-0643-46bb714153,PAT-0643,2026-07-16 12:00:00,0.6802,HIGH,0.4242,2026-07-15 12:00:00,2026-07-16 12:00:00,"Riesgo HIGH para PAT-0643: evidencia sostenida durante 8 ventana(s) (24h). Variable con mayor aporte: DBP (contribución=0.57, concordancia=0.14 con 1/7 variables disponibles). risk_score=0.680, confidence_score=0.424.",risa-vigia-0.1.0
SIG-PAT-0644-a5b79de12b,PAT-0644,2026-07-23 15:00:00,0.3084,MEDIUM,0.4242,2026-07-23 03:00:00,2026-07-23 15:00:00,"Riesgo MEDIUM para PAT-0644: evidencia sostenida durante 4 ventana(s) (12h). Variable con mayor aporte: WEARABLE_HR (contribución=0.16, concordancia=0.14 con 1/7 variables disponibles). risk_score=0.308, confidence_score=0.424.",risa-vigia-0.1.0
SIG-PAT-0644-ab035fc5f5,PAT-0644,2026-07-24 12:00:00,0.3883,MEDIUM,0.4242,2026-07-24 00:00:00,2026-07-24 12:00:00,"Riesgo MEDIUM para PAT-0644: evidencia sostenida durante 4 ventana(s) (12h). Variable con mayor aporte: HR (contribución=0.26, concordancia=0.14 con 1/7 variables disponibles). risk_score=0.388, confidence_score=0.424.",risa-vigia-0.1.0
SIG-PAT-0644-721b79f4c0,PAT-0644,2026-07-26 12:00:00,0.5103,MEDIUM,0.4242,2026-07-25 21:00:00,2026-07-26 12:00:00,"Riesgo MEDIUM para PAT-0644: evidencia sostenida durante 5 ventana(s) (15h). Variable con mayor aporte: HR (contribución=0.28, concordancia=0.14 con 1/7 variables disponibles). risk_score=0.510, confidence_score=0.424.",risa-vigia-0.1.0
SIG-PAT-0645-feef1953c9,PAT-0645,2026-07-09 15:00:00,0.9084,CRITICAL,0.4242,2026-07-08 00:00:00,2026-07-09 15:00:00,"Riesgo CRITICAL para PAT-0645: evidencia sostenida durante 13 ventana(s) (39h). Variable con mayor aporte: TEMP (contribución=0.75, concordancia=0.29 con 2/7 variables disponibles). risk_score=0.908, confidence_score=0.424.",risa-vigia-0.1.0
SIG-PAT-0645-b5be64573e,PAT-0645,2026-07-10 15:00:00,0.4827,MEDIUM,0.4242,2026-07-09 21:00:00,2026-07-10 15:00:00,"Riesgo MEDIUM para PAT-0645: evidencia sostenida durante 6 ventana(s) (18h). Variable con mayor aporte: DBP (contribución=0.37, concordancia=0.14 con 1/7 variables disponibles). risk_score=0.483, confidence_score=0.424.",risa-vigia-0.1.0
SIG-PAT-0646-9f91e19477,PAT-0646,2026-07-17 15:00:00,0.4825,MEDIUM,0.4242,2026-07-16 21:00:00,2026-07-17 15:00:00,"Riesgo MEDIUM para PAT-0646: evidencia sostenida durante 6 ventana(s) (18h). Variable con mayor aporte: DBP (contribución=0.30, concordancia=0.14 con 1/7 variables disponibles). risk_score=0.483, confidence_score=0.424.",risa-vigia-0.1.0
SIG-PAT-0646-40565396a6,PAT-0646,2026-07-19 12:00:00,0.6403,HIGH,0.4242,2026-07-18 00:00:00,2026-07-19 12:00:00,"Riesgo HIGH para PAT-0646: evidencia sostenida durante 12 ventana(s) (36h). Variable con mayor aporte: DBP (contribución=0.31, concordancia=0.14 con 1/7 variables disponibles). risk_score=0.640, confidence_score=0.424.",risa-vigia-0.1.0
SIG-PAT-0646-0ceb306370,PAT-0646,2026-07-24 12:00:00,0.3641,MEDIUM,0.4242,2026-07-24 00:00:00,2026-07-24 12:00:00,"Riesgo MEDIUM para PAT-0646: evidencia sostenida durante 4 ventana(s) (12h). Variable con mayor aporte: HR (contribución=0.15, concordancia=0.00 con 0/7 variables disponibles). risk_score=0.364, confidence_score=0.424.",risa-vigia-0.1.0
SIG-PAT-0647-d22fb0008e,PAT-0647,2026-07-16 12:00:00,0.8076,CRITICAL,0.4242,2026-07-15 12:00:00,2026-07-16 12:00:00,"Riesgo CRITICAL para PAT-0647: evidencia sostenida durante 8 ventana(s) (24h). Variable con mayor aporte: HR (contribución=0.50, concordancia=0.29 con 2/7 variables disponibles). risk_score=0.808, confidence_score=0.424.",risa-vigia-0.1.0
SIG-PAT-0647-3b21ad434e,PAT-0647,2026-07-17 12:00:00,0.7671,HIGH,0.7273,2026-07-16 12:00:00,2026-07-17 12:00:00,"Riesgo HIGH para PAT-0647: evidencia sostenida durante 8 ventana(s) (24h). Variable con mayor aporte: LAB_B (contribución=0.70, concordancia=0.12 con 1/8 variables disponibles). risk_score=0.767, confidence_score=0.727.",risa-vigia-0.1.0
SIG-PAT-0647-71c2a506e3,PAT-0647,2026-07-19 12:00:00,0.5671,HIGH,0.4242,2026-07-19 00:00:00,2026-07-19 12:00:00,"Riesgo HIGH para PAT-0647: evidencia sostenida durante 4 ventana(s) (12h). Variable con mayor aporte: SBP (contribución=0.34, concordancia=0.14 con 1/7 variables disponibles). risk_score=0.567, confidence_score=0.424.",risa-vigia-0.1.0
SIG-PAT-0647-ec272d19d5,PAT-0647,2026-07-21 12:00:00,0.3992,MEDIUM,0.4242,2026-07-21 00:00:00,2026-07-21 12:00:00,"Riesgo MEDIUM para PAT-0647: evidencia sostenida durante 4 ventana(s) (12h). Variable con mayor aporte: SBP (contribución=0.23, concordancia=0.00 con 0/7 variables disponibles). risk_score=0.399, confidence_score=0.424.",risa-vigia-0.1.0
SIG-PAT-0649-d195184c5f,PAT-0649,2026-07-27 18:00:00,0.6862,HIGH,0.4242,2026-07-26 21:00:00,2026-07-27 18:00:00,"Riesgo HIGH para PAT-0649: evidencia sostenida durante 7 ventana(s) (21h). Variable con mayor aporte: HR (contribución=0.43, concordancia=0.14 con 1/7 variables disponibles). risk_score=0.686, confidence_score=0.424.",risa-vigia-0.1.0
SIG-PAT-0649-c0554c4956,PAT-0649,2026-07-30 18:00:00,0.6127,HIGH,0.4242,2026-07-30 00:00:00,2026-07-30 18:00:00,"Riesgo HIGH para PAT-0649: evidencia sostenida durante 6 ventana(s) (18h). Variable con mayor aporte: DBP (contribución=0.48, concordancia=0.14 con 1/7 variables disponibles). risk_score=0.613, confidence_score=0.424.",risa-vigia-0.1.0
SIG-PAT-0650-2eb73f14d9,PAT-0650,2026-07-10 18:00:00,0.5265,MEDIUM,0.4242,2026-07-08 15:00:00,2026-07-10 18:00:00,"Riesgo MEDIUM para PAT-0650: evidencia sostenida durante 17 ventana(s) (51h). Variable con mayor aporte: SBP (contribución=0.35, concordancia=0.14 con 1/7 variables disponibles). risk_score=0.527, confidence_score=0.424.",risa-vigia-0.1.0
SIG-PAT-0651-e1e3a3364f,PAT-0651,2026-07-19 12:00:00,0.4267,MEDIUM,0.4242,2026-07-19 00:00:00,2026-07-19 12:00:00,"Riesgo MEDIUM para PAT-0651: evidencia sostenida durante 4 ventana(s) (12h). Variable con mayor aporte: HR (contribución=0.22, concordancia=0.00 con 0/7 variables disponibles). risk_score=0.427, confidence_score=0.424.",risa-vigia-0.1.0
SIG-PAT-0651-db060c7f60,PAT-0651,2026-07-20 15:00:00,0.3821,MEDIUM,0.4242,2026-07-20 03:00:00,2026-07-20 15:00:00,"Riesgo MEDIUM para PAT-0651: evidencia sostenida durante 4 ventana(s) (12h). Variable con mayor aporte: DBP (contribución=0.14, concordancia=0.00 con 0/7 variables disponibles). risk_score=0.382, confidence_score=0.424.",risa-vigia-0.1.0
SIG-PAT-0651-bffd3c25e5,PAT-0651,2026-07-23 15:00:00,0.6336,HIGH,0.4242,2026-07-22 21:00:00,2026-07-23 15:00:00,"Riesgo HIGH para PAT-0651: evidencia sostenida durante 6 ventana(s) (18h). Variable con mayor aporte: DBP (contribución=0.28, concordancia=0.29 con 2/7 variables disponibles). risk_score=0.634, confidence_score=0.424.",risa-vigia-0.1.0
SIG-PAT-0651-b5ec86df2b,PAT-0651,2026-07-24 12:00:00,0.3662,MEDIUM,0.4242,2026-07-24 00:00:00,2026-07-24 12:00:00,"Riesgo MEDIUM para PAT-0651: evidencia sostenida durante 4 ventana(s) (12h). Variable con mayor aporte: HR (contribución=0.12, concordancia=0.00 con 0/7 variables disponibles). risk_score=0.366, confidence_score=0.424.",risa-vigia-0.1.0
SIG-PAT-0652-9967b3d2a2,PAT-0652,2026-07-10 21:00:00,0.4787,MEDIUM,0.4242,2026-07-09 18:00:00,2026-07-10 21:00:00,"Riesgo MEDIUM para PAT-0652: evidencia sostenida durante 9 ventana(s) (27h). Variable con mayor aporte: SBP (contribución=0.37, concordancia=0.14 con 1/7 variables disponibles). risk_score=0.479, confidence_score=0.424.",risa-vigia-0.1.0
SIG-PAT-0652-d092329994,PAT-0652,2026-07-16 18:00:00,0.3308,MEDIUM,0.4242,2026-07-16 00:00:00,2026-07-16 18:00:00,"Riesgo MEDIUM para PAT-0652: evidencia sostenida durante 6 ventana(s) (18h). Variable con mayor aporte: DBP (contribución=0.23, concordancia=0.00 con 0/7 variables disponibles). risk_score=0.331, confidence_score=0.424.",risa-vigia-0.1.0
SIG-PAT-0652-b0d0caffd7,PAT-0652,2026-07-19 18:00:00,0.6308,HIGH,0.4242,2026-07-18 21:00:00,2026-07-19 18:00:00,"Riesgo HIGH para PAT-0652: evidencia sostenida durante 7 ventana(s) (21h). Variable con mayor aporte: DBP (contribución=0.45, concordancia=0.14 con 1/7 variables disponibles). risk_score=0.631, confidence_score=0.424.",risa-vigia-0.1.0
SIG-PAT-0652-0a90b21ed9,PAT-0652,2026-07-20 15:00:00,0.571,HIGH,0.4242,2026-07-20 03:00:00,2026-07-20 15:00:00,"Riesgo HIGH para PAT-0652: evidencia sostenida durante 4 ventana(s) (12h). Variable con mayor aporte: DBP (contribución=0.47, concordancia=0.14 con 1/7 variables disponibles). risk_score=0.571, confidence_score=0.424.",risa-vigia-0.1.0
SIG-PAT-0652-94256c0eb7,PAT-0652,2026-07-23 15:00:00,0.6017,HIGH,0.4242,2026-07-23 00:00:00,2026-07-23 15:00:00,"Riesgo HIGH para PAT-0652: evidencia sostenida durante 5 ventana(s) (15h). Variable con mayor aporte: DBP (contribución=0.45, concordancia=0.14 con 1/7 variables disponibles). risk_score=0.602, confidence_score=0.424.",risa-vigia-0.1.0
SIG-PAT-0652-3a8143af7e,PAT-0652,2026-07-27 12:00:00,0.7891,HIGH,0.4128,2026-07-27 00:00:00,2026-07-27 12:00:00,"Riesgo HIGH para PAT-0652: evidencia sostenida durante 4 ventana(s) (12h). Variable con mayor aporte: SBP (contribución=0.71, concordancia=0.14 con 1/7 variables disponibles). risk_score=0.789, confidence_score=0.413.",risa-vigia-0.1.0
SIG-PAT-0652-b50a961cfe,PAT-0652,2026-07-29 03:00:00,0.7317,HIGH,0.4242,2026-07-28 12:00:00,2026-07-29 03:00:00,"Riesgo HIGH para PAT-0652: evidencia sostenida durante 5 ventana(s) (15h). Variable con mayor aporte: HR (contribución=0.69, concordancia=0.14 con 1/7 variables disponibles). risk_score=0.732, confidence_score=0.424.",risa-vigia-0.1.0
SIG-PAT-0653-8d37131bde,PAT-0653,2026-07-18 12:00:00,0.5756,HIGH,0.4136,2026-07-18 00:00:00,2026-07-18 12:00:00,"Riesgo HIGH para PAT-0653: evidencia sostenida durante 4 ventana(s) (12h). Variable con mayor aporte: HR (contribución=0.41, concordancia=0.14 con 1/7 variables disponibles). risk_score=0.576, confidence_score=0.414.",risa-vigia-0.1.0
SIG-PAT-0653-d25fe6d4a1,PAT-0653,2026-07-20 18:00:00,0.5955,HIGH,0.4242,2026-07-19 21:00:00,2026-07-20 18:00:00,"Riesgo HIGH para PAT-0653: evidencia sostenida durante 7 ventana(s) (21h). Variable con mayor aporte: DBP (contribución=0.27, concordancia=0.29 con 2/7 variables disponibles). risk_score=0.595, confidence_score=0.424.",risa-vigia-0.1.0
SIG-PAT-0653-10b574ea4e,PAT-0653,2026-07-21 09:00:00,0.6757,HIGH,0.4242,2026-07-21 00:00:00,2026-07-21 09:00:00,"Riesgo HIGH para PAT-0653: evidencia sostenida durante 3 ventana(s) (9h). Variable con mayor aporte: SBP (contribución=0.42, concordancia=0.29 con 2/7 variables disponibles). risk_score=0.676, confidence_score=0.424.",risa-vigia-0.1.0
SIG-PAT-0654-4fac6802d6,PAT-0654,2026-07-18 21:00:00,0.5113,MEDIUM,0.4242,2026-07-18 00:00:00,2026-07-18 21:00:00,"Riesgo MEDIUM para PAT-0654: evidencia sostenida durante 7 ventana(s) (21h). Variable con mayor aporte: HR (contribución=0.38, concordancia=0.14 con 1/7 variables disponibles). risk_score=0.511, confidence_score=0.424.",risa-vigia-0.1.0
SIG-PAT-0654-e13406b296,PAT-0654,2026-07-19 21:00:00,0.4761,MEDIUM,0.4242,2026-07-19 00:00:00,2026-07-19 21:00:00,"Riesgo MEDIUM para PAT-0654: evidencia sostenida durante 7 ventana(s) (21h). Variable con mayor aporte: DBP (contribución=0.29, concordancia=0.14 con 1/7 variables disponibles). risk_score=0.476, confidence_score=0.424.",risa-vigia-0.1.0
SIG-PAT-0655-a7a1ee1342,PAT-0655,2026-07-20 12:00:00,0.5276,MEDIUM,0.4242,2026-07-19 18:00:00,2026-07-20 12:00:00,"Riesgo MEDIUM para PAT-0655: evidencia sostenida durante 6 ventana(s) (18h). Variable con mayor aporte: TEMP (contribución=0.22, concordancia=0.00 con 0/7 variables disponibles). risk_score=0.528, confidence_score=0.424.",risa-vigia-0.1.0
SIG-PAT-0656-79f9d81c21,PAT-0656,2026-07-04 09:00:00,0.3786,MEDIUM,0.4242,2026-07-03 21:00:00,2026-07-04 09:00:00,"Riesgo MEDIUM para PAT-0656: evidencia sostenida durante 4 ventana(s) (12h). Variable con mayor aporte: HR (contribución=0.24, concordancia=0.00 con 0/7 variables disponibles). risk_score=0.379, confidence_score=0.424.",risa-vigia-0.1.0
SIG-PAT-0656-4401cdda22,PAT-0656,2026-07-05 12:00:00,0.4122,MEDIUM,0.4242,2026-07-04 21:00:00,2026-07-05 12:00:00,"Riesgo MEDIUM para PAT-0656: evidencia sostenida durante 5 ventana(s) (15h). Variable con mayor aporte: SBP (contribución=0.21, concordancia=0.00 con 0/7 variables disponibles). risk_score=0.412, confidence_score=0.424.",risa-vigia-0.1.0
SIG-PAT-0656-71829e4a49,PAT-0656,2026-07-10 09:00:00,0.5688,HIGH,0.4242,2026-07-10 00:00:00,2026-07-10 09:00:00,"Riesgo HIGH para PAT-0656: evidencia sostenida durante 3 ventana(s) (9h). Variable con mayor aporte: DBP (contribución=0.38, concordancia=0.14 con 1/7 variables disponibles). risk_score=0.569, confidence_score=0.424.",risa-vigia-0.1.0
SIG-PAT-0657-fd43a8ed1e,PAT-0657,2026-07-04 18:00:00,0.6399,HIGH,0.4242,2026-07-01 21:00:00,2026-07-04 18:00:00,"Riesgo HIGH para PAT-0657: evidencia sostenida durante 23 ventana(s) (69h). Variable con mayor aporte: DBP (contribución=0.39, concordancia=0.14 con 1/7 variables disponibles). risk_score=0.640, confidence_score=0.424.",risa-vigia-0.1.0
SIG-PAT-0658-1f2aa597e9,PAT-0658,2026-07-06 12:00:00,0.5592,HIGH,0.4242,2026-07-06 00:00:00,2026-07-06 12:00:00,"Riesgo HIGH para PAT-0658: evidencia sostenida durante 4 ventana(s) (12h). Variable con mayor aporte: HR (contribución=0.28, concordancia=0.29 con 2/7 variables disponibles). risk_score=0.559, confidence_score=0.424.",risa-vigia-0.1.0
SIG-PAT-0660-c909c57082,PAT-0660,2026-07-24 15:00:00,0.6131,HIGH,0.8182,2026-07-23 00:00:00,2026-07-24 15:00:00,"Riesgo HIGH para PAT-0660: evidencia sostenida durante 13 ventana(s) (39h). Variable con mayor aporte: SBP (contribución=0.36, concordancia=0.11 con 1/9 variables disponibles). risk_score=0.613, confidence_score=0.818.",risa-vigia-0.1.0
SIG-PAT-0660-0159803605,PAT-0660,2026-07-25 15:00:00,0.6226,HIGH,0.4242,2026-07-24 18:00:00,2026-07-25 15:00:00,"Riesgo HIGH para PAT-0660: evidencia sostenida durante 7 ventana(s) (21h). Variable con mayor aporte: SBP (contribución=0.42, concordancia=0.14 con 1/7 variables disponibles). risk_score=0.623, confidence_score=0.424.",risa-vigia-0.1.0
SIG-PAT-0661-6e4ea29372,PAT-0661,2026-07-01 21:00:00,0.4407,MEDIUM,0.4242,2026-07-01 03:00:00,2026-07-01 21:00:00,"Riesgo MEDIUM para PAT-0661: evidencia sostenida durante 6 ventana(s) (18h). Variable con mayor aporte: SBP (contribución=0.38, concordancia=0.14 con 1/7 variables disponibles). risk_score=0.441, confidence_score=0.424.",risa-vigia-0.1.0
SIG-PAT-0661-bf7c6db0d4,PAT-0661,2026-07-03 00:00:00,0.6657,HIGH,0.4242,2026-07-02 00:00:00,2026-07-03 00:00:00,"Riesgo HIGH para PAT-0661: evidencia sostenida durante 8 ventana(s) (24h). Variable con mayor aporte: SBP (contribución=0.28, concordancia=0.29 con 2/7 variables disponibles). risk_score=0.666, confidence_score=0.424.",risa-vigia-0.1.0
SIG-PAT-0661-44c0bb8d51,PAT-0661,2026-07-04 15:00:00,0.4625,MEDIUM,0.4242,2026-07-03 00:00:00,2026-07-04 15:00:00,"Riesgo MEDIUM para PAT-0661: evidencia sostenida durante 13 ventana(s) (39h). Variable con mayor aporte: HR (contribución=0.25, concordancia=0.00 con 0/7 variables disponibles). risk_score=0.462, confidence_score=0.424.",risa-vigia-0.1.0
SIG-PAT-0662-2508dd0c4d,PAT-0662,2026-07-11 12:00:00,0.5025,MEDIUM,0.4242,2026-07-10 09:00:00,2026-07-11 12:00:00,"Riesgo MEDIUM para PAT-0662: evidencia sostenida durante 9 ventana(s) (27h). Variable con mayor aporte: SBP (contribución=0.30, concordancia=0.14 con 1/7 variables disponibles). risk_score=0.503, confidence_score=0.424.",risa-vigia-0.1.0
SIG-PAT-0662-70b6a99570,PAT-0662,2026-07-14 21:00:00,0.4429,MEDIUM,0.4128,2026-07-14 03:00:00,2026-07-14 21:00:00,"Riesgo MEDIUM para PAT-0662: evidencia sostenida durante 6 ventana(s) (18h). Variable con mayor aporte: DBP (contribución=0.32, concordancia=0.14 con 1/7 variables disponibles). risk_score=0.443, confidence_score=0.413.",risa-vigia-0.1.0
SIG-PAT-0663-0c694d193d,PAT-0663,2026-07-24 15:00:00,0.5126,MEDIUM,0.403,2026-07-24 00:00:00,2026-07-24 15:00:00,"Riesgo MEDIUM para PAT-0663: evidencia sostenida durante 5 ventana(s) (15h). Variable con mayor aporte: DBP (contribución=0.32, concordancia=0.14 con 1/7 variables disponibles). risk_score=0.513, confidence_score=0.403.",risa-vigia-0.1.0
SIG-PAT-0664-5092928861,PAT-0664,2026-07-09 12:00:00,0.5006,MEDIUM,0.4242,2026-07-08 21:00:00,2026-07-09 12:00:00,"Riesgo MEDIUM para PAT-0664: evidencia sostenida durante 5 ventana(s) (15h). Variable con mayor aporte: HR (contribución=0.34, concordancia=0.14 con 1/7 variables disponibles). risk_score=0.501, confidence_score=0.424.",risa-vigia-0.1.0
SIG-PAT-0664-731d0846c9,PAT-0664,2026-07-13 12:00:00,0.5961,HIGH,0.4242,2026-07-12 00:00:00,2026-07-13 12:00:00,"Riesgo HIGH para PAT-0664: evidencia sostenida durante 12 ventana(s) (36h). Variable con mayor aporte: DBP (contribución=0.54, concordancia=0.14 con 1/7 variables disponibles). risk_score=0.596, confidence_score=0.424.",risa-vigia-0.1.0
SIG-PAT-0664-4430923993,PAT-0664,2026-07-14 12:00:00,0.6189,HIGH,0.4242,2026-07-14 00:00:00,2026-07-14 12:00:00,"Riesgo HIGH para PAT-0664: evidencia sostenida durante 4 ventana(s) (12h). Variable con mayor aporte: SBP (contribución=0.48, concordancia=0.14 con 1/7 variables disponibles). risk_score=0.619, confidence_score=0.424.",risa-vigia-0.1.0
SIG-PAT-0664-51e2178a2f,PAT-0664,2026-07-15 12:00:00,0.7028,HIGH,0.4131,2026-07-14 21:00:00,2026-07-15 12:00:00,"Riesgo HIGH para PAT-0664: evidencia sostenida durante 5 ventana(s) (15h). Variable con mayor aporte: SBP (contribución=0.60, concordancia=0.14 con 1/7 variables disponibles). risk_score=0.703, confidence_score=0.413.",risa-vigia-0.1.0
SIG-PAT-0665-92deea9904,PAT-0665,2026-07-08 12:00:00,0.4253,MEDIUM,0.4242,2026-07-08 00:00:00,2026-07-08 12:00:00,"Riesgo MEDIUM para PAT-0665: evidencia sostenida durante 4 ventana(s) (12h). Variable con mayor aporte: HR (contribución=0.24, concordancia=0.00 con 0/7 variables disponibles). risk_score=0.425, confidence_score=0.424.",risa-vigia-0.1.0
SIG-PAT-0665-ca1c18e72f,PAT-0665,2026-07-11 12:00:00,0.6491,HIGH,0.4125,2026-07-10 21:00:00,2026-07-11 12:00:00,"Riesgo HIGH para PAT-0665: evidencia sostenida durante 5 ventana(s) (15h). Variable con mayor aporte: DBP (contribución=0.55, concordancia=0.14 con 1/7 variables disponibles). risk_score=0.649, confidence_score=0.412.",risa-vigia-0.1.0
SIG-PAT-0666-2b1231222b,PAT-0666,2026-07-26 12:00:00,0.4801,MEDIUM,0.7273,2026-07-25 06:00:00,2026-07-26 12:00:00,"Riesgo MEDIUM para PAT-0666: evidencia sostenida durante 10 ventana(s) (30h). Variable con mayor aporte: HR (contribución=0.31, concordancia=0.12 con 1/8 variables disponibles). risk_score=0.480, confidence_score=0.727.",risa-vigia-0.1.0
SIG-PAT-0667-ca1dbb04dd,PAT-0667,2026-07-05 12:00:00,0.6548,HIGH,0.4242,2026-07-04 18:00:00,2026-07-05 12:00:00,"Riesgo HIGH para PAT-0667: evidencia sostenida durante 6 ventana(s) (18h). Variable con mayor aporte: HR (contribución=0.55, concordancia=0.14 con 1/7 variables disponibles). risk_score=0.655, confidence_score=0.424.",risa-vigia-0.1.0
SIG-PAT-0667-dea87258be,PAT-0667,2026-07-07 12:00:00,0.4384,MEDIUM,0.4242,2026-07-07 00:00:00,2026-07-07 12:00:00,"Riesgo MEDIUM para PAT-0667: evidencia sostenida durante 4 ventana(s) (12h). Variable con mayor aporte: HR (contribución=0.31, concordancia=0.14 con 1/7 variables disponibles). risk_score=0.438, confidence_score=0.424.",risa-vigia-0.1.0
SIG-PAT-0667-005a87e8ce,PAT-0667,2026-07-08 12:00:00,0.4528,MEDIUM,0.4242,2026-07-08 00:00:00,2026-07-08 12:00:00,"Riesgo MEDIUM para PAT-0667: evidencia sostenida durante 4 ventana(s) (12h). Variable con mayor aporte: HR (contribución=0.30, concordancia=0.14 con 1/7 variables disponibles). risk_score=0.453, confidence_score=0.424.",risa-vigia-0.1.0
SIG-PAT-0667-a83e16f51a,PAT-0667,2026-07-09 15:00:00,0.8975,CRITICAL,0.4131,2026-07-08 21:00:00,2026-07-09 15:00:00,"Riesgo CRITICAL para PAT-0667: evidencia sostenida durante 6 ventana(s) (18h). Variable con mayor aporte: DBP (contribución=0.85, concordancia=0.14 con 1/7 variables disponibles). risk_score=0.897, confidence_score=0.413.",risa-vigia-0.1.0
SIG-PAT-0667-cb8cdf3bfc,PAT-0667,2026-07-11 12:00:00,0.3374,MEDIUM,0.4242,2026-07-11 00:00:00,2026-07-11 12:00:00,"Riesgo MEDIUM para PAT-0667: evidencia sostenida durante 4 ventana(s) (12h). Variable con mayor aporte: HR (contribución=0.19, concordancia=0.00 con 0/7 variables disponibles). risk_score=0.337, confidence_score=0.424.",risa-vigia-0.1.0
SIG-PAT-0667-6e798bfb55,PAT-0667,2026-07-12 09:00:00,0.4201,MEDIUM,0.4242,2026-07-12 00:00:00,2026-07-12 09:00:00,"Riesgo MEDIUM para PAT-0667: evidencia sostenida durante 3 ventana(s) (9h). Variable con mayor aporte: HR (contribución=0.25, concordancia=0.00 con 0/7 variables disponibles). risk_score=0.420, confidence_score=0.424.",risa-vigia-0.1.0
SIG-PAT-0668-dfb8999d5e,PAT-0668,2026-07-10 15:00:00,0.554,HIGH,0.4242,2026-07-10 00:00:00,2026-07-10 15:00:00,"Riesgo HIGH para PAT-0668: evidencia sostenida durante 5 ventana(s) (15h). Variable con mayor aporte: DBP (contribución=0.36, concordancia=0.14 con 1/7 variables disponibles). risk_score=0.554, confidence_score=0.424.",risa-vigia-0.1.0
SIG-PAT-0668-f6264713fa,PAT-0668,2026-07-20 18:00:00,0.3628,MEDIUM,0.4242,2026-07-19 21:00:00,2026-07-20 18:00:00,"Riesgo MEDIUM para PAT-0668: evidencia sostenida durante 7 ventana(s) (21h). Variable con mayor aporte: HR (contribución=0.17, concordancia=0.00 con 0/7 variables disponibles). risk_score=0.363, confidence_score=0.424.",risa-vigia-0.1.0
SIG-PAT-0668-ce1635bbb2,PAT-0668,2026-07-23 12:00:00,0.5017,MEDIUM,0.4242,2026-07-23 00:00:00,2026-07-23 12:00:00,"Riesgo MEDIUM para PAT-0668: evidencia sostenida durante 4 ventana(s) (12h). Variable con mayor aporte: SBP (contribución=0.20, concordancia=0.00 con 0/7 variables disponibles). risk_score=0.502, confidence_score=0.424.",risa-vigia-0.1.0
SIG-PAT-0668-fab3c18db3,PAT-0668,2026-07-26 12:00:00,0.8893,CRITICAL,0.4131,2026-07-25 18:00:00,2026-07-26 12:00:00,"Riesgo CRITICAL para PAT-0668: evidencia sostenida durante 6 ventana(s) (18h). Variable con mayor aporte: DBP (contribución=0.85, concordancia=0.14 con 1/7 variables disponibles). risk_score=0.889, confidence_score=0.413.",risa-vigia-0.1.0
SIG-PAT-0668-0f73344738,PAT-0668,2026-07-28 06:00:00,0.4954,MEDIUM,0.4242,2026-07-27 21:00:00,2026-07-28 06:00:00,"Riesgo MEDIUM para PAT-0668: evidencia sostenida durante 3 ventana(s) (9h). Variable con mayor aporte: DBP (contribución=0.27, concordancia=0.14 con 1/7 variables disponibles). risk_score=0.495, confidence_score=0.424.",risa-vigia-0.1.0
SIG-PAT-0669-a9d5d4061a,PAT-0669,2026-07-03 21:00:00,0.7877,HIGH,0.4131,2026-07-01 12:00:00,2026-07-03 21:00:00,"Riesgo HIGH para PAT-0669: evidencia sostenida durante 19 ventana(s) (57h). Variable con mayor aporte: DBP (contribución=0.40, concordancia=0.29 con 2/7 variables disponibles). risk_score=0.788, confidence_score=0.413.",risa-vigia-0.1.0
SIG-PAT-0669-61e6dfdc81,PAT-0669,2026-07-04 12:00:00,0.5392,MEDIUM,0.4242,2026-07-03 21:00:00,2026-07-04 12:00:00,"Riesgo MEDIUM para PAT-0669: evidencia sostenida durante 5 ventana(s) (15h). Variable con mayor aporte: SBP (contribución=0.42, concordancia=0.14 con 1/7 variables disponibles). risk_score=0.539, confidence_score=0.424.",risa-vigia-0.1.0
SIG-PAT-0670-5259b7a872,PAT-0670,2026-07-16 21:00:00,0.6842,HIGH,0.4242,2026-07-15 03:00:00,2026-07-16 21:00:00,"Riesgo HIGH para PAT-0670: evidencia sostenida durante 14 ventana(s) (42h). Variable con mayor aporte: SBP (contribución=0.31, concordancia=0.29 con 2/7 variables disponibles). risk_score=0.684, confidence_score=0.424.",risa-vigia-0.1.0
SIG-PAT-0670-90cd42b8bf,PAT-0670,2026-07-18 00:00:00,0.5405,MEDIUM,0.4242,2026-07-16 21:00:00,2026-07-18 00:00:00,"Riesgo MEDIUM para PAT-0670: evidencia sostenida durante 9 ventana(s) (27h). Variable con mayor aporte: DBP (contribución=0.39, concordancia=0.14 con 1/7 variables disponibles). risk_score=0.540, confidence_score=0.424.",risa-vigia-0.1.0
SIG-PAT-0671-4bb9eb9bd4,PAT-0671,2026-07-03 12:00:00,0.5686,HIGH,0.4242,2026-07-02 06:00:00,2026-07-03 12:00:00,"Riesgo HIGH para PAT-0671: evidencia sostenida durante 10 ventana(s) (30h). Variable con mayor aporte: TEMP (contribución=0.46, concordancia=0.14 con 1/7 variables disponibles). risk_score=0.569, confidence_score=0.424.",risa-vigia-0.1.0
SIG-PAT-0671-932d4972cb,PAT-0671,2026-07-05 00:00:00,0.6861,HIGH,0.4019,2026-07-04 00:00:00,2026-07-05 00:00:00,"Riesgo HIGH para PAT-0671: evidencia sostenida durante 8 ventana(s) (24h). Variable con mayor aporte: SBP (contribución=0.44, concordancia=0.14 con 1/7 variables disponibles). risk_score=0.686, confidence_score=0.402.",risa-vigia-0.1.0
SIG-PAT-0671-fc6ad7db4a,PAT-0671,2026-07-05 09:00:00,0.524,MEDIUM,0.4242,2026-07-05 00:00:00,2026-07-05 09:00:00,"Riesgo MEDIUM para PAT-0671: evidencia sostenida durante 3 ventana(s) (9h). Variable con mayor aporte: SBP (contribución=0.32, concordancia=0.14 con 1/7 variables disponibles). risk_score=0.524, confidence_score=0.424.",risa-vigia-0.1.0
SIG-PAT-0672-ba00333cf7,PAT-0672,2026-07-15 00:00:00,0.683,HIGH,0.4242,2026-07-12 00:00:00,2026-07-15 00:00:00,"Riesgo HIGH para PAT-0672: evidencia sostenida durante 24 ventana(s) (72h). Variable con mayor aporte: DBP (contribución=0.52, concordancia=0.14 con 1/7 variables disponibles). risk_score=0.683, confidence_score=0.424.",risa-vigia-0.1.0
SIG-PAT-0672-6d345db8ae,PAT-0672,2026-07-15 15:00:00,0.4882,MEDIUM,0.4242,2026-07-15 00:00:00,2026-07-15 15:00:00,"Riesgo MEDIUM para PAT-0672: evidencia sostenida durante 5 ventana(s) (15h). Variable con mayor aporte: DBP (contribución=0.28, concordancia=0.14 con 1/7 variables disponibles). risk_score=0.488, confidence_score=0.424.",risa-vigia-0.1.0
SIG-PAT-0673-664afbb973,PAT-0673,2026-07-10 12:00:00,0.4498,MEDIUM,0.4242,2026-07-09 21:00:00,2026-07-10 12:00:00,"Riesgo MEDIUM para PAT-0673: evidencia sostenida durante 5 ventana(s) (15h). Variable con mayor aporte: DBP (contribución=0.28, concordancia=0.14 con 1/7 variables disponibles). risk_score=0.450, confidence_score=0.424.",risa-vigia-0.1.0
SIG-PAT-0673-abf5fc4e9f,PAT-0673,2026-07-14 00:00:00,0.5995,HIGH,0.4242,2026-07-13 12:00:00,2026-07-14 00:00:00,"Riesgo HIGH para PAT-0673: evidencia sostenida durante 4 ventana(s) (12h). Variable con mayor aporte: DBP (contribución=0.53, concordancia=0.14 con 1/7 variables disponibles). risk_score=0.600, confidence_score=0.424.",risa-vigia-0.1.0
SIG-PAT-0674-4821971abc,PAT-0674,2026-07-10 21:00:00,0.4263,MEDIUM,0.4242,2026-07-10 06:00:00,2026-07-10 21:00:00,"Riesgo MEDIUM para PAT-0674: evidencia sostenida durante 5 ventana(s) (15h). Variable con mayor aporte: RR (contribución=0.24, concordancia=0.00 con 0/7 variables disponibles). risk_score=0.426, confidence_score=0.424.",risa-vigia-0.1.0
SIG-PAT-0674-eb4e793d0d,PAT-0674,2026-07-11 12:00:00,0.4283,MEDIUM,0.4242,2026-07-11 00:00:00,2026-07-11 12:00:00,"Riesgo MEDIUM para PAT-0674: evidencia sostenida durante 4 ventana(s) (12h). Variable con mayor aporte: RR (contribución=0.26, concordancia=0.14 con 1/7 variables disponibles). risk_score=0.428, confidence_score=0.424.",risa-vigia-0.1.0
SIG-PAT-0674-12918e47b9,PAT-0674,2026-07-12 15:00:00,0.4269,MEDIUM,0.4242,2026-07-12 00:00:00,2026-07-12 15:00:00,"Riesgo MEDIUM para PAT-0674: evidencia sostenida durante 5 ventana(s) (15h). Variable con mayor aporte: SBP (contribución=0.20, concordancia=0.00 con 0/7 variables disponibles). risk_score=0.427, confidence_score=0.424.",risa-vigia-0.1.0
SIG-PAT-0674-2a2e55d36c,PAT-0674,2026-07-14 09:00:00,0.9068,CRITICAL,0.4242,2026-07-14 00:00:00,2026-07-14 09:00:00,"Riesgo CRITICAL para PAT-0674: evidencia sostenida durante 3 ventana(s) (9h). Variable con mayor aporte: SBP (contribución=0.72, concordancia=0.29 con 2/7 variables disponibles). risk_score=0.907, confidence_score=0.424.",risa-vigia-0.1.0
SIG-PAT-0675-a10488d6d8,PAT-0675,2026-07-06 18:00:00,0.9948,CRITICAL,0.4242,2026-07-04 21:00:00,2026-07-06 18:00:00,"Riesgo CRITICAL para PAT-0675: evidencia sostenida durante 15 ventana(s) (45h). Variable con mayor aporte: RR (contribución=0.80, concordancia=0.57 con 4/7 variables disponibles). risk_score=0.995, confidence_score=0.424.",risa-vigia-0.1.0
SIG-PAT-0675-461982421c,PAT-0675,2026-07-07 15:00:00,0.4965,MEDIUM,0.4242,2026-07-07 00:00:00,2026-07-07 15:00:00,"Riesgo MEDIUM para PAT-0675: evidencia sostenida durante 5 ventana(s) (15h). Variable con mayor aporte: SBP (contribución=0.32, concordancia=0.14 con 1/7 variables disponibles). risk_score=0.496, confidence_score=0.424.",risa-vigia-0.1.0
SIG-PAT-0676-eb36657e39,PAT-0676,2026-07-25 12:00:00,0.4991,MEDIUM,0.7095,2026-07-25 00:00:00,2026-07-25 12:00:00,"Riesgo MEDIUM para PAT-0676: evidencia sostenida durante 4 ventana(s) (12h). Variable con mayor aporte: HR (contribución=0.38, concordancia=0.12 con 1/8 variables disponibles). risk_score=0.499, confidence_score=0.710.",risa-vigia-0.1.0
SIG-PAT-0676-8f02d37d59,PAT-0676,2026-07-28 15:00:00,0.4402,MEDIUM,0.4242,2026-07-27 21:00:00,2026-07-28 15:00:00,"Riesgo MEDIUM para PAT-0676: evidencia sostenida durante 6 ventana(s) (18h). Variable con mayor aporte: SBP (contribución=0.26, concordancia=0.14 con 1/7 variables disponibles). risk_score=0.440, confidence_score=0.424.",risa-vigia-0.1.0
SIG-PAT-0677-34351e976a,PAT-0677,2026-07-02 15:00:00,0.5573,HIGH,0.4242,2026-07-02 00:00:00,2026-07-02 15:00:00,"Riesgo HIGH para PAT-0677: evidencia sostenida durante 5 ventana(s) (15h). Variable con mayor aporte: HR (contribución=0.47, concordancia=0.14 con 1/7 variables disponibles). risk_score=0.557, confidence_score=0.424.",risa-vigia-0.1.0
SIG-PAT-0677-94c421f1b2,PAT-0677,2026-07-04 12:00:00,0.4732,MEDIUM,0.4242,2026-07-03 21:00:00,2026-07-04 12:00:00,"Riesgo MEDIUM para PAT-0677: evidencia sostenida durante 5 ventana(s) (15h). Variable con mayor aporte: DBP (contribución=0.35, concordancia=0.14 con 1/7 variables disponibles). risk_score=0.473, confidence_score=0.424.",risa-vigia-0.1.0
SIG-PAT-0678-8d6d18714a,PAT-0678,2026-07-10 21:00:00,0.7453,HIGH,0.4242,2026-07-06 06:00:00,2026-07-10 21:00:00,"Riesgo HIGH para PAT-0678: evidencia sostenida durante 37 ventana(s) (111h). Variable con mayor aporte: DBP (contribución=0.70, concordancia=0.14 con 1/7 variables disponibles). risk_score=0.745, confidence_score=0.424.",risa-vigia-0.1.0
SIG-PAT-0678-15ec7c7332,PAT-0678,2026-07-12 09:00:00,0.5975,HIGH,0.4242,2026-07-12 00:00:00,2026-07-12 09:00:00,"Riesgo HIGH para PAT-0678: evidencia sostenida durante 3 ventana(s) (9h). Variable con mayor aporte: SBP (contribución=0.43, concordancia=0.14 con 1/7 variables disponibles). risk_score=0.597, confidence_score=0.424.",risa-vigia-0.1.0
SIG-PAT-0679-13a311d331,PAT-0679,2026-07-27 21:00:00,0.4677,MEDIUM,0.8442,2026-07-27 00:00:00,2026-07-27 21:00:00,"Riesgo MEDIUM para PAT-0679: evidencia sostenida durante 7 ventana(s) (21h). Variable con mayor aporte: LAB_B (contribución=0.29, concordancia=0.10 con 1/10 variables disponibles). risk_score=0.468, confidence_score=0.844.",risa-vigia-0.1.0
SIG-PAT-0679-2a784a12e5,PAT-0679,2026-07-28 12:00:00,0.6975,HIGH,0.4242,2026-07-28 00:00:00,2026-07-28 12:00:00,"Riesgo HIGH para PAT-0679: evidencia sostenida durante 4 ventana(s) (12h). Variable con mayor aporte: DBP (contribución=0.51, concordancia=0.14 con 1/7 variables disponibles). risk_score=0.697, confidence_score=0.424.",risa-vigia-0.1.0
SIG-PAT-0679-684317b85b,PAT-0679,2026-07-29 12:00:00,0.7121,HIGH,0.4242,2026-07-29 00:00:00,2026-07-29 12:00:00,"Riesgo HIGH para PAT-0679: evidencia sostenida durante 4 ventana(s) (12h). Variable con mayor aporte: SBP (contribución=0.56, concordancia=0.14 con 1/7 variables disponibles). risk_score=0.712, confidence_score=0.424.",risa-vigia-0.1.0
SIG-PAT-0679-f226623c74,PAT-0679,2026-07-31 03:00:00,0.6544,HIGH,0.4131,2026-07-30 12:00:00,2026-07-31 03:00:00,"Riesgo HIGH para PAT-0679: evidencia sostenida durante 5 ventana(s) (15h). Variable con mayor aporte: SBP (contribución=0.59, concordancia=0.14 con 1/7 variables disponibles). risk_score=0.654, confidence_score=0.413.",risa-vigia-0.1.0
SIG-PAT-0680-f028d0b240,PAT-0680,2026-07-15 12:00:00,0.5073,MEDIUM,0.4242,2026-07-13 21:00:00,2026-07-15 12:00:00,"Riesgo MEDIUM para PAT-0680: evidencia sostenida durante 13 ventana(s) (39h). Variable con mayor aporte: SBP (contribución=0.35, concordancia=0.14 con 1/7 variables disponibles). risk_score=0.507, confidence_score=0.424.",risa-vigia-0.1.0
SIG-PAT-0680-468c64abc9,PAT-0680,2026-07-17 12:00:00,0.5594,HIGH,0.4242,2026-07-17 00:00:00,2026-07-17 12:00:00,"Riesgo HIGH para PAT-0680: evidencia sostenida durante 4 ventana(s) (12h). Variable con mayor aporte: RR (contribución=0.27, concordancia=0.14 con 1/7 variables disponibles). risk_score=0.559, confidence_score=0.424.",risa-vigia-0.1.0
SIG-PAT-0681-20395d402a,PAT-0681,2026-07-08 12:00:00,0.5323,MEDIUM,0.4242,2026-07-07 21:00:00,2026-07-08 12:00:00,"Riesgo MEDIUM para PAT-0681: evidencia sostenida durante 5 ventana(s) (15h). Variable con mayor aporte: HR (contribución=0.36, concordancia=0.14 con 1/7 variables disponibles). risk_score=0.532, confidence_score=0.424.",risa-vigia-0.1.0
SIG-PAT-0681-9fba72fc2b,PAT-0681,2026-07-09 12:00:00,0.4853,MEDIUM,0.4242,2026-07-08 15:00:00,2026-07-09 12:00:00,"Riesgo MEDIUM para PAT-0681: evidencia sostenida durante 7 ventana(s) (21h). Variable con mayor aporte: HR (contribución=0.39, concordancia=0.14 con 1/7 variables disponibles). risk_score=0.485, confidence_score=0.424.",risa-vigia-0.1.0
SIG-PAT-0681-31a49f6652,PAT-0681,2026-07-12 12:00:00,0.3635,MEDIUM,0.4242,2026-07-12 00:00:00,2026-07-12 12:00:00,"Riesgo MEDIUM para PAT-0681: evidencia sostenida durante 4 ventana(s) (12h). Variable con mayor aporte: HR (contribución=0.23, concordancia=0.00 con 0/7 variables disponibles). risk_score=0.364, confidence_score=0.424.",risa-vigia-0.1.0
SIG-PAT-0682-dc628b4229,PAT-0682,2026-07-10 12:00:00,0.432,MEDIUM,0.4242,2026-07-09 18:00:00,2026-07-10 12:00:00,"Riesgo MEDIUM para PAT-0682: evidencia sostenida durante 6 ventana(s) (18h). Variable con mayor aporte: TEMP (contribución=0.28, concordancia=0.14 con 1/7 variables disponibles). risk_score=0.432, confidence_score=0.424.",risa-vigia-0.1.0
SIG-PAT-0682-41552514ff,PAT-0682,2026-07-11 06:00:00,0.6773,HIGH,0.4242,2026-07-10 15:00:00,2026-07-11 06:00:00,"Riesgo HIGH para PAT-0682: evidencia sostenida durante 5 ventana(s) (15h). Variable con mayor aporte: HR (contribución=0.62, concordancia=0.14 con 1/7 variables disponibles). risk_score=0.677, confidence_score=0.424.",risa-vigia-0.1.0
SIG-PAT-0682-8451dffd10,PAT-0682,2026-07-16 15:00:00,0.4533,MEDIUM,0.4242,2026-07-16 03:00:00,2026-07-16 15:00:00,"Riesgo MEDIUM para PAT-0682: evidencia sostenida durante 4 ventana(s) (12h). Variable con mayor aporte: DBP (contribución=0.34, concordancia=0.14 con 1/7 variables disponibles). risk_score=0.453, confidence_score=0.424.",risa-vigia-0.1.0
SIG-PAT-0683-87c9d54a7c,PAT-0683,2026-07-13 12:00:00,0.5081,MEDIUM,0.4242,2026-07-12 06:00:00,2026-07-13 12:00:00,"Riesgo MEDIUM para PAT-0683: evidencia sostenida durante 10 ventana(s) (30h). Variable con mayor aporte: DBP (contribución=0.26, concordancia=0.14 con 1/7 variables disponibles). risk_score=0.508, confidence_score=0.424.",risa-vigia-0.1.0
SIG-PAT-0684-4b43ef3ea1,PAT-0684,2026-07-16 15:00:00,0.4953,MEDIUM,0.4242,2026-07-16 00:00:00,2026-07-16 15:00:00,"Riesgo MEDIUM para PAT-0684: evidencia sostenida durante 5 ventana(s) (15h). Variable con mayor aporte: RR (contribución=0.20, concordancia=0.00 con 0/7 variables disponibles). risk_score=0.495, confidence_score=0.424.",risa-vigia-0.1.0
SIG-PAT-0685-6c1d089005,PAT-0685,2026-07-21 12:00:00,0.5633,HIGH,0.4242,2026-07-20 21:00:00,2026-07-21 12:00:00,"Riesgo HIGH para PAT-0685: evidencia sostenida durante 5 ventana(s) (15h). Variable con mayor aporte: SBP (contribución=0.40, concordancia=0.14 con 1/7 variables disponibles). risk_score=0.563, confidence_score=0.424.",risa-vigia-0.1.0
SIG-PAT-0685-9333dd1b21,PAT-0685,2026-07-22 09:00:00,0.7272,HIGH,0.4242,2026-07-21 15:00:00,2026-07-22 09:00:00,"Riesgo HIGH para PAT-0685: evidencia sostenida durante 6 ventana(s) (18h). Variable con mayor aporte: SBP (contribución=0.41, concordancia=0.29 con 2/7 variables disponibles). risk_score=0.727, confidence_score=0.424.",risa-vigia-0.1.0
SIG-PAT-0685-cb579ab4ad,PAT-0685,2026-07-25 00:00:00,0.4875,MEDIUM,0.4242,2026-07-24 00:00:00,2026-07-25 00:00:00,"Riesgo MEDIUM para PAT-0685: evidencia sostenida durante 8 ventana(s) (24h). Variable con mayor aporte: DBP (contribución=0.32, concordancia=0.14 con 1/7 variables disponibles). risk_score=0.488, confidence_score=0.424.",risa-vigia-0.1.0
SIG-PAT-0685-77359170ed,PAT-0685,2026-07-25 21:00:00,0.4228,MEDIUM,0.4242,2026-07-25 12:00:00,2026-07-25 21:00:00,"Riesgo MEDIUM para PAT-0685: evidencia sostenida durante 3 ventana(s) (9h). Variable con mayor aporte: DBP (contribución=0.30, concordancia=0.14 con 1/7 variables disponibles). risk_score=0.423, confidence_score=0.424.",risa-vigia-0.1.0
SIG-PAT-0686-7bf913d051,PAT-0686,2026-07-08 12:00:00,0.4808,MEDIUM,0.4242,2026-07-07 03:00:00,2026-07-08 12:00:00,"Riesgo MEDIUM para PAT-0686: evidencia sostenida durante 11 ventana(s) (33h). Variable con mayor aporte: TEMP (contribución=0.37, concordancia=0.14 con 1/7 variables disponibles). risk_score=0.481, confidence_score=0.424.",risa-vigia-0.1.0
SIG-PAT-0686-aa179a43b6,PAT-0686,2026-07-09 12:00:00,0.4884,MEDIUM,0.4019,2026-07-09 00:00:00,2026-07-09 12:00:00,"Riesgo MEDIUM para PAT-0686: evidencia sostenida durante 4 ventana(s) (12h). Variable con mayor aporte: DBP (contribución=0.27, concordancia=0.14 con 1/7 variables disponibles). risk_score=0.488, confidence_score=0.402.",risa-vigia-0.1.0
SIG-PAT-0687-51e958c399,PAT-0687,2026-07-16 15:00:00,0.6048,HIGH,0.4131,2026-07-15 21:00:00,2026-07-16 15:00:00,"Riesgo HIGH para PAT-0687: evidencia sostenida durante 6 ventana(s) (18h). Variable con mayor aporte: HR (contribución=0.28, concordancia=0.14 con 1/7 variables disponibles). risk_score=0.605, confidence_score=0.413.",risa-vigia-0.1.0
SIG-PAT-0688-b14a0e9349,PAT-0688,2026-07-12 21:00:00,0.7126,HIGH,0.4242,2026-07-10 18:00:00,2026-07-12 21:00:00,"Riesgo HIGH para PAT-0688: evidencia sostenida durante 17 ventana(s) (51h). Variable con mayor aporte: HR (contribución=0.52, concordancia=0.29 con 2/7 variables disponibles). risk_score=0.713, confidence_score=0.424.",risa-vigia-0.1.0
SIG-PAT-0688-f2faaa6687,PAT-0688,2026-07-13 15:00:00,0.3818,MEDIUM,0.4242,2026-07-13 00:00:00,2026-07-13 15:00:00,"Riesgo MEDIUM para PAT-0688: evidencia sostenida durante 5 ventana(s) (15h). Variable con mayor aporte: RR (contribución=0.21, concordancia=0.00 con 0/7 variables disponibles). risk_score=0.382, confidence_score=0.424.",risa-vigia-0.1.0
SIG-PAT-0688-46b525e1b3,PAT-0688,2026-07-15 15:00:00,0.584,HIGH,0.4242,2026-07-14 00:00:00,2026-07-15 15:00:00,"Riesgo HIGH para PAT-0688: evidencia sostenida durante 13 ventana(s) (39h). Variable con mayor aporte: SBP (contribución=0.43, concordancia=0.14 con 1/7 variables disponibles). risk_score=0.584, confidence_score=0.424.",risa-vigia-0.1.0
SIG-PAT-0689-8123ccabbf,PAT-0689,2026-07-22 21:00:00,0.7135,HIGH,0.4242,2026-07-22 09:00:00,2026-07-22 21:00:00,"Riesgo HIGH para PAT-0689: evidencia sostenida durante 4 ventana(s) (12h). Variable con mayor aporte: SBP (contribución=0.58, concordancia=0.14 con 1/7 variables disponibles). risk_score=0.713, confidence_score=0.424.",risa-vigia-0.1.0
SIG-PAT-0689-a5abd637cf,PAT-0689,2026-07-23 12:00:00,0.543,MEDIUM,0.4242,2026-07-23 00:00:00,2026-07-23 12:00:00,"Riesgo MEDIUM para PAT-0689: evidencia sostenida durante 4 ventana(s) (12h). Variable con mayor aporte: SBP (contribución=0.28, concordancia=0.14 con 1/7 variables disponibles). risk_score=0.543, confidence_score=0.424.",risa-vigia-0.1.0
SIG-PAT-0689-326ce676e2,PAT-0689,2026-07-24 12:00:00,0.6342,HIGH,0.4242,2026-07-24 00:00:00,2026-07-24 12:00:00,"Riesgo HIGH para PAT-0689: evidencia sostenida durante 4 ventana(s) (12h). Variable con mayor aporte: DBP (contribución=0.44, concordancia=0.14 con 1/7 variables disponibles). risk_score=0.634, confidence_score=0.424.",risa-vigia-0.1.0
SIG-PAT-0689-d7fff0a36d,PAT-0689,2026-07-27 00:00:00,0.6799,HIGH,0.4242,2026-07-26 12:00:00,2026-07-27 00:00:00,"Riesgo HIGH para PAT-0689: evidencia sostenida durante 4 ventana(s) (12h). Variable con mayor aporte: DBP (contribución=0.63, concordancia=0.14 con 1/7 variables disponibles). risk_score=0.680, confidence_score=0.424.",risa-vigia-0.1.0
SIG-PAT-0692-ea873181e6,PAT-0692,2026-07-09 12:00:00,0.5875,HIGH,0.4242,2026-07-08 18:00:00,2026-07-09 12:00:00,"Riesgo HIGH para PAT-0692: evidencia sostenida durante 6 ventana(s) (18h). Variable con mayor aporte: DBP (contribución=0.42, concordancia=0.14 con 1/7 variables disponibles). risk_score=0.587, confidence_score=0.424.",risa-vigia-0.1.0
SIG-PAT-0692-3119a96d19,PAT-0692,2026-07-11 00:00:00,0.9186,CRITICAL,0.4242,2026-07-10 00:00:00,2026-07-11 00:00:00,"Riesgo CRITICAL para PAT-0692: evidencia sostenida durante 8 ventana(s) (24h). Variable con mayor aporte: HR (contribución=0.60, concordancia=0.43 con 3/7 variables disponibles). risk_score=0.919, confidence_score=0.424.",risa-vigia-0.1.0
SIG-PAT-0692-4b1a932851,PAT-0692,2026-07-12 12:00:00,0.6478,HIGH,0.4242,2026-07-11 18:00:00,2026-07-12 12:00:00,"Riesgo HIGH para PAT-0692: evidencia sostenida durante 6 ventana(s) (18h). Variable con mayor aporte: DBP (contribución=0.48, concordancia=0.14 con 1/7 variables disponibles). risk_score=0.648, confidence_score=0.424.",risa-vigia-0.1.0
SIG-PAT-0693-0ba8e77f07,PAT-0693,2026-07-13 15:00:00,0.6195,HIGH,0.4242,2026-07-13 00:00:00,2026-07-13 15:00:00,"Riesgo HIGH para PAT-0693: evidencia sostenida durante 5 ventana(s) (15h). Variable con mayor aporte: DBP (contribución=0.40, concordancia=0.14 con 1/7 variables disponibles). risk_score=0.620, confidence_score=0.424.",risa-vigia-0.1.0
SIG-PAT-0694-eba50654ef,PAT-0694,2026-07-18 12:00:00,0.5754,HIGH,0.4242,2026-07-17 21:00:00,2026-07-18 12:00:00,"Riesgo HIGH para PAT-0694: evidencia sostenida durante 5 ventana(s) (15h). Variable con mayor aporte: HR (contribución=0.38, concordancia=0.14 con 1/7 variables disponibles). risk_score=0.575, confidence_score=0.424.",risa-vigia-0.1.0
SIG-PAT-0694-7c6453b826,PAT-0694,2026-07-19 12:00:00,0.6356,HIGH,0.4136,2026-07-18 12:00:00,2026-07-19 12:00:00,"Riesgo HIGH para PAT-0694: evidencia sostenida durante 8 ventana(s) (24h). Variable con mayor aporte: SBP (contribución=0.30, concordancia=0.29 con 2/7 variables disponibles). risk_score=0.636, confidence_score=0.414.",risa-vigia-0.1.0
SIG-PAT-0694-310af500ea,PAT-0694,2026-07-20 12:00:00,0.4468,MEDIUM,0.4242,2026-07-20 00:00:00,2026-07-20 12:00:00,"Riesgo MEDIUM para PAT-0694: evidencia sostenida durante 4 ventana(s) (12h). Variable con mayor aporte: HR (contribución=0.33, concordancia=0.14 con 1/7 variables disponibles). risk_score=0.447, confidence_score=0.424.",risa-vigia-0.1.0
SIG-PAT-0694-8db69122ac,PAT-0694,2026-07-22 00:00:00,0.4324,MEDIUM,0.3535,2026-07-21 06:00:00,2026-07-22 00:00:00,"Riesgo MEDIUM para PAT-0694: evidencia sostenida durante 6 ventana(s) (18h). Variable con mayor aporte: DBP (contribución=0.33, concordancia=0.17 con 1/6 variables disponibles). risk_score=0.432, confidence_score=0.354.",risa-vigia-0.1.0
SIG-PAT-0695-a11e7c35df,PAT-0695,2026-07-13 18:00:00,0.7818,HIGH,0.4242,2026-07-13 00:00:00,2026-07-13 18:00:00,"Riesgo HIGH para PAT-0695: evidencia sostenida durante 6 ventana(s) (18h). Variable con mayor aporte: SBP (contribución=0.70, concordancia=0.14 con 1/7 variables disponibles). risk_score=0.782, confidence_score=0.424.",risa-vigia-0.1.0
SIG-PAT-0695-e8b9946297,PAT-0695,2026-07-14 09:00:00,0.4855,MEDIUM,0.4242,2026-07-13 21:00:00,2026-07-14 09:00:00,"Riesgo MEDIUM para PAT-0695: evidencia sostenida durante 4 ventana(s) (12h). Variable con mayor aporte: SBP (contribución=0.34, concordancia=0.14 con 1/7 variables disponibles). risk_score=0.485, confidence_score=0.424.",risa-vigia-0.1.0
SIG-PAT-0696-dca8a1da99,PAT-0696,2026-07-23 18:00:00,0.5187,MEDIUM,0.4242,2026-07-23 06:00:00,2026-07-23 18:00:00,"Riesgo MEDIUM para PAT-0696: evidencia sostenida durante 4 ventana(s) (12h). Variable con mayor aporte: TEMP (contribución=0.45, concordancia=0.14 con 1/7 variables disponibles). risk_score=0.519, confidence_score=0.424.",risa-vigia-0.1.0
SIG-PAT-0697-cdc8fae5b7,PAT-0697,2026-07-22 18:00:00,0.4614,MEDIUM,0.4242,2026-07-21 21:00:00,2026-07-22 18:00:00,"Riesgo MEDIUM para PAT-0697: evidencia sostenida durante 7 ventana(s) (21h). Variable con mayor aporte: DBP (contribución=0.33, concordancia=0.14 con 1/7 variables disponibles). risk_score=0.461, confidence_score=0.424.",risa-vigia-0.1.0
SIG-PAT-0697-a58a4f1c10,PAT-0697,2026-07-23 12:00:00,0.5392,MEDIUM,0.4128,2026-07-23 00:00:00,2026-07-23 12:00:00,"Riesgo MEDIUM para PAT-0697: evidencia sostenida durante 4 ventana(s) (12h). Variable con mayor aporte: SBP (contribución=0.30, concordancia=0.14 con 1/7 variables disponibles). risk_score=0.539, confidence_score=0.413.",risa-vigia-0.1.0
SIG-PAT-0697-fd6a89dc56,PAT-0697,2026-07-25 18:00:00,0.4841,MEDIUM,0.4131,2026-07-24 21:00:00,2026-07-25 18:00:00,"Riesgo MEDIUM para PAT-0697: evidencia sostenida durante 7 ventana(s) (21h). Variable con mayor aporte: SBP (contribución=0.31, concordancia=0.14 con 1/7 variables disponibles). risk_score=0.484, confidence_score=0.413.",risa-vigia-0.1.0
SIG-PAT-0697-877a38d748,PAT-0697,2026-07-27 21:00:00,0.6894,HIGH,0.4242,2026-07-26 21:00:00,2026-07-27 21:00:00,"Riesgo HIGH para PAT-0697: evidencia sostenida durante 8 ventana(s) (24h). Variable con mayor aporte: DBP (contribución=0.53, concordancia=0.14 con 1/7 variables disponibles). risk_score=0.689, confidence_score=0.424.",risa-vigia-0.1.0
SIG-PAT-0697-41f68fc9b8,PAT-0697,2026-07-28 09:00:00,0.3439,MEDIUM,0.4242,2026-07-27 21:00:00,2026-07-28 09:00:00,"Riesgo MEDIUM para PAT-0697: evidencia sostenida durante 4 ventana(s) (12h). Variable con mayor aporte: TEMP (contribución=0.14, concordancia=0.00 con 0/7 variables disponibles). risk_score=0.344, confidence_score=0.424.",risa-vigia-0.1.0
SIG-PAT-0699-ca4c774c2c,PAT-0699,2026-07-26 21:00:00,0.8193,CRITICAL,0.4242,2026-07-25 21:00:00,2026-07-26 21:00:00,"Riesgo CRITICAL para PAT-0699: evidencia sostenida durante 8 ventana(s) (24h). Variable con mayor aporte: HR (contribución=0.56, concordancia=0.29 con 2/7 variables disponibles). risk_score=0.819, confidence_score=0.424.",risa-vigia-0.1.0
SIG-PAT-0699-17dd25e266,PAT-0699,2026-07-30 12:00:00,0.3178,MEDIUM,0.4242,2026-07-30 00:00:00,2026-07-30 12:00:00,"Riesgo MEDIUM para PAT-0699: evidencia sostenida durante 4 ventana(s) (12h). Variable con mayor aporte: HR (contribución=0.18, concordancia=0.00 con 0/7 variables disponibles). risk_score=0.318, confidence_score=0.424.",risa-vigia-0.1.0
SIG-PAT-0700-011ad0b97f,PAT-0700,2026-07-12 12:00:00,0.5895,HIGH,0.4242,2026-07-11 15:00:00,2026-07-12 12:00:00,"Riesgo HIGH para PAT-0700: evidencia sostenida durante 7 ventana(s) (21h). Variable con mayor aporte: HR (contribución=0.30, concordancia=0.14 con 1/7 variables disponibles). risk_score=0.589, confidence_score=0.424.",risa-vigia-0.1.0
SIG-PAT-0700-cce6d2df6b,PAT-0700,2026-07-13 12:00:00,0.499,MEDIUM,0.4242,2026-07-12 21:00:00,2026-07-13 12:00:00,"Riesgo MEDIUM para PAT-0700: evidencia sostenida durante 5 ventana(s) (15h). Variable con mayor aporte: SBP (contribución=0.28, concordancia=0.14 con 1/7 variables disponibles). risk_score=0.499, confidence_score=0.424.",risa-vigia-0.1.0
SIG-PAT-0701-4685d7c637,PAT-0701,2026-07-14 09:00:00,0.8662,CRITICAL,0.4242,2026-07-11 15:00:00,2026-07-14 09:00:00,"Riesgo CRITICAL para PAT-0701: evidencia sostenida durante 22 ventana(s) (66h). Variable con mayor aporte: HR (contribución=0.58, concordancia=0.29 con 2/7 variables disponibles). risk_score=0.866, confidence_score=0.424.",risa-vigia-0.1.0
SIG-PAT-0702-31925f2bc6,PAT-0702,2026-07-28 12:00:00,0.486,MEDIUM,0.7273,2026-07-28 00:00:00,2026-07-28 12:00:00,"Riesgo MEDIUM para PAT-0702: evidencia sostenida durante 4 ventana(s) (12h). Variable con mayor aporte: HR (contribución=0.31, concordancia=0.12 con 1/8 variables disponibles). risk_score=0.486, confidence_score=0.727.",risa-vigia-0.1.0
SIG-PAT-0702-1ccbf0af72,PAT-0702,2026-07-29 12:00:00,0.369,MEDIUM,0.4242,2026-07-29 00:00:00,2026-07-29 12:00:00,"Riesgo MEDIUM para PAT-0702: evidencia sostenida durante 4 ventana(s) (12h). Variable con mayor aporte: HR (contribución=0.24, concordancia=0.00 con 0/7 variables disponibles). risk_score=0.369, confidence_score=0.424.",risa-vigia-0.1.0
SIG-PAT-0703-9ec00c2a64,PAT-0703,2026-07-16 12:00:00,0.6407,HIGH,0.4242,2026-07-15 21:00:00,2026-07-16 12:00:00,"Riesgo HIGH para PAT-0703: evidencia sostenida durante 5 ventana(s) (15h). Variable con mayor aporte: HR (contribución=0.37, concordancia=0.14 con 1/7 variables disponibles). risk_score=0.641, confidence_score=0.424.",risa-vigia-0.1.0
SIG-PAT-0703-e26942b889,PAT-0703,2026-07-18 12:00:00,0.4169,MEDIUM,0.4242,2026-07-17 00:00:00,2026-07-18 12:00:00,"Riesgo MEDIUM para PAT-0703: evidencia sostenida durante 12 ventana(s) (36h). Variable con mayor aporte: HR (contribución=0.31, concordancia=0.14 con 1/7 variables disponibles). risk_score=0.417, confidence_score=0.424.",risa-vigia-0.1.0
SIG-PAT-0704-ea9f1c5905,PAT-0704,2026-07-09 12:00:00,0.7317,HIGH,0.4242,2026-07-08 21:00:00,2026-07-09 12:00:00,"Riesgo HIGH para PAT-0704: evidencia sostenida durante 5 ventana(s) (15h). Variable con mayor aporte: HR (contribución=0.64, concordancia=0.14 con 1/7 variables disponibles). risk_score=0.732, confidence_score=0.424.",risa-vigia-0.1.0
SIG-PAT-0704-edb4a42580,PAT-0704,2026-07-11 12:00:00,0.8688,CRITICAL,0.4242,2026-07-10 00:00:00,2026-07-11 12:00:00,"Riesgo CRITICAL para PAT-0704: evidencia sostenida durante 12 ventana(s) (36h). Variable con mayor aporte: HR (contribución=0.65, concordancia=0.29 con 2/7 variables disponibles). risk_score=0.869, confidence_score=0.424.",risa-vigia-0.1.0
SIG-PAT-0704-e150ca21e2,PAT-0704,2026-07-13 12:00:00,0.7549,HIGH,0.4242,2026-07-13 00:00:00,2026-07-13 12:00:00,"Riesgo HIGH para PAT-0704: evidencia sostenida durante 4 ventana(s) (12h). Variable con mayor aporte: HR (contribución=0.27, concordancia=0.29 con 2/7 variables disponibles). risk_score=0.755, confidence_score=0.424.",risa-vigia-0.1.0
SIG-PAT-0705-89cabb9eca,PAT-0705,2026-07-18 21:00:00,0.3799,MEDIUM,0.4242,2026-07-18 06:00:00,2026-07-18 21:00:00,"Riesgo MEDIUM para PAT-0705: evidencia sostenida durante 5 ventana(s) (15h). Variable con mayor aporte: HR (contribución=0.22, concordancia=0.00 con 0/7 variables disponibles). risk_score=0.380, confidence_score=0.424.",risa-vigia-0.1.0
SIG-PAT-0706-51ef769025,PAT-0706,2026-07-10 15:00:00,0.3984,MEDIUM,0.4242,2026-07-10 03:00:00,2026-07-10 15:00:00,"Riesgo MEDIUM para PAT-0706: evidencia sostenida durante 4 ventana(s) (12h). Variable con mayor aporte: RR (contribución=0.12, concordancia=0.00 con 0/7 variables disponibles). risk_score=0.398, confidence_score=0.424.",risa-vigia-0.1.0
SIG-PAT-0706-61582b8243,PAT-0706,2026-07-12 15:00:00,0.3768,MEDIUM,0.4242,2026-07-12 00:00:00,2026-07-12 15:00:00,"Riesgo MEDIUM para PAT-0706: evidencia sostenida durante 5 ventana(s) (15h). Variable con mayor aporte: HR (contribución=0.19, concordancia=0.00 con 0/7 variables disponibles). risk_score=0.377, confidence_score=0.424.",risa-vigia-0.1.0
SIG-PAT-0707-d27031639d,PAT-0707,2026-07-05 12:00:00,0.6328,HIGH,0.8182,2026-07-05 00:00:00,2026-07-05 12:00:00,"Riesgo HIGH para PAT-0707: evidencia sostenida durante 4 ventana(s) (12h). Variable con mayor aporte: HR (contribución=0.30, concordancia=0.22 con 2/9 variables disponibles). risk_score=0.633, confidence_score=0.818.",risa-vigia-0.1.0
SIG-PAT-0707-b989216471,PAT-0707,2026-07-07 18:00:00,0.7401,HIGH,0.4242,2026-07-06 03:00:00,2026-07-07 18:00:00,"Riesgo HIGH para PAT-0707: evidencia sostenida durante 13 ventana(s) (39h). Variable con mayor aporte: DBP (contribución=0.68, concordancia=0.14 con 1/7 variables disponibles). risk_score=0.740, confidence_score=0.424.",risa-vigia-0.1.0
SIG-PAT-0708-0e773513a0,PAT-0708,2026-07-15 18:00:00,0.7678,HIGH,0.4242,2026-07-13 21:00:00,2026-07-15 18:00:00,"Riesgo HIGH para PAT-0708: evidencia sostenida durante 15 ventana(s) (45h). Variable con mayor aporte: DBP (contribución=0.52, concordancia=0.14 con 1/7 variables disponibles). risk_score=0.768, confidence_score=0.424.",risa-vigia-0.1.0
SIG-PAT-0708-a49f97aa9e,PAT-0708,2026-07-16 15:00:00,0.796,HIGH,0.4242,2026-07-16 00:00:00,2026-07-16 15:00:00,"Riesgo HIGH para PAT-0708: evidencia sostenida durante 5 ventana(s) (15h). Variable con mayor aporte: SBP (contribución=0.41, concordancia=0.29 con 2/7 variables disponibles). risk_score=0.796, confidence_score=0.424.",risa-vigia-0.1.0
SIG-PAT-0708-24db292f8c,PAT-0708,2026-07-19 15:00:00,0.6822,HIGH,0.4242,2026-07-18 00:00:00,2026-07-19 15:00:00,"Riesgo HIGH para PAT-0708: evidencia sostenida durante 13 ventana(s) (39h). Variable con mayor aporte: DBP (contribución=0.38, concordancia=0.29 con 2/7 variables disponibles). risk_score=0.682, confidence_score=0.424.",risa-vigia-0.1.0
SIG-PAT-0709-2ed3d9e595,PAT-0709,2026-07-16 12:00:00,0.7915,HIGH,0.4242,2026-07-14 12:00:00,2026-07-16 12:00:00,"Riesgo HIGH para PAT-0709: evidencia sostenida durante 16 ventana(s) (48h). Variable con mayor aporte: DBP (contribución=0.41, concordancia=0.43 con 3/7 variables disponibles). risk_score=0.792, confidence_score=0.424.",risa-vigia-0.1.0
SIG-PAT-0710-fef7d88547,PAT-0710,2026-07-12 12:00:00,0.5483,MEDIUM,0.4242,2026-07-11 03:00:00,2026-07-12 12:00:00,"Riesgo MEDIUM para PAT-0710: evidencia sostenida durante 11 ventana(s) (33h). Variable con mayor aporte: SBP (contribución=0.48, concordancia=0.14 con 1/7 variables disponibles). risk_score=0.548, confidence_score=0.424.",risa-vigia-0.1.0
SIG-PAT-0710-129c8e0dc0,PAT-0710,2026-07-15 18:00:00,0.4902,MEDIUM,0.4242,2026-07-14 18:00:00,2026-07-15 18:00:00,"Riesgo MEDIUM para PAT-0710: evidencia sostenida durante 8 ventana(s) (24h). Variable con mayor aporte: DBP (contribución=0.30, concordancia=0.14 con 1/7 variables disponibles). risk_score=0.490, confidence_score=0.424.",risa-vigia-0.1.0
SIG-PAT-0711-59ff00e335,PAT-0711,2026-07-23 18:00:00,0.603,HIGH,0.4242,2026-07-22 21:00:00,2026-07-23 18:00:00,"Riesgo HIGH para PAT-0711: evidencia sostenida durante 7 ventana(s) (21h). Variable con mayor aporte: DBP (contribución=0.42, concordancia=0.14 con 1/7 variables disponibles). risk_score=0.603, confidence_score=0.424.",risa-vigia-0.1.0
SIG-PAT-0711-a7af5d6688,PAT-0711,2026-07-24 15:00:00,0.8713,CRITICAL,0.4242,2026-07-24 00:00:00,2026-07-24 15:00:00,"Riesgo CRITICAL para PAT-0711: evidencia sostenida durante 5 ventana(s) (15h). Variable con mayor aporte: DBP (contribución=0.66, concordancia=0.29 con 2/7 variables disponibles). risk_score=0.871, confidence_score=0.424.",risa-vigia-0.1.0
SIG-PAT-0711-463197e7ff,PAT-0711,2026-07-26 00:00:00,0.5141,MEDIUM,0.4242,2026-07-24 15:00:00,2026-07-26 00:00:00,"Riesgo MEDIUM para PAT-0711: evidencia sostenida durante 11 ventana(s) (33h). Variable con mayor aporte: DBP (contribución=0.33, concordancia=0.14 con 1/7 variables disponibles). risk_score=0.514, confidence_score=0.424.",risa-vigia-0.1.0
SIG-PAT-0712-e3a6fd9bdc,PAT-0712,2026-07-12 03:00:00,0.8613,CRITICAL,0.4242,2026-07-10 00:00:00,2026-07-12 03:00:00,"Riesgo CRITICAL para PAT-0712: evidencia sostenida durante 17 ventana(s) (51h). Variable con mayor aporte: RR (contribución=0.43, concordancia=0.43 con 3/7 variables disponibles). risk_score=0.861, confidence_score=0.424.",risa-vigia-0.1.0
SIG-PAT-0713-a50fa085d8,PAT-0713,2026-07-15 15:00:00,0.7221,HIGH,0.4242,2026-07-15 00:00:00,2026-07-15 15:00:00,"Riesgo HIGH para PAT-0713: evidencia sostenida durante 5 ventana(s) (15h). Variable con mayor aporte: HR (contribución=0.58, concordancia=0.14 con 1/7 variables disponibles). risk_score=0.722, confidence_score=0.424.",risa-vigia-0.1.0
SIG-PAT-0713-3f4455c7b5,PAT-0713,2026-07-17 18:00:00,0.5423,MEDIUM,0.4242,2026-07-16 21:00:00,2026-07-17 18:00:00,"Riesgo MEDIUM para PAT-0713: evidencia sostenida durante 7 ventana(s) (21h). Variable con mayor aporte: DBP (contribución=0.36, concordancia=0.14 con 1/7 variables disponibles). risk_score=0.542, confidence_score=0.424.",risa-vigia-0.1.0
SIG-PAT-0713-6ee9a37537,PAT-0713,2026-07-19 09:00:00,0.459,MEDIUM,0.4242,2026-07-19 03:00:00,2026-07-19 09:00:00,"Riesgo MEDIUM para PAT-0713: evidencia sostenida durante 2 ventana(s) (6h). Variable con mayor aporte: RR (contribución=0.35, concordancia=0.14 con 1/7 variables disponibles). risk_score=0.459, confidence_score=0.424.",risa-vigia-0.1.0
SIG-PAT-0714-f68e7996a5,PAT-0714,2026-07-05 18:00:00,0.7173,HIGH,0.7273,2026-07-05 00:00:00,2026-07-05 18:00:00,"Riesgo HIGH para PAT-0714: evidencia sostenida durante 6 ventana(s) (18h). Variable con mayor aporte: HR (contribución=0.48, concordancia=0.25 con 2/8 variables disponibles). risk_score=0.717, confidence_score=0.727.",risa-vigia-0.1.0
SIG-PAT-0714-95f702646f,PAT-0714,2026-07-08 00:00:00,0.6733,HIGH,0.4242,2026-07-06 00:00:00,2026-07-08 00:00:00,"Riesgo HIGH para PAT-0714: evidencia sostenida durante 16 ventana(s) (48h). Variable con mayor aporte: HR (contribución=0.37, concordancia=0.29 con 2/7 variables disponibles). risk_score=0.673, confidence_score=0.424.",risa-vigia-0.1.0
SIG-PAT-0714-e18ee7f42f,PAT-0714,2026-07-10 12:00:00,0.5489,MEDIUM,0.4131,2026-07-10 00:00:00,2026-07-10 12:00:00,"Riesgo MEDIUM para PAT-0714: evidencia sostenida durante 4 ventana(s) (12h). Variable con mayor aporte: DBP (contribución=0.26, concordancia=0.14 con 1/7 variables disponibles). risk_score=0.549, confidence_score=0.413.",risa-vigia-0.1.0
SIG-PAT-0715-7fbfe0ca2b,PAT-0715,2026-07-16 12:00:00,0.6692,HIGH,0.4242,2026-07-14 06:00:00,2026-07-16 12:00:00,"Riesgo HIGH para PAT-0715: evidencia sostenida durante 18 ventana(s) (54h). Variable con mayor aporte: SBP (contribución=0.48, concordancia=0.14 con 1/7 variables disponibles). risk_score=0.669, confidence_score=0.424.",risa-vigia-0.1.0
SIG-PAT-0715-efe420e2e1,PAT-0715,2026-07-19 12:00:00,0.5243,MEDIUM,0.4242,2026-07-18 21:00:00,2026-07-19 12:00:00,"Riesgo MEDIUM para PAT-0715: evidencia sostenida durante 5 ventana(s) (15h). Variable con mayor aporte: SBP (contribución=0.28, concordancia=0.14 con 1/7 variables disponibles). risk_score=0.524, confidence_score=0.424.",risa-vigia-0.1.0
SIG-PAT-0716-cc054450b8,PAT-0716,2026-07-14 09:00:00,0.9974,CRITICAL,0.4242,2026-07-13 00:00:00,2026-07-14 09:00:00,"Riesgo CRITICAL para PAT-0716: evidencia sostenida durante 11 ventana(s) (33h). Variable con mayor aporte: SpO2 (contribución=0.83, concordancia=0.71 con 5/7 variables disponibles). risk_score=0.997, confidence_score=0.424.",risa-vigia-0.1.0
SIG-PAT-0716-0b870b9435,PAT-0716,2026-07-15 12:00:00,0.3627,MEDIUM,0.4242,2026-07-14 18:00:00,2026-07-15 12:00:00,"Riesgo MEDIUM para PAT-0716: evidencia sostenida durante 6 ventana(s) (18h). Variable con mayor aporte: HR (contribución=0.14, concordancia=0.00 con 0/7 variables disponibles). risk_score=0.363, confidence_score=0.424.",risa-vigia-0.1.0
SIG-PAT-0717-7092d39fa3,PAT-0717,2026-07-19 18:00:00,0.4311,MEDIUM,0.4242,2026-07-19 03:00:00,2026-07-19 18:00:00,"Riesgo MEDIUM para PAT-0717: evidencia sostenida durante 5 ventana(s) (15h). Variable con mayor aporte: SBP (contribución=0.34, concordancia=0.14 con 1/7 variables disponibles). risk_score=0.431, confidence_score=0.424.",risa-vigia-0.1.0
SIG-PAT-0718-0bedaefffe,PAT-0718,2026-07-09 15:00:00,0.4692,MEDIUM,0.4242,2026-07-09 00:00:00,2026-07-09 15:00:00,"Riesgo MEDIUM para PAT-0718: evidencia sostenida durante 5 ventana(s) (15h). Variable con mayor aporte: HR (contribución=0.39, concordancia=0.14 con 1/7 variables disponibles). risk_score=0.469, confidence_score=0.424.",risa-vigia-0.1.0
SIG-PAT-0719-47e4c75463,PAT-0719,2026-07-22 15:00:00,0.3769,MEDIUM,0.4242,2026-07-22 03:00:00,2026-07-22 15:00:00,"Riesgo MEDIUM para PAT-0719: evidencia sostenida durante 4 ventana(s) (12h). Variable con mayor aporte: WEARABLE_HR (contribución=0.14, concordancia=0.00 con 0/7 variables disponibles). risk_score=0.377, confidence_score=0.424.",risa-vigia-0.1.0
SIG-PAT-0720-31e7499f88,PAT-0720,2026-07-29 18:00:00,0.5982,HIGH,0.7273,2026-07-28 00:00:00,2026-07-29 18:00:00,"Riesgo HIGH para PAT-0720: evidencia sostenida durante 14 ventana(s) (42h). Variable con mayor aporte: TEMP (contribución=0.47, concordancia=0.12 con 1/8 variables disponibles). risk_score=0.598, confidence_score=0.727.",risa-vigia-0.1.0
SIG-PAT-0721-f1e020820b,PAT-0721,2026-07-04 21:00:00,0.8597,CRITICAL,0.4242,2026-07-03 12:00:00,2026-07-04 21:00:00,"Riesgo CRITICAL para PAT-0721: evidencia sostenida durante 11 ventana(s) (33h). Variable con mayor aporte: HR (contribución=0.57, concordancia=0.29 con 2/7 variables disponibles). risk_score=0.860, confidence_score=0.424.",risa-vigia-0.1.0
SIG-PAT-0721-f32b432c5a,PAT-0721,2026-07-05 18:00:00,0.6511,HIGH,0.4136,2026-07-04 21:00:00,2026-07-05 18:00:00,"Riesgo HIGH para PAT-0721: evidencia sostenida durante 7 ventana(s) (21h). Variable con mayor aporte: SBP (contribución=0.41, concordancia=0.14 con 1/7 variables disponibles). risk_score=0.651, confidence_score=0.414.",risa-vigia-0.1.0
SIG-PAT-0721-82184f6379,PAT-0721,2026-07-06 21:00:00,0.4761,MEDIUM,0.4242,2026-07-06 00:00:00,2026-07-06 21:00:00,"Riesgo MEDIUM para PAT-0721: evidencia sostenida durante 7 ventana(s) (21h). Variable con mayor aporte: HR (contribución=0.31, concordancia=0.14 con 1/7 variables disponibles). risk_score=0.476, confidence_score=0.424.",risa-vigia-0.1.0
SIG-PAT-0721-af9b7043d3,PAT-0721,2026-07-07 15:00:00,0.4082,MEDIUM,0.4242,2026-07-07 00:00:00,2026-07-07 15:00:00,"Riesgo MEDIUM para PAT-0721: evidencia sostenida durante 5 ventana(s) (15h). Variable con mayor aporte: HR (contribución=0.24, concordancia=0.00 con 0/7 variables disponibles). risk_score=0.408, confidence_score=0.424.",risa-vigia-0.1.0
SIG-PAT-0721-d8d120106c,PAT-0721,2026-07-08 15:00:00,0.5869,HIGH,0.4131,2026-07-07 21:00:00,2026-07-08 15:00:00,"Riesgo HIGH para PAT-0721: evidencia sostenida durante 6 ventana(s) (18h). Variable con mayor aporte: DBP (contribución=0.26, concordancia=0.14 con 1/7 variables disponibles). risk_score=0.587, confidence_score=0.413.",risa-vigia-0.1.0
SIG-PAT-0721-e99b755f00,PAT-0721,2026-07-09 12:00:00,0.4715,MEDIUM,0.4242,2026-07-08 21:00:00,2026-07-09 12:00:00,"Riesgo MEDIUM para PAT-0721: evidencia sostenida durante 5 ventana(s) (15h). Variable con mayor aporte: DBP (contribución=0.35, concordancia=0.14 con 1/7 variables disponibles). risk_score=0.471, confidence_score=0.424.",risa-vigia-0.1.0
SIG-PAT-0721-a6496f33d8,PAT-0721,2026-07-11 03:00:00,0.5286,MEDIUM,0.4242,2026-07-10 00:00:00,2026-07-11 03:00:00,"Riesgo MEDIUM para PAT-0721: evidencia sostenida durante 9 ventana(s) (27h). Variable con mayor aporte: SBP (contribución=0.42, concordancia=0.14 con 1/7 variables disponibles). risk_score=0.529, confidence_score=0.424.",risa-vigia-0.1.0
SIG-PAT-0721-d81806da86,PAT-0721,2026-07-15 12:00:00,0.5013,MEDIUM,0.4242,2026-07-15 00:00:00,2026-07-15 12:00:00,"Riesgo MEDIUM para PAT-0721: evidencia sostenida durante 4 ventana(s) (12h). Variable con mayor aporte: SBP (contribución=0.34, concordancia=0.14 con 1/7 variables disponibles). risk_score=0.501, confidence_score=0.424.",risa-vigia-0.1.0
SIG-PAT-0721-2a9f2bc08e,PAT-0721,2026-07-16 15:00:00,0.4471,MEDIUM,0.4131,2026-07-16 00:00:00,2026-07-16 15:00:00,"Riesgo MEDIUM para PAT-0721: evidencia sostenida durante 5 ventana(s) (15h). Variable con mayor aporte: HR (contribución=0.28, concordancia=0.14 con 1/7 variables disponibles). risk_score=0.447, confidence_score=0.413.",risa-vigia-0.1.0
SIG-PAT-0721-8ce6e3954f,PAT-0721,2026-07-21 00:00:00,0.5819,HIGH,0.4242,2026-07-20 09:00:00,2026-07-21 00:00:00,"Riesgo HIGH para PAT-0721: evidencia sostenida durante 5 ventana(s) (15h). Variable con mayor aporte: SpO2 (contribución=0.38, concordancia=0.14 con 1/7 variables disponibles). risk_score=0.582, confidence_score=0.424.",risa-vigia-0.1.0
SIG-PAT-0722-e3a2d53bc3,PAT-0722,2026-07-08 12:00:00,0.6487,HIGH,0.4242,2026-07-07 21:00:00,2026-07-08 12:00:00,"Riesgo HIGH para PAT-0722: evidencia sostenida durante 5 ventana(s) (15h). Variable con mayor aporte: HR (contribución=0.54, concordancia=0.14 con 1/7 variables disponibles). risk_score=0.649, confidence_score=0.424.",risa-vigia-0.1.0
SIG-PAT-0722-e957064069,PAT-0722,2026-07-10 12:00:00,0.6112,HIGH,0.4242,2026-07-09 00:00:00,2026-07-10 12:00:00,"Riesgo HIGH para PAT-0722: evidencia sostenida durante 12 ventana(s) (36h). Variable con mayor aporte: HR (contribución=0.27, concordancia=0.29 con 2/7 variables disponibles). risk_score=0.611, confidence_score=0.424.",risa-vigia-0.1.0
SIG-PAT-0722-98ae4f1e2d,PAT-0722,2026-07-11 12:00:00,0.5317,MEDIUM,0.4242,2026-07-10 21:00:00,2026-07-11 12:00:00,"Riesgo MEDIUM para PAT-0722: evidencia sostenida durante 5 ventana(s) (15h). Variable con mayor aporte: SBP (contribución=0.31, concordancia=0.14 con 1/7 variables disponibles). risk_score=0.532, confidence_score=0.424.",risa-vigia-0.1.0
SIG-PAT-0722-4fc062a5a5,PAT-0722,2026-07-12 18:00:00,0.6291,HIGH,0.3636,2026-07-12 00:00:00,2026-07-12 18:00:00,"Riesgo HIGH para PAT-0722: evidencia sostenida durante 6 ventana(s) (18h). Variable con mayor aporte: DBP (contribución=0.41, concordancia=0.17 con 1/6 variables disponibles). risk_score=0.629, confidence_score=0.364.",risa-vigia-0.1.0
SIG-PAT-0722-7835450230,PAT-0722,2026-07-15 03:00:00,0.4536,MEDIUM,0.4242,2026-07-14 00:00:00,2026-07-15 03:00:00,"Riesgo MEDIUM para PAT-0722: evidencia sostenida durante 9 ventana(s) (27h). Variable con mayor aporte: SBP (contribución=0.35, concordancia=0.14 con 1/7 variables disponibles). risk_score=0.454, confidence_score=0.424.",risa-vigia-0.1.0
SIG-PAT-0723-082c35c9ca,PAT-0723,2026-07-19 12:00:00,0.6394,HIGH,0.4242,2026-07-17 06:00:00,2026-07-19 12:00:00,"Riesgo HIGH para PAT-0723: evidencia sostenida durante 18 ventana(s) (54h). Variable con mayor aporte: HR (contribución=0.51, concordancia=0.14 con 1/7 variables disponibles). risk_score=0.639, confidence_score=0.424.",risa-vigia-0.1.0
SIG-PAT-0723-fdb141f5d7,PAT-0723,2026-07-20 12:00:00,0.3866,MEDIUM,0.4242,2026-07-20 00:00:00,2026-07-20 12:00:00,"Riesgo MEDIUM para PAT-0723: evidencia sostenida durante 4 ventana(s) (12h). Variable con mayor aporte: HR (contribución=0.27, concordancia=0.14 con 1/7 variables disponibles). risk_score=0.387, confidence_score=0.424.",risa-vigia-0.1.0
SIG-PAT-0723-dca88e51cd,PAT-0723,2026-07-21 15:00:00,0.452,MEDIUM,0.4242,2026-07-21 00:00:00,2026-07-21 15:00:00,"Riesgo MEDIUM para PAT-0723: evidencia sostenida durante 5 ventana(s) (15h). Variable con mayor aporte: HR (contribución=0.26, concordancia=0.14 con 1/7 variables disponibles). risk_score=0.452, confidence_score=0.424.",risa-vigia-0.1.0
SIG-PAT-0723-1f3eac4b90,PAT-0723,2026-07-22 12:00:00,0.3983,MEDIUM,0.4242,2026-07-22 00:00:00,2026-07-22 12:00:00,"Riesgo MEDIUM para PAT-0723: evidencia sostenida durante 4 ventana(s) (12h). Variable con mayor aporte: HR (contribución=0.19, concordancia=0.00 con 0/7 variables disponibles). risk_score=0.398, confidence_score=0.424.",risa-vigia-0.1.0
SIG-PAT-0723-e5be045e6d,PAT-0723,2026-07-23 09:00:00,0.4573,MEDIUM,0.4242,2026-07-23 00:00:00,2026-07-23 09:00:00,"Riesgo MEDIUM para PAT-0723: evidencia sostenida durante 3 ventana(s) (9h). Variable con mayor aporte: HR (contribución=0.24, concordancia=0.00 con 0/7 variables disponibles). risk_score=0.457, confidence_score=0.424.",risa-vigia-0.1.0
SIG-PAT-0724-9feba9d7fd,PAT-0724,2026-07-04 09:00:00,0.5193,MEDIUM,0.4242,2026-07-03 18:00:00,2026-07-04 09:00:00,"Riesgo MEDIUM para PAT-0724: evidencia sostenida durante 5 ventana(s) (15h). Variable con mayor aporte: TEMP (contribución=0.30, concordancia=0.14 con 1/7 variables disponibles). risk_score=0.519, confidence_score=0.424.",risa-vigia-0.1.0
SIG-PAT-0724-8296d0b62a,PAT-0724,2026-07-11 12:00:00,0.4697,MEDIUM,0.7273,2026-07-10 21:00:00,2026-07-11 12:00:00,"Riesgo MEDIUM para PAT-0724: evidencia sostenida durante 5 ventana(s) (15h). Variable con mayor aporte: SBP (contribución=0.32, concordancia=0.12 con 1/8 variables disponibles). risk_score=0.470, confidence_score=0.727.",risa-vigia-0.1.0
SIG-PAT-0724-6f13b3452c,PAT-0724,2026-07-13 21:00:00,0.9612,CRITICAL,0.4242,2026-07-13 06:00:00,2026-07-13 21:00:00,"Riesgo CRITICAL para PAT-0724: evidencia sostenida durante 5 ventana(s) (15h). Variable con mayor aporte: RR (contribución=0.77, concordancia=0.43 con 3/7 variables disponibles). risk_score=0.961, confidence_score=0.424.",risa-vigia-0.1.0
SIG-PAT-0725-4e4f52b643,PAT-0725,2026-07-07 12:00:00,0.3853,MEDIUM,0.4242,2026-07-06 21:00:00,2026-07-07 12:00:00,"Riesgo MEDIUM para PAT-0725: evidencia sostenida durante 5 ventana(s) (15h). Variable con mayor aporte: HR (contribución=0.26, concordancia=0.14 con 1/7 variables disponibles). risk_score=0.385, confidence_score=0.424.",risa-vigia-0.1.0
SIG-PAT-0725-6555278d3d,PAT-0725,2026-07-08 09:00:00,0.8238,CRITICAL,0.4242,2026-07-07 12:00:00,2026-07-08 09:00:00,"Riesgo CRITICAL para PAT-0725: evidencia sostenida durante 7 ventana(s) (21h). Variable con mayor aporte: TEMP (contribución=0.72, concordancia=0.14 con 1/7 variables disponibles). risk_score=0.824, confidence_score=0.424.",risa-vigia-0.1.0
SIG-PAT-0725-9c58e484f4,PAT-0725,2026-07-10 21:00:00,0.5474,MEDIUM,0.4134,2026-07-10 03:00:00,2026-07-10 21:00:00,"Riesgo MEDIUM para PAT-0725: evidencia sostenida durante 6 ventana(s) (18h). Variable con mayor aporte: DBP (contribución=0.46, concordancia=0.14 con 1/7 variables disponibles). risk_score=0.547, confidence_score=0.413.",risa-vigia-0.1.0
SIG-PAT-0725-40b9623aa4,PAT-0725,2026-07-14 18:00:00,0.7442,HIGH,0.4242,2026-07-14 00:00:00,2026-07-14 18:00:00,"Riesgo HIGH para PAT-0725: evidencia sostenida durante 6 ventana(s) (18h). Variable con mayor aporte: SBP (contribución=0.63, concordancia=0.14 con 1/7 variables disponibles). risk_score=0.744, confidence_score=0.424.",risa-vigia-0.1.0
SIG-PAT-0726-95d44d10e1,PAT-0726,2026-07-24 00:00:00,0.7431,HIGH,0.4242,2026-07-22 06:00:00,2026-07-24 00:00:00,"Riesgo HIGH para PAT-0726: evidencia sostenida durante 14 ventana(s) (42h). Variable con mayor aporte: DBP (contribución=0.32, concordancia=0.29 con 2/7 variables disponibles). risk_score=0.743, confidence_score=0.424.",risa-vigia-0.1.0
SIG-PAT-0727-4d5b5859ae,PAT-0727,2026-07-28 12:00:00,0.79,HIGH,0.4242,2026-07-27 00:00:00,2026-07-28 12:00:00,"Riesgo HIGH para PAT-0727: evidencia sostenida durante 12 ventana(s) (36h). Variable con mayor aporte: SBP (contribución=0.49, concordancia=0.29 con 2/7 variables disponibles). risk_score=0.790, confidence_score=0.424.",risa-vigia-0.1.0
SIG-PAT-0727-a6c5a62348,PAT-0727,2026-07-29 18:00:00,0.663,HIGH,0.4242,2026-07-28 21:00:00,2026-07-29 18:00:00,"Riesgo HIGH para PAT-0727: evidencia sostenida durante 7 ventana(s) (21h). Variable con mayor aporte: SBP (contribución=0.45, concordancia=0.14 con 1/7 variables disponibles). risk_score=0.663, confidence_score=0.424.",risa-vigia-0.1.0
SIG-PAT-0728-f2abea2622,PAT-0728,2026-07-13 21:00:00,0.9227,CRITICAL,0.4242,2026-07-11 18:00:00,2026-07-13 21:00:00,"Riesgo CRITICAL para PAT-0728: evidencia sostenida durante 17 ventana(s) (51h). Variable con mayor aporte: SBP (contribución=0.69, concordancia=0.43 con 3/7 variables disponibles). risk_score=0.923, confidence_score=0.424.",risa-vigia-0.1.0
SIG-PAT-0729-84892c8ad0,PAT-0729,2026-07-24 00:00:00,0.7673,HIGH,0.4242,2026-07-23 00:00:00,2026-07-24 00:00:00,"Riesgo HIGH para PAT-0729: evidencia sostenida durante 8 ventana(s) (24h). Variable con mayor aporte: SBP (contribución=0.54, concordancia=0.29 con 2/7 variables disponibles). risk_score=0.767, confidence_score=0.424.",risa-vigia-0.1.0
SIG-PAT-0729-59cf2c1557,PAT-0729,2026-07-24 21:00:00,0.7905,HIGH,0.4242,2026-07-24 00:00:00,2026-07-24 21:00:00,"Riesgo HIGH para PAT-0729: evidencia sostenida durante 7 ventana(s) (21h). Variable con mayor aporte: SBP (contribución=0.59, concordancia=0.29 con 2/7 variables disponibles). risk_score=0.791, confidence_score=0.424.",risa-vigia-0.1.0
SIG-PAT-0729-36898365ae,PAT-0729,2026-07-26 09:00:00,0.8373,CRITICAL,0.4242,2026-07-25 00:00:00,2026-07-26 09:00:00,"Riesgo CRITICAL para PAT-0729: evidencia sostenida durante 11 ventana(s) (33h). Variable con mayor aporte: SBP (contribución=0.59, concordancia=0.43 con 3/7 variables disponibles). risk_score=0.837, confidence_score=0.424.",risa-vigia-0.1.0
SIG-PAT-0730-b02909dcf0,PAT-0730,2026-07-09 12:00:00,0.6679,HIGH,0.4242,2026-07-06 06:00:00,2026-07-09 12:00:00,"Riesgo HIGH para PAT-0730: evidencia sostenida durante 26 ventana(s) (78h). Variable con mayor aporte: HR (contribución=0.56, concordancia=0.14 con 1/7 variables disponibles). risk_score=0.668, confidence_score=0.424.",risa-vigia-0.1.0
SIG-PAT-0730-52d54b1250,PAT-0730,2026-07-10 09:00:00,0.3866,MEDIUM,0.4242,2026-07-10 00:00:00,2026-07-10 09:00:00,"Riesgo MEDIUM para PAT-0730: evidencia sostenida durante 3 ventana(s) (9h). Variable con mayor aporte: HR (contribución=0.20, concordancia=0.00 con 0/7 variables disponibles). risk_score=0.387, confidence_score=0.424.",risa-vigia-0.1.0
SIG-PAT-0731-c5198604bf,PAT-0731,2026-07-15 18:00:00,0.5892,HIGH,0.4242,2026-07-14 06:00:00,2026-07-15 18:00:00,"Riesgo HIGH para PAT-0731: evidencia sostenida durante 12 ventana(s) (36h). Variable con mayor aporte: HR (contribución=0.37, concordancia=0.14 con 1/7 variables disponibles). risk_score=0.589, confidence_score=0.424.",risa-vigia-0.1.0
SIG-PAT-0731-5b8b8f00e7,PAT-0731,2026-07-16 12:00:00,0.5611,HIGH,0.4242,2026-07-16 00:00:00,2026-07-16 12:00:00,"Riesgo HIGH para PAT-0731: evidencia sostenida durante 4 ventana(s) (12h). Variable con mayor aporte: HR (contribución=0.32, concordancia=0.14 con 1/7 variables disponibles). risk_score=0.561, confidence_score=0.424.",risa-vigia-0.1.0
SIG-PAT-0731-2cfd78460c,PAT-0731,2026-07-17 12:00:00,0.3866,MEDIUM,0.4242,2026-07-17 00:00:00,2026-07-17 12:00:00,"Riesgo MEDIUM para PAT-0731: evidencia sostenida durante 4 ventana(s) (12h). Variable con mayor aporte: HR (contribución=0.20, concordancia=0.00 con 0/7 variables disponibles). risk_score=0.387, confidence_score=0.424.",risa-vigia-0.1.0
SIG-PAT-0731-80e6c751b3,PAT-0731,2026-07-18 15:00:00,0.5754,HIGH,0.4242,2026-07-18 00:00:00,2026-07-18 15:00:00,"Riesgo HIGH para PAT-0731: evidencia sostenida durante 5 ventana(s) (15h). Variable con mayor aporte: DBP (contribución=0.42, concordancia=0.14 con 1/7 variables disponibles). risk_score=0.575, confidence_score=0.424.",risa-vigia-0.1.0
SIG-PAT-0731-85131016dd,PAT-0731,2026-07-20 09:00:00,0.8155,CRITICAL,0.4242,2026-07-20 00:00:00,2026-07-20 09:00:00,"Riesgo CRITICAL para PAT-0731: evidencia sostenida durante 3 ventana(s) (9h). Variable con mayor aporte: SpO2 (contribución=0.39, concordancia=0.43 con 3/7 variables disponibles). risk_score=0.815, confidence_score=0.424.",risa-vigia-0.1.0
SIG-PAT-0732-051bb541d5,PAT-0732,2026-07-05 18:00:00,0.6482,HIGH,0.8182,2026-07-03 06:00:00,2026-07-05 18:00:00,"Riesgo HIGH para PAT-0732: evidencia sostenida durante 20 ventana(s) (60h). Variable con mayor aporte: LAB_A (contribución=0.35, concordancia=0.11 con 1/9 variables disponibles). risk_score=0.648, confidence_score=0.818.",risa-vigia-0.1.0
SIG-PAT-0733-3e60b098a1,PAT-0733,2026-07-26 12:00:00,0.6781,HIGH,0.4242,2026-07-24 06:00:00,2026-07-26 12:00:00,"Riesgo HIGH para PAT-0733: evidencia sostenida durante 18 ventana(s) (54h). Variable con mayor aporte: DBP (contribución=0.49, concordancia=0.14 con 1/7 variables disponibles). risk_score=0.678, confidence_score=0.424.",risa-vigia-0.1.0
SIG-PAT-0733-990df9a56f,PAT-0733,2026-07-27 12:00:00,0.392,MEDIUM,0.4242,2026-07-27 00:00:00,2026-07-27 12:00:00,"Riesgo MEDIUM para PAT-0733: evidencia sostenida durante 4 ventana(s) (12h). Variable con mayor aporte: SBP (contribución=0.14, concordancia=0.00 con 0/7 variables disponibles). risk_score=0.392, confidence_score=0.424.",risa-vigia-0.1.0
SIG-PAT-0734-ef844647b3,PAT-0734,2026-07-24 15:00:00,0.8306,CRITICAL,0.4242,2026-07-22 09:00:00,2026-07-24 15:00:00,"Riesgo CRITICAL para PAT-0734: evidencia sostenida durante 18 ventana(s) (54h). Variable con mayor aporte: HR (contribución=0.59, concordancia=0.29 con 2/7 variables disponibles). risk_score=0.831, confidence_score=0.424.",risa-vigia-0.1.0
SIG-PAT-0735-b0c643d14e,PAT-0735,2026-07-08 03:00:00,0.7164,HIGH,0.4242,2026-07-05 15:00:00,2026-07-08 03:00:00,"Riesgo HIGH para PAT-0735: evidencia sostenida durante 20 ventana(s) (60h). Variable con mayor aporte: DBP (contribución=0.66, concordancia=0.14 con 1/7 variables disponibles). risk_score=0.716, confidence_score=0.424.",risa-vigia-0.1.0
SIG-PAT-0735-7fe2f538e0,PAT-0735,2026-07-11 03:00:00,0.4905,MEDIUM,0.4242,2026-07-09 21:00:00,2026-07-11 03:00:00,"Riesgo MEDIUM para PAT-0735: evidencia sostenida durante 10 ventana(s) (30h). Variable con mayor aporte: SBP (contribución=0.32, concordancia=0.14 con 1/7 variables disponibles). risk_score=0.491, confidence_score=0.424.",risa-vigia-0.1.0
SIG-PAT-0735-990112b5b2,PAT-0735,2026-07-14 00:00:00,0.7697,HIGH,0.4242,2026-07-13 12:00:00,2026-07-14 00:00:00,"Riesgo HIGH para PAT-0735: evidencia sostenida durante 4 ventana(s) (12h). Variable con mayor aporte: SBP (contribución=0.50, concordancia=0.29 con 2/7 variables disponibles). risk_score=0.770, confidence_score=0.424.",risa-vigia-0.1.0
SIG-PAT-0735-94337c0019,PAT-0735,2026-07-18 00:00:00,0.4619,MEDIUM,0.4125,2026-07-16 12:00:00,2026-07-18 00:00:00,"Riesgo MEDIUM para PAT-0735: evidencia sostenida durante 12 ventana(s) (36h). Variable con mayor aporte: SBP (contribución=0.35, concordancia=0.14 con 1/7 variables disponibles). risk_score=0.462, confidence_score=0.412.",risa-vigia-0.1.0
SIG-PAT-0735-f06133dbbc,PAT-0735,2026-07-19 12:00:00,0.6214,HIGH,0.4242,2026-07-19 00:00:00,2026-07-19 12:00:00,"Riesgo HIGH para PAT-0735: evidencia sostenida durante 4 ventana(s) (12h). Variable con mayor aporte: SBP (contribución=0.51, concordancia=0.14 con 1/7 variables disponibles). risk_score=0.621, confidence_score=0.424.",risa-vigia-0.1.0
SIG-PAT-0735-b15849ebe0,PAT-0735,2026-07-20 12:00:00,0.4979,MEDIUM,0.4242,2026-07-19 15:00:00,2026-07-20 12:00:00,"Riesgo MEDIUM para PAT-0735: evidencia sostenida durante 7 ventana(s) (21h). Variable con mayor aporte: DBP (contribución=0.35, concordancia=0.14 con 1/7 variables disponibles). risk_score=0.498, confidence_score=0.424.",risa-vigia-0.1.0
SIG-PAT-0735-8dbfdae0b5,PAT-0735,2026-07-23 12:00:00,0.5578,HIGH,0.4242,2026-07-22 18:00:00,2026-07-23 12:00:00,"Riesgo HIGH para PAT-0735: evidencia sostenida durante 6 ventana(s) (18h). Variable con mayor aporte: DBP (contribución=0.41, concordancia=0.14 con 1/7 variables disponibles). risk_score=0.558, confidence_score=0.424.",risa-vigia-0.1.0
SIG-PAT-0735-70762b21d4,PAT-0735,2026-07-25 03:00:00,0.7475,HIGH,0.7273,2026-07-24 12:00:00,2026-07-25 03:00:00,"Riesgo HIGH para PAT-0735: evidencia sostenida durante 5 ventana(s) (15h). Variable con mayor aporte: LAB_B (contribución=0.70, concordancia=0.12 con 1/8 variables disponibles). risk_score=0.747, confidence_score=0.727.",risa-vigia-0.1.0
SIG-PAT-0736-8d8b44f5f5,PAT-0736,2026-07-10 18:00:00,0.8626,CRITICAL,0.4131,2026-07-09 21:00:00,2026-07-10 18:00:00,"Riesgo CRITICAL para PAT-0736: evidencia sostenida durante 7 ventana(s) (21h). Variable con mayor aporte: SBP (contribución=0.84, concordancia=0.14 con 1/7 variables disponibles). risk_score=0.863, confidence_score=0.413.",risa-vigia-0.1.0
SIG-PAT-0736-dd1b1a996a,PAT-0736,2026-07-12 12:00:00,0.7738,HIGH,0.4242,2026-07-12 00:00:00,2026-07-12 12:00:00,"Riesgo HIGH para PAT-0736: evidencia sostenida durante 4 ventana(s) (12h). Variable con mayor aporte: DBP (contribución=0.46, concordancia=0.29 con 2/7 variables disponibles). risk_score=0.774, confidence_score=0.424.",risa-vigia-0.1.0
SIG-PAT-0736-f6013e7c25,PAT-0736,2026-07-13 12:00:00,0.6881,HIGH,0.4242,2026-07-12 21:00:00,2026-07-13 12:00:00,"Riesgo HIGH para PAT-0736: evidencia sostenida durante 5 ventana(s) (15h). Variable con mayor aporte: HR (contribución=0.29, concordancia=0.29 con 2/7 variables disponibles). risk_score=0.688, confidence_score=0.424.",risa-vigia-0.1.0
SIG-PAT-0736-1c400b71e0,PAT-0736,2026-07-15 12:00:00,0.5331,MEDIUM,0.4242,2026-07-15 00:00:00,2026-07-15 12:00:00,"Riesgo MEDIUM para PAT-0736: evidencia sostenida durante 4 ventana(s) (12h). Variable con mayor aporte: SBP (contribución=0.33, concordancia=0.14 con 1/7 variables disponibles). risk_score=0.533, confidence_score=0.424.",risa-vigia-0.1.0
SIG-PAT-0736-dec95b7e93,PAT-0736,2026-07-17 00:00:00,0.4732,MEDIUM,0.4242,2026-07-16 00:00:00,2026-07-17 00:00:00,"Riesgo MEDIUM para PAT-0736: evidencia sostenida durante 8 ventana(s) (24h). Variable con mayor aporte: DBP (contribución=0.39, concordancia=0.14 con 1/7 variables disponibles). risk_score=0.473, confidence_score=0.424.",risa-vigia-0.1.0
SIG-PAT-0736-7a76f30711,PAT-0736,2026-07-18 12:00:00,0.3054,MEDIUM,0.4242,2026-07-18 00:00:00,2026-07-18 12:00:00,"Riesgo MEDIUM para PAT-0736: evidencia sostenida durante 4 ventana(s) (12h). Variable con mayor aporte: HR (contribución=0.13, concordancia=0.00 con 0/7 variables disponibles). risk_score=0.305, confidence_score=0.424.",risa-vigia-0.1.0
SIG-PAT-0736-1c806b2aed,PAT-0736,2026-07-20 12:00:00,0.3874,MEDIUM,0.4242,2026-07-20 00:00:00,2026-07-20 12:00:00,"Riesgo MEDIUM para PAT-0736: evidencia sostenida durante 4 ventana(s) (12h). Variable con mayor aporte: HR (contribución=0.15, concordancia=0.00 con 0/7 variables disponibles). risk_score=0.387, confidence_score=0.424.",risa-vigia-0.1.0
SIG-PAT-0736-97b948ae8e,PAT-0736,2026-07-21 15:00:00,0.4647,MEDIUM,0.4242,2026-07-21 00:00:00,2026-07-21 15:00:00,"Riesgo MEDIUM para PAT-0736: evidencia sostenida durante 5 ventana(s) (15h). Variable con mayor aporte: HR (contribución=0.20, concordancia=0.00 con 0/7 variables disponibles). risk_score=0.465, confidence_score=0.424.",risa-vigia-0.1.0
SIG-PAT-0737-4d9acbe9dd,PAT-0737,2026-07-07 12:00:00,0.5883,HIGH,0.4242,2026-07-07 00:00:00,2026-07-07 12:00:00,"Riesgo HIGH para PAT-0737: evidencia sostenida durante 4 ventana(s) (12h). Variable con mayor aporte: HR (contribución=0.40, concordancia=0.14 con 1/7 variables disponibles). risk_score=0.588, confidence_score=0.424.",risa-vigia-0.1.0
SIG-PAT-0737-7a9e428729,PAT-0737,2026-07-08 18:00:00,0.3621,MEDIUM,0.4242,2026-07-08 00:00:00,2026-07-08 18:00:00,"Riesgo MEDIUM para PAT-0737: evidencia sostenida durante 6 ventana(s) (18h). Variable con mayor aporte: DBP (contribución=0.15, concordancia=0.00 con 0/7 variables disponibles). risk_score=0.362, confidence_score=0.424.",risa-vigia-0.1.0
SIG-PAT-0739-ec8cd84b72,PAT-0739,2026-07-06 12:00:00,0.6945,HIGH,0.4242,2026-07-06 00:00:00,2026-07-06 12:00:00,"Riesgo HIGH para PAT-0739: evidencia sostenida durante 4 ventana(s) (12h). Variable con mayor aporte: SBP (contribución=0.45, concordancia=0.29 con 2/7 variables disponibles). risk_score=0.694, confidence_score=0.424.",risa-vigia-0.1.0
SIG-PAT-0739-f5ee772a35,PAT-0739,2026-07-07 12:00:00,0.3954,MEDIUM,0.4242,2026-07-07 00:00:00,2026-07-07 12:00:00,"Riesgo MEDIUM para PAT-0739: evidencia sostenida durante 4 ventana(s) (12h). Variable con mayor aporte: HR (contribución=0.25, concordancia=0.00 con 0/7 variables disponibles). risk_score=0.395, confidence_score=0.424.",risa-vigia-0.1.0
SIG-PAT-0739-8ee361f35f,PAT-0739,2026-07-10 15:00:00,0.6257,HIGH,0.4242,2026-07-09 00:00:00,2026-07-10 15:00:00,"Riesgo HIGH para PAT-0739: evidencia sostenida durante 13 ventana(s) (39h). Variable con mayor aporte: SBP (contribución=0.49, concordancia=0.14 con 1/7 variables disponibles). risk_score=0.626, confidence_score=0.424.",risa-vigia-0.1.0
SIG-PAT-0739-e758a20b14,PAT-0739,2026-07-11 09:00:00,0.6363,HIGH,0.4242,2026-07-11 00:00:00,2026-07-11 09:00:00,"Riesgo HIGH para PAT-0739: evidencia sostenida durante 3 ventana(s) (9h). Variable con mayor aporte: SBP (contribución=0.41, concordancia=0.14 con 1/7 variables disponibles). risk_score=0.636, confidence_score=0.424.",risa-vigia-0.1.0
SIG-PAT-0740-bbdc0a2b13,PAT-0740,2026-07-25 09:00:00,0.5683,HIGH,0.4242,2026-07-24 15:00:00,2026-07-25 09:00:00,"Riesgo HIGH para PAT-0740: evidencia sostenida durante 6 ventana(s) (18h). Variable con mayor aporte: RR (contribución=0.31, concordancia=0.14 con 1/7 variables disponibles). risk_score=0.568, confidence_score=0.424.",risa-vigia-0.1.0
SIG-PAT-0740-a02fd6c561,PAT-0740,2026-07-26 03:00:00,0.455,MEDIUM,0.4242,2026-07-25 15:00:00,2026-07-26 03:00:00,"Riesgo MEDIUM para PAT-0740: evidencia sostenida durante 4 ventana(s) (12h). Variable con mayor aporte: RR (contribución=0.17, concordancia=0.00 con 0/7 variables disponibles). risk_score=0.455, confidence_score=0.424.",risa-vigia-0.1.0
SIG-PAT-0740-ebf9a3e19b,PAT-0740,2026-07-27 15:00:00,0.9274,CRITICAL,0.4242,2026-07-26 18:00:00,2026-07-27 15:00:00,"Riesgo CRITICAL para PAT-0740: evidencia sostenida durante 7 ventana(s) (21h). Variable con mayor aporte: SpO2 (contribución=0.56, concordancia=0.43 con 3/7 variables disponibles). risk_score=0.927, confidence_score=0.424.",risa-vigia-0.1.0
SIG-PAT-0740-9a167e704e,PAT-0740,2026-07-28 18:00:00,0.4579,MEDIUM,0.4242,2026-07-28 06:00:00,2026-07-28 18:00:00,"Riesgo MEDIUM para PAT-0740: evidencia sostenida durante 4 ventana(s) (12h). Variable con mayor aporte: DBP (contribución=0.35, concordancia=0.14 con 1/7 variables disponibles). risk_score=0.458, confidence_score=0.424.",risa-vigia-0.1.0
SIG-PAT-0740-e6877f59ea,PAT-0740,2026-07-29 12:00:00,0.3807,MEDIUM,0.4242,2026-07-28 21:00:00,2026-07-29 12:00:00,"Riesgo MEDIUM para PAT-0740: evidencia sostenida durante 5 ventana(s) (15h). Variable con mayor aporte: SBP (contribución=0.27, concordancia=0.14 con 1/7 variables disponibles). risk_score=0.381, confidence_score=0.424.",risa-vigia-0.1.0
SIG-PAT-0741-6aedb627b2,PAT-0741,2026-07-19 15:00:00,0.5206,MEDIUM,0.4242,2026-07-17 21:00:00,2026-07-19 15:00:00,"Riesgo MEDIUM para PAT-0741: evidencia sostenida durante 14 ventana(s) (42h). Variable con mayor aporte: HR (contribución=0.32, concordancia=0.14 con 1/7 variables disponibles). risk_score=0.521, confidence_score=0.424.",risa-vigia-0.1.0
SIG-PAT-0741-ea4359b272,PAT-0741,2026-07-20 15:00:00,0.6724,HIGH,0.8182,2026-07-20 00:00:00,2026-07-20 15:00:00,"Riesgo HIGH para PAT-0741: evidencia sostenida durante 5 ventana(s) (15h). Variable con mayor aporte: DBP (contribución=0.32, concordancia=0.22 con 2/9 variables disponibles). risk_score=0.672, confidence_score=0.818.",risa-vigia-0.1.0
SIG-PAT-0741-c5e09a5c58,PAT-0741,2026-07-24 12:00:00,0.4217,MEDIUM,0.8182,2026-07-23 21:00:00,2026-07-24 12:00:00,"Riesgo MEDIUM para PAT-0741: evidencia sostenida durante 5 ventana(s) (15h). Variable con mayor aporte: SBP (contribución=0.19, concordancia=0.00 con 0/9 variables disponibles). risk_score=0.422, confidence_score=0.818.",risa-vigia-0.1.0
SIG-PAT-0742-84d183d059,PAT-0742,2026-07-04 18:00:00,0.4945,MEDIUM,0.4242,2026-07-04 00:00:00,2026-07-04 18:00:00,"Riesgo MEDIUM para PAT-0742: evidencia sostenida durante 6 ventana(s) (18h). Variable con mayor aporte: HR (contribución=0.37, concordancia=0.14 con 1/7 variables disponibles). risk_score=0.494, confidence_score=0.424.",risa-vigia-0.1.0
SIG-PAT-0742-364fee9ca7,PAT-0742,2026-07-07 12:00:00,0.5972,HIGH,0.4242,2026-07-07 00:00:00,2026-07-07 12:00:00,"Riesgo HIGH para PAT-0742: evidencia sostenida durante 4 ventana(s) (12h). Variable con mayor aporte: SBP (contribución=0.47, concordancia=0.14 con 1/7 variables disponibles). risk_score=0.597, confidence_score=0.424.",risa-vigia-0.1.0
SIG-PAT-0743-6ff9d389aa,PAT-0743,2026-07-21 21:00:00,0.8313,CRITICAL,0.4242,2026-07-19 06:00:00,2026-07-21 21:00:00,"Riesgo CRITICAL para PAT-0743: evidencia sostenida durante 21 ventana(s) (63h). Variable con mayor aporte: HR (contribución=0.50, concordancia=0.29 con 2/7 variables disponibles). risk_score=0.831, confidence_score=0.424.",risa-vigia-0.1.0
SIG-PAT-0743-5a9249b146,PAT-0743,2026-07-22 12:00:00,0.4492,MEDIUM,0.4242,2026-07-21 21:00:00,2026-07-22 12:00:00,"Riesgo MEDIUM para PAT-0743: evidencia sostenida durante 5 ventana(s) (15h). Variable con mayor aporte: DBP (contribución=0.35, concordancia=0.14 con 1/7 variables disponibles). risk_score=0.449, confidence_score=0.424.",risa-vigia-0.1.0
SIG-PAT-0743-643f847b69,PAT-0743,2026-07-24 09:00:00,0.8044,CRITICAL,0.4242,2026-07-23 21:00:00,2026-07-24 09:00:00,"Riesgo CRITICAL para PAT-0743: evidencia sostenida durante 4 ventana(s) (12h). Variable con mayor aporte: SBP (contribución=0.50, concordancia=0.29 con 2/7 variables disponibles). risk_score=0.804, confidence_score=0.424.",risa-vigia-0.1.0
SIG-PAT-0744-7fb41364ab,PAT-0744,2026-07-09 15:00:00,0.4395,MEDIUM,0.4242,2026-07-09 00:00:00,2026-07-09 15:00:00,"Riesgo MEDIUM para PAT-0744: evidencia sostenida durante 5 ventana(s) (15h). Variable con mayor aporte: HR (contribución=0.31, concordancia=0.14 con 1/7 variables disponibles). risk_score=0.440, confidence_score=0.424.",risa-vigia-0.1.0
SIG-PAT-0744-6b87c4aaf0,PAT-0744,2026-07-11 18:00:00,0.7591,HIGH,0.7273,2026-07-10 00:00:00,2026-07-11 18:00:00,"Riesgo HIGH para PAT-0744: evidencia sostenida durante 14 ventana(s) (42h). Variable con mayor aporte: LAB_B (contribución=0.70, concordancia=0.12 con 1/8 variables disponibles). risk_score=0.759, confidence_score=0.727.",risa-vigia-0.1.0
SIG-PAT-0744-d2a6a6da4c,PAT-0744,2026-07-14 15:00:00,0.5326,MEDIUM,0.4242,2026-07-14 03:00:00,2026-07-14 15:00:00,"Riesgo MEDIUM para PAT-0744: evidencia sostenida durante 4 ventana(s) (12h). Variable con mayor aporte: SBP (contribución=0.30, concordancia=0.14 con 1/7 variables disponibles). risk_score=0.533, confidence_score=0.424.",risa-vigia-0.1.0
SIG-PAT-0745-39c2c51fd5,PAT-0745,2026-07-05 12:00:00,0.7184,HIGH,0.4242,2026-07-04 18:00:00,2026-07-05 12:00:00,"Riesgo HIGH para PAT-0745: evidencia sostenida durante 6 ventana(s) (18h). Variable con mayor aporte: HR (contribución=0.57, concordancia=0.14 con 1/7 variables disponibles). risk_score=0.718, confidence_score=0.424.",risa-vigia-0.1.0
SIG-PAT-0745-a085aefd60,PAT-0745,2026-07-06 18:00:00,0.6054,HIGH,0.4242,2026-07-06 00:00:00,2026-07-06 18:00:00,"Riesgo HIGH para PAT-0745: evidencia sostenida durante 6 ventana(s) (18h). Variable con mayor aporte: HR (contribución=0.50, concordancia=0.14 con 1/7 variables disponibles). risk_score=0.605, confidence_score=0.424.",risa-vigia-0.1.0
SIG-PAT-0745-8a47208ea9,PAT-0745,2026-07-07 12:00:00,0.6864,HIGH,0.4242,2026-07-06 21:00:00,2026-07-07 12:00:00,"Riesgo HIGH para PAT-0745: evidencia sostenida durante 5 ventana(s) (15h). Variable con mayor aporte: SBP (contribución=0.37, concordancia=0.29 con 2/7 variables disponibles). risk_score=0.686, confidence_score=0.424.",risa-vigia-0.1.0
SIG-PAT-0745-e2a021ae5b,PAT-0745,2026-07-08 12:00:00,0.6168,HIGH,0.4242,2026-07-08 00:00:00,2026-07-08 12:00:00,"Riesgo HIGH para PAT-0745: evidencia sostenida durante 4 ventana(s) (12h). Variable con mayor aporte: HR (contribución=0.31, concordancia=0.29 con 2/7 variables disponibles). risk_score=0.617, confidence_score=0.424.",risa-vigia-0.1.0
SIG-PAT-0745-dfc4110053,PAT-0745,2026-07-09 09:00:00,0.4852,MEDIUM,0.4242,2026-07-08 21:00:00,2026-07-09 09:00:00,"Riesgo MEDIUM para PAT-0745: evidencia sostenida durante 4 ventana(s) (12h). Variable con mayor aporte: HR (contribución=0.27, concordancia=0.14 con 1/7 variables disponibles). risk_score=0.485, confidence_score=0.424.",risa-vigia-0.1.0
SIG-PAT-0746-68a2d0f8c7,PAT-0746,2026-07-23 12:00:00,0.6466,HIGH,0.4131,2026-07-23 00:00:00,2026-07-23 12:00:00,"Riesgo HIGH para PAT-0746: evidencia sostenida durante 4 ventana(s) (12h). Variable con mayor aporte: HR (contribución=0.43, concordancia=0.14 con 1/7 variables disponibles). risk_score=0.647, confidence_score=0.413.",risa-vigia-0.1.0
SIG-PAT-0746-2cdd5b1590,PAT-0746,2026-07-24 12:00:00,0.5165,MEDIUM,0.4242,2026-07-24 00:00:00,2026-07-24 12:00:00,"Riesgo MEDIUM para PAT-0746: evidencia sostenida durante 4 ventana(s) (12h). Variable con mayor aporte: SBP (contribución=0.26, concordancia=0.14 con 1/7 variables disponibles). risk_score=0.516, confidence_score=0.424.",risa-vigia-0.1.0
SIG-PAT-0746-9fddc004ec,PAT-0746,2026-07-25 18:00:00,0.553,HIGH,0.7273,2026-07-25 00:00:00,2026-07-25 18:00:00,"Riesgo HIGH para PAT-0746: evidencia sostenida durante 6 ventana(s) (18h). Variable con mayor aporte: HR (contribución=0.32, concordancia=0.12 con 1/8 variables disponibles). risk_score=0.553, confidence_score=0.727.",risa-vigia-0.1.0
SIG-PAT-0747-db8a7a1d1a,PAT-0747,2026-07-11 09:00:00,0.5586,HIGH,0.4128,2026-07-10 18:00:00,2026-07-11 09:00:00,"Riesgo HIGH para PAT-0747: evidencia sostenida durante 5 ventana(s) (15h). Variable con mayor aporte: HR (contribución=0.35, concordancia=0.14 con 1/7 variables disponibles). risk_score=0.559, confidence_score=0.413.",risa-vigia-0.1.0
SIG-PAT-0747-e5df8c397e,PAT-0747,2026-07-12 03:00:00,0.4662,MEDIUM,0.4242,2026-07-11 12:00:00,2026-07-12 03:00:00,"Riesgo MEDIUM para PAT-0747: evidencia sostenida durante 5 ventana(s) (15h). Variable con mayor aporte: SpO2 (contribución=0.28, concordancia=0.14 con 1/7 variables disponibles). risk_score=0.466, confidence_score=0.424.",risa-vigia-0.1.0
SIG-PAT-0747-b29b98b506,PAT-0747,2026-07-13 12:00:00,0.4903,MEDIUM,0.4242,2026-07-13 00:00:00,2026-07-13 12:00:00,"Riesgo MEDIUM para PAT-0747: evidencia sostenida durante 4 ventana(s) (12h). Variable con mayor aporte: SBP (contribución=0.35, concordancia=0.14 con 1/7 variables disponibles). risk_score=0.490, confidence_score=0.424.",risa-vigia-0.1.0
SIG-PAT-0747-9d0d828141,PAT-0747,2026-07-17 12:00:00,0.5193,MEDIUM,0.4242,2026-07-17 00:00:00,2026-07-17 12:00:00,"Riesgo MEDIUM para PAT-0747: evidencia sostenida durante 4 ventana(s) (12h). Variable con mayor aporte: SBP (contribución=0.28, concordancia=0.14 con 1/7 variables disponibles). risk_score=0.519, confidence_score=0.424.",risa-vigia-0.1.0
SIG-PAT-0748-eeaadb5f81,PAT-0748,2026-07-17 12:00:00,0.551,HIGH,0.4242,2026-07-15 18:00:00,2026-07-17 12:00:00,"Riesgo HIGH para PAT-0748: evidencia sostenida durante 14 ventana(s) (42h). Variable con mayor aporte: HR (contribución=0.26, concordancia=0.14 con 1/7 variables disponibles). risk_score=0.551, confidence_score=0.424.",risa-vigia-0.1.0
SIG-PAT-0748-45da0fb77c,PAT-0748,2026-07-20 15:00:00,0.4711,MEDIUM,0.4242,2026-07-19 21:00:00,2026-07-20 15:00:00,"Riesgo MEDIUM para PAT-0748: evidencia sostenida durante 6 ventana(s) (18h). Variable con mayor aporte: RR (contribución=0.18, concordancia=0.00 con 0/7 variables disponibles). risk_score=0.471, confidence_score=0.424.",risa-vigia-0.1.0
SIG-PAT-0749-aef5bbf04a,PAT-0749,2026-07-22 21:00:00,0.3231,MEDIUM,0.4242,2026-07-22 06:00:00,2026-07-22 21:00:00,"Riesgo MEDIUM para PAT-0749: evidencia sostenida durante 5 ventana(s) (15h). Variable con mayor aporte: TEMP (contribución=0.14, concordancia=0.00 con 0/7 variables disponibles). risk_score=0.323, confidence_score=0.424.",risa-vigia-0.1.0
SIG-PAT-0749-14684b5c53,PAT-0749,2026-07-25 12:00:00,0.4528,MEDIUM,0.7273,2026-07-25 00:00:00,2026-07-25 12:00:00,"Riesgo MEDIUM para PAT-0749: evidencia sostenida durante 4 ventana(s) (12h). Variable con mayor aporte: HR (contribución=0.22, concordancia=0.00 con 0/8 variables disponibles). risk_score=0.453, confidence_score=0.727.",risa-vigia-0.1.0
SIG-PAT-0749-a50a31c6eb,PAT-0749,2026-07-26 12:00:00,0.3796,MEDIUM,0.4242,2026-07-26 00:00:00,2026-07-26 12:00:00,"Riesgo MEDIUM para PAT-0749: evidencia sostenida durante 4 ventana(s) (12h). Variable con mayor aporte: SBP (contribución=0.22, concordancia=0.00 con 0/7 variables disponibles). risk_score=0.380, confidence_score=0.424.",risa-vigia-0.1.0
SIG-PAT-0750-cf491cc4bc,PAT-0750,2026-07-06 18:00:00,0.6423,HIGH,0.4242,2026-07-06 00:00:00,2026-07-06 18:00:00,"Riesgo HIGH para PAT-0750: evidencia sostenida durante 6 ventana(s) (18h). Variable con mayor aporte: HR (contribución=0.39, concordancia=0.29 con 2/7 variables disponibles). risk_score=0.642, confidence_score=0.424.",risa-vigia-0.1.0
SIG-PAT-0750-29776112d6,PAT-0750,2026-07-07 12:00:00,0.514,MEDIUM,0.4242,2026-07-07 00:00:00,2026-07-07 12:00:00,"Riesgo MEDIUM para PAT-0750: evidencia sostenida durante 4 ventana(s) (12h). Variable con mayor aporte: HR (contribución=0.37, concordancia=0.14 con 1/7 variables disponibles). risk_score=0.514, confidence_score=0.424.",risa-vigia-0.1.0
SIG-PAT-0750-2422cc7661,PAT-0750,2026-07-09 12:00:00,0.4449,MEDIUM,0.7273,2026-07-09 00:00:00,2026-07-09 12:00:00,"Riesgo MEDIUM para PAT-0750: evidencia sostenida durante 4 ventana(s) (12h). Variable con mayor aporte: LAB_D (contribución=0.24, concordancia=0.12 con 1/8 variables disponibles). risk_score=0.445, confidence_score=0.727.",risa-vigia-0.1.0
SIG-PAT-0751-49ed8f8c67,PAT-0751,2026-07-25 18:00:00,0.7041,HIGH,0.4242,2026-07-25 00:00:00,2026-07-25 18:00:00,"Riesgo HIGH para PAT-0751: evidencia sostenida durante 6 ventana(s) (18h). Variable con mayor aporte: SBP (contribución=0.56, concordancia=0.14 con 1/7 variables disponibles). risk_score=0.704, confidence_score=0.424.",risa-vigia-0.1.0
SIG-PAT-0751-62db155f61,PAT-0751,2026-07-26 12:00:00,0.3542,MEDIUM,0.4242,2026-07-26 00:00:00,2026-07-26 12:00:00,"Riesgo MEDIUM para PAT-0751: evidencia sostenida durante 4 ventana(s) (12h). Variable con mayor aporte: HR (contribución=0.17, concordancia=0.00 con 0/7 variables disponibles). risk_score=0.354, confidence_score=0.424.",risa-vigia-0.1.0
SIG-PAT-0751-ae7dda0df6,PAT-0751,2026-07-27 12:00:00,0.6647,HIGH,0.4242,2026-07-27 00:00:00,2026-07-27 12:00:00,"Riesgo HIGH para PAT-0751: evidencia sostenida durante 4 ventana(s) (12h). Variable con mayor aporte: SBP (contribución=0.53, concordancia=0.14 con 1/7 variables disponibles). risk_score=0.665, confidence_score=0.424.",risa-vigia-0.1.0
SIG-PAT-0752-2a629ebc24,PAT-0752,2026-07-19 21:00:00,0.481,MEDIUM,0.4131,2026-07-19 06:00:00,2026-07-19 21:00:00,"Riesgo MEDIUM para PAT-0752: evidencia sostenida durante 5 ventana(s) (15h). Variable con mayor aporte: RR (contribución=0.30, concordancia=0.14 con 1/7 variables disponibles). risk_score=0.481, confidence_score=0.413.",risa-vigia-0.1.0
SIG-PAT-0752-1bbdf5e7c4,PAT-0752,2026-07-23 21:00:00,0.7859,HIGH,0.4242,2026-07-23 03:00:00,2026-07-23 21:00:00,"Riesgo HIGH para PAT-0752: evidencia sostenida durante 6 ventana(s) (18h). Variable con mayor aporte: SBP (contribución=0.54, concordancia=0.29 con 2/7 variables disponibles). risk_score=0.786, confidence_score=0.424.",risa-vigia-0.1.0
SIG-PAT-0753-d6d6316cd5,PAT-0753,2026-07-28 12:00:00,0.6974,HIGH,0.4242,2026-07-27 06:00:00,2026-07-28 12:00:00,"Riesgo HIGH para PAT-0753: evidencia sostenida durante 10 ventana(s) (30h). Variable con mayor aporte: HR (contribución=0.62, concordancia=0.14 con 1/7 variables disponibles). risk_score=0.697, confidence_score=0.424.",risa-vigia-0.1.0
SIG-PAT-0753-ca75916a96,PAT-0753,2026-07-30 00:00:00,0.6439,HIGH,0.4242,2026-07-29 00:00:00,2026-07-30 00:00:00,"Riesgo HIGH para PAT-0753: evidencia sostenida durante 8 ventana(s) (24h). Variable con mayor aporte: HR (contribución=0.36, concordancia=0.14 con 1/7 variables disponibles). risk_score=0.644, confidence_score=0.424.",risa-vigia-0.1.0
SIG-PAT-0753-4f3ebec398,PAT-0753,2026-07-30 09:00:00,0.696,HIGH,0.4242,2026-07-30 00:00:00,2026-07-30 09:00:00,"Riesgo HIGH para PAT-0753: evidencia sostenida durante 3 ventana(s) (9h). Variable con mayor aporte: DBP (contribución=0.53, concordancia=0.14 con 1/7 variables disponibles). risk_score=0.696, confidence_score=0.424.",risa-vigia-0.1.0
SIG-PAT-0754-d1d34b1e53,PAT-0754,2026-07-15 12:00:00,0.5793,HIGH,0.4242,2026-07-15 00:00:00,2026-07-15 12:00:00,"Riesgo HIGH para PAT-0754: evidencia sostenida durante 4 ventana(s) (12h). Variable con mayor aporte: HR (contribución=0.45, concordancia=0.14 con 1/7 variables disponibles). risk_score=0.579, confidence_score=0.424.",risa-vigia-0.1.0
SIG-PAT-0754-3601531972,PAT-0754,2026-07-16 21:00:00,0.4029,MEDIUM,0.4242,2026-07-16 00:00:00,2026-07-16 21:00:00,"Riesgo MEDIUM para PAT-0754: evidencia sostenida durante 7 ventana(s) (21h). Variable con mayor aporte: HR (contribución=0.23, concordancia=0.00 con 0/7 variables disponibles). risk_score=0.403, confidence_score=0.424.",risa-vigia-0.1.0
SIG-PAT-0754-279f627410,PAT-0754,2026-07-17 09:00:00,0.6451,HIGH,0.4242,2026-07-17 00:00:00,2026-07-17 09:00:00,"Riesgo HIGH para PAT-0754: evidencia sostenida durante 3 ventana(s) (9h). Variable con mayor aporte: DBP (contribución=0.32, concordancia=0.14 con 1/7 variables disponibles). risk_score=0.645, confidence_score=0.424.",risa-vigia-0.1.0
SIG-PAT-0755-d50e2b2f14,PAT-0755,2026-07-17 15:00:00,0.5545,HIGH,0.4136,2026-07-17 00:00:00,2026-07-17 15:00:00,"Riesgo HIGH para PAT-0755: evidencia sostenida durante 5 ventana(s) (15h). Variable con mayor aporte: HR (contribución=0.34, concordancia=0.14 con 1/7 variables disponibles). risk_score=0.555, confidence_score=0.414.",risa-vigia-0.1.0
SIG-PAT-0755-2346a46df4,PAT-0755,2026-07-18 12:00:00,0.7129,HIGH,0.4242,2026-07-18 00:00:00,2026-07-18 12:00:00,"Riesgo HIGH para PAT-0755: evidencia sostenida durante 4 ventana(s) (12h). Variable con mayor aporte: SBP (contribución=0.48, concordancia=0.29 con 2/7 variables disponibles). risk_score=0.713, confidence_score=0.424.",risa-vigia-0.1.0
SIG-PAT-0755-e231c0cd5f,PAT-0755,2026-07-20 18:00:00,0.3472,MEDIUM,0.4242,2026-07-20 00:00:00,2026-07-20 18:00:00,"Riesgo MEDIUM para PAT-0755: evidencia sostenida durante 6 ventana(s) (18h). Variable con mayor aporte: HR (contribución=0.15, concordancia=0.00 con 0/7 variables disponibles). risk_score=0.347, confidence_score=0.424.",risa-vigia-0.1.0
SIG-PAT-0755-2be3296708,PAT-0755,2026-07-21 12:00:00,0.4977,MEDIUM,0.8182,2026-07-20 21:00:00,2026-07-21 12:00:00,"Riesgo MEDIUM para PAT-0755: evidencia sostenida durante 5 ventana(s) (15h). Variable con mayor aporte: LAB_D (contribución=0.38, concordancia=0.11 con 1/9 variables disponibles). risk_score=0.498, confidence_score=0.818.",risa-vigia-0.1.0
SIG-PAT-0755-1ac49fe850,PAT-0755,2026-07-22 09:00:00,0.5772,HIGH,0.3636,2026-07-22 00:00:00,2026-07-22 09:00:00,"Riesgo HIGH para PAT-0755: evidencia sostenida durante 3 ventana(s) (9h). Variable con mayor aporte: SBP (contribución=0.27, concordancia=0.17 con 1/6 variables disponibles). risk_score=0.577, confidence_score=0.364.",risa-vigia-0.1.0
SIG-PAT-0756-7e9bc81f49,PAT-0756,2026-07-25 18:00:00,0.6017,HIGH,0.4242,2026-07-24 15:00:00,2026-07-25 18:00:00,"Riesgo HIGH para PAT-0756: evidencia sostenida durante 9 ventana(s) (27h). Variable con mayor aporte: TEMP (contribución=0.41, concordancia=0.14 con 1/7 variables disponibles). risk_score=0.602, confidence_score=0.424.",risa-vigia-0.1.0
SIG-PAT-0756-f0c15b7157,PAT-0756,2026-07-28 12:00:00,0.6139,HIGH,0.4242,2026-07-28 00:00:00,2026-07-28 12:00:00,"Riesgo HIGH para PAT-0756: evidencia sostenida durante 4 ventana(s) (12h). Variable con mayor aporte: DBP (contribución=0.46, concordancia=0.14 con 1/7 variables disponibles). risk_score=0.614, confidence_score=0.424.",risa-vigia-0.1.0
SIG-PAT-0756-f32632bbb4,PAT-0756,2026-07-29 15:00:00,0.4759,MEDIUM,0.4242,2026-07-29 03:00:00,2026-07-29 15:00:00,"Riesgo MEDIUM para PAT-0756: evidencia sostenida durante 4 ventana(s) (12h). Variable con mayor aporte: SBP (contribución=0.36, concordancia=0.14 con 1/7 variables disponibles). risk_score=0.476, confidence_score=0.424.",risa-vigia-0.1.0
SIG-PAT-0757-8fd0bc3cda,PAT-0757,2026-07-08 09:00:00,0.8996,CRITICAL,0.4242,2026-07-06 09:00:00,2026-07-08 09:00:00,"Riesgo CRITICAL para PAT-0757: evidencia sostenida durante 16 ventana(s) (48h). Variable con mayor aporte: RR (contribución=0.64, concordancia=0.43 con 3/7 variables disponibles). risk_score=0.900, confidence_score=0.424.",risa-vigia-0.1.0
SIG-PAT-0757-1af0c6eced,PAT-0757,2026-07-13 12:00:00,0.4069,MEDIUM,0.4242,2026-07-12 15:00:00,2026-07-13 12:00:00,"Riesgo MEDIUM para PAT-0757: evidencia sostenida durante 7 ventana(s) (21h). Variable con mayor aporte: SBP (contribución=0.28, concordancia=0.14 con 1/7 variables disponibles). risk_score=0.407, confidence_score=0.424.",risa-vigia-0.1.0
SIG-PAT-0758-83877afdbd,PAT-0758,2026-07-13 12:00:00,0.6048,HIGH,0.4242,2026-07-11 06:00:00,2026-07-13 12:00:00,"Riesgo HIGH para PAT-0758: evidencia sostenida durante 18 ventana(s) (54h). Variable con mayor aporte: HR (contribución=0.48, concordancia=0.14 con 1/7 variables disponibles). risk_score=0.605, confidence_score=0.424.",risa-vigia-0.1.0
SIG-PAT-0758-19b345be40,PAT-0758,2026-07-14 09:00:00,0.5383,MEDIUM,0.4242,2026-07-14 00:00:00,2026-07-14 09:00:00,"Riesgo MEDIUM para PAT-0758: evidencia sostenida durante 3 ventana(s) (9h). Variable con mayor aporte: SBP (contribución=0.26, concordancia=0.14 con 1/7 variables disponibles). risk_score=0.538, confidence_score=0.424.",risa-vigia-0.1.0
SIG-PAT-0759-1f44485c37,PAT-0759,2026-07-27 21:00:00,0.7013,HIGH,0.4242,2026-07-26 03:00:00,2026-07-27 21:00:00,"Riesgo HIGH para PAT-0759: evidencia sostenida durante 14 ventana(s) (42h). Variable con mayor aporte: DBP (contribución=0.54, concordancia=0.14 con 1/7 variables disponibles). risk_score=0.701, confidence_score=0.424.",risa-vigia-0.1.0
SIG-PAT-0759-26c9680928,PAT-0759,2026-07-29 03:00:00,0.8383,CRITICAL,0.4242,2026-07-28 15:00:00,2026-07-29 03:00:00,"Riesgo CRITICAL para PAT-0759: evidencia sostenida durante 4 ventana(s) (12h). Variable con mayor aporte: SpO2 (contribución=0.70, concordancia=0.29 con 2/7 variables disponibles). risk_score=0.838, confidence_score=0.424.",risa-vigia-0.1.0
SIG-PAT-0760-6ac299fb02,PAT-0760,2026-07-15 12:00:00,0.5601,HIGH,0.4242,2026-07-14 12:00:00,2026-07-15 12:00:00,"Riesgo HIGH para PAT-0760: evidencia sostenida durante 8 ventana(s) (24h). Variable con mayor aporte: DBP (contribución=0.48, concordancia=0.14 con 1/7 variables disponibles). risk_score=0.560, confidence_score=0.424.",risa-vigia-0.1.0
SIG-PAT-0760-cfad384781,PAT-0760,2026-07-16 12:00:00,0.6587,HIGH,0.4242,2026-07-16 00:00:00,2026-07-16 12:00:00,"Riesgo HIGH para PAT-0760: evidencia sostenida durante 4 ventana(s) (12h). Variable con mayor aporte: SBP (contribución=0.53, concordancia=0.14 con 1/7 variables disponibles). risk_score=0.659, confidence_score=0.424.",risa-vigia-0.1.0
SIG-PAT-0760-3d96300872,PAT-0760,2026-07-17 12:00:00,0.4656,MEDIUM,0.4242,2026-07-16 21:00:00,2026-07-17 12:00:00,"Riesgo MEDIUM para PAT-0760: evidencia sostenida durante 5 ventana(s) (15h). Variable con mayor aporte: SBP (contribución=0.32, concordancia=0.14 con 1/7 variables disponibles). risk_score=0.466, confidence_score=0.424.",risa-vigia-0.1.0
SIG-PAT-0762-0b3cd392fa,PAT-0762,2026-07-05 18:00:00,0.8498,CRITICAL,0.7977,2026-07-03 21:00:00,2026-07-05 18:00:00,"Riesgo CRITICAL para PAT-0762: evidencia sostenida durante 15 ventana(s) (45h). Variable con mayor aporte: HR (contribución=0.57, concordancia=0.33 con 3/9 variables disponibles). risk_score=0.850, confidence_score=0.798.",risa-vigia-0.1.0
SIG-PAT-0762-38cf1a66a1,PAT-0762,2026-07-06 12:00:00,0.5112,MEDIUM,0.4242,2026-07-06 00:00:00,2026-07-06 12:00:00,"Riesgo MEDIUM para PAT-0762: evidencia sostenida durante 4 ventana(s) (12h). Variable con mayor aporte: HR (contribución=0.22, concordancia=0.00 con 0/7 variables disponibles). risk_score=0.511, confidence_score=0.424.",risa-vigia-0.1.0
SIG-PAT-0762-ace26a01d4,PAT-0762,2026-07-07 12:00:00,0.4649,MEDIUM,0.4242,2026-07-07 00:00:00,2026-07-07 12:00:00,"Riesgo MEDIUM para PAT-0762: evidencia sostenida durante 4 ventana(s) (12h). Variable con mayor aporte: HR (contribución=0.27, concordancia=0.14 con 1/7 variables disponibles). risk_score=0.465, confidence_score=0.424.",risa-vigia-0.1.0
SIG-PAT-0762-b054837a98,PAT-0762,2026-07-08 12:00:00,0.427,MEDIUM,0.4242,2026-07-08 00:00:00,2026-07-08 12:00:00,"Riesgo MEDIUM para PAT-0762: evidencia sostenida durante 4 ventana(s) (12h). Variable con mayor aporte: HR (contribución=0.26, concordancia=0.14 con 1/7 variables disponibles). risk_score=0.427, confidence_score=0.424.",risa-vigia-0.1.0
SIG-PAT-0762-9e3e1f4884,PAT-0762,2026-07-10 12:00:00,0.5406,MEDIUM,0.4242,2026-07-10 00:00:00,2026-07-10 12:00:00,"Riesgo MEDIUM para PAT-0762: evidencia sostenida durante 4 ventana(s) (12h). Variable con mayor aporte: SBP (contribución=0.36, concordancia=0.14 con 1/7 variables disponibles). risk_score=0.541, confidence_score=0.424.",risa-vigia-0.1.0
SIG-PAT-0762-1574bcf268,PAT-0762,2026-07-11 12:00:00,0.3998,MEDIUM,0.4242,2026-07-11 00:00:00,2026-07-11 12:00:00,"Riesgo MEDIUM para PAT-0762: evidencia sostenida durante 4 ventana(s) (12h). Variable con mayor aporte: HR (contribución=0.19, concordancia=0.00 con 0/7 variables disponibles). risk_score=0.400, confidence_score=0.424.",risa-vigia-0.1.0
SIG-PAT-0763-cc1a351a27,PAT-0763,2026-07-09 12:00:00,0.5201,MEDIUM,0.4242,2026-07-08 00:00:00,2026-07-09 12:00:00,"Riesgo MEDIUM para PAT-0763: evidencia sostenida durante 12 ventana(s) (36h). Variable con mayor aporte: HR (contribución=0.35, concordancia=0.14 con 1/7 variables disponibles). risk_score=0.520, confidence_score=0.424.",risa-vigia-0.1.0
SIG-PAT-0763-bfcd72260d,PAT-0763,2026-07-10 21:00:00,0.8747,CRITICAL,0.4019,2026-07-10 00:00:00,2026-07-10 21:00:00,"Riesgo CRITICAL para PAT-0763: evidencia sostenida durante 7 ventana(s) (21h). Variable con mayor aporte: DBP (contribución=0.85, concordancia=0.14 con 1/7 variables disponibles). risk_score=0.875, confidence_score=0.402.",risa-vigia-0.1.0
SIG-PAT-0765-0cd463450d,PAT-0765,2026-07-06 12:00:00,0.6393,HIGH,0.4242,2026-07-06 00:00:00,2026-07-06 12:00:00,"Riesgo HIGH para PAT-0765: evidencia sostenida durante 4 ventana(s) (12h). Variable con mayor aporte: HR (contribución=0.38, concordancia=0.14 con 1/7 variables disponibles). risk_score=0.639, confidence_score=0.424.",risa-vigia-0.1.0
SIG-PAT-0766-e1c83a1d10,PAT-0766,2026-07-17 12:00:00,0.7126,HIGH,0.8182,2026-07-17 00:00:00,2026-07-17 12:00:00,"Riesgo HIGH para PAT-0766: evidencia sostenida durante 4 ventana(s) (12h). Variable con mayor aporte: HR (contribución=0.35, concordancia=0.22 con 2/9 variables disponibles). risk_score=0.713, confidence_score=0.818.",risa-vigia-0.1.0
SIG-PAT-0766-aeed84e6ea,PAT-0766,2026-07-19 12:00:00,0.4631,MEDIUM,0.4242,2026-07-19 00:00:00,2026-07-19 12:00:00,"Riesgo MEDIUM para PAT-0766: evidencia sostenida durante 4 ventana(s) (12h). Variable con mayor aporte: HR (contribución=0.27, concordancia=0.14 con 1/7 variables disponibles). risk_score=0.463, confidence_score=0.424.",risa-vigia-0.1.0
SIG-PAT-0767-e59719bc56,PAT-0767,2026-07-19 15:00:00,0.8688,CRITICAL,0.4128,2026-07-19 03:00:00,2026-07-19 15:00:00,"Riesgo CRITICAL para PAT-0767: evidencia sostenida durante 4 ventana(s) (12h). Variable con mayor aporte: SBP (contribución=0.64, concordancia=0.29 con 2/7 variables disponibles). risk_score=0.869, confidence_score=0.413.",risa-vigia-0.1.0
SIG-PAT-0767-308de2d9f2,PAT-0767,2026-07-21 03:00:00,0.5349,MEDIUM,0.4242,2026-07-19 21:00:00,2026-07-21 03:00:00,"Riesgo MEDIUM para PAT-0767: evidencia sostenida durante 10 ventana(s) (30h). Variable con mayor aporte: TEMP (contribución=0.31, concordancia=0.14 con 1/7 variables disponibles). risk_score=0.535, confidence_score=0.424.",risa-vigia-0.1.0
SIG-PAT-0768-3dffa1830d,PAT-0768,2026-07-26 12:00:00,0.5038,MEDIUM,0.4242,2026-07-25 06:00:00,2026-07-26 12:00:00,"Riesgo MEDIUM para PAT-0768: evidencia sostenida durante 10 ventana(s) (30h). Variable con mayor aporte: HR (contribución=0.19, concordancia=0.14 con 1/7 variables disponibles). risk_score=0.504, confidence_score=0.424.",risa-vigia-0.1.0
SIG-PAT-0769-9b73276bba,PAT-0769,2026-07-14 21:00:00,0.4443,MEDIUM,0.4242,2026-07-14 00:00:00,2026-07-14 21:00:00,"Riesgo MEDIUM para PAT-0769: evidencia sostenida durante 7 ventana(s) (21h). Variable con mayor aporte: TEMP (contribución=0.36, concordancia=0.14 con 1/7 variables disponibles). risk_score=0.444, confidence_score=0.424.",risa-vigia-0.1.0
SIG-PAT-0770-038aa20249,PAT-0770,2026-07-02 18:00:00,0.5927,HIGH,0.4242,2026-07-02 00:00:00,2026-07-02 18:00:00,"Riesgo HIGH para PAT-0770: evidencia sostenida durante 6 ventana(s) (18h). Variable con mayor aporte: HR (contribución=0.39, concordancia=0.14 con 1/7 variables disponibles). risk_score=0.593, confidence_score=0.424.",risa-vigia-0.1.0
SIG-PAT-0770-324ac31103,PAT-0770,2026-07-04 09:00:00,0.535,MEDIUM,0.4242,2026-07-04 00:00:00,2026-07-04 09:00:00,"Riesgo MEDIUM para PAT-0770: evidencia sostenida durante 3 ventana(s) (9h). Variable con mayor aporte: DBP (contribución=0.31, concordancia=0.14 con 1/7 variables disponibles). risk_score=0.535, confidence_score=0.424.",risa-vigia-0.1.0
SIG-PAT-0771-747e0c20e2,PAT-0771,2026-07-04 12:00:00,0.6734,HIGH,0.4242,2026-07-03 06:00:00,2026-07-04 12:00:00,"Riesgo HIGH para PAT-0771: evidencia sostenida durante 10 ventana(s) (30h). Variable con mayor aporte: HR (contribución=0.51, concordancia=0.14 con 1/7 variables disponibles). risk_score=0.673, confidence_score=0.424.",risa-vigia-0.1.0
SIG-PAT-0771-67308a1a60,PAT-0771,2026-07-05 12:00:00,0.4679,MEDIUM,0.4242,2026-07-05 00:00:00,2026-07-05 12:00:00,"Riesgo MEDIUM para PAT-0771: evidencia sostenida durante 4 ventana(s) (12h). Variable con mayor aporte: DBP (contribución=0.20, concordancia=0.00 con 0/7 variables disponibles). risk_score=0.468, confidence_score=0.424.",risa-vigia-0.1.0
SIG-PAT-0771-23eeaeaeac,PAT-0771,2026-07-06 12:00:00,0.5768,HIGH,0.4242,2026-07-06 00:00:00,2026-07-06 12:00:00,"Riesgo HIGH para PAT-0771: evidencia sostenida durante 4 ventana(s) (12h). Variable con mayor aporte: SBP (contribución=0.37, concordancia=0.14 con 1/7 variables disponibles). risk_score=0.577, confidence_score=0.424.",risa-vigia-0.1.0
SIG-PAT-0771-913fc1af86,PAT-0771,2026-07-09 09:00:00,0.5102,MEDIUM,0.4136,2026-07-08 21:00:00,2026-07-09 09:00:00,"Riesgo MEDIUM para PAT-0771: evidencia sostenida durante 4 ventana(s) (12h). Variable con mayor aporte: DBP (contribución=0.21, concordancia=0.00 con 0/7 variables disponibles). risk_score=0.510, confidence_score=0.414.",risa-vigia-0.1.0
SIG-PAT-0772-4e84ebdea9,PAT-0772,2026-07-12 18:00:00,0.6584,HIGH,0.4131,2026-07-11 15:00:00,2026-07-12 18:00:00,"Riesgo HIGH para PAT-0772: evidencia sostenida durante 9 ventana(s) (27h). Variable con mayor aporte: HR (contribución=0.52, concordancia=0.14 con 1/7 variables disponibles). risk_score=0.658, confidence_score=0.413.",risa-vigia-0.1.0
SIG-PAT-0772-cbc357dd63,PAT-0772,2026-07-16 12:00:00,0.769,HIGH,0.4242,2026-07-12 21:00:00,2026-07-16 12:00:00,"Riesgo HIGH para PAT-0772: evidencia sostenida durante 29 ventana(s) (87h). Variable con mayor aporte: DBP (contribución=0.47, concordancia=0.29 con 2/7 variables disponibles). risk_score=0.769, confidence_score=0.424.",risa-vigia-0.1.0
SIG-PAT-0772-f3309e98ad,PAT-0772,2026-07-21 12:00:00,0.3882,MEDIUM,0.4242,2026-07-21 00:00:00,2026-07-21 12:00:00,"Riesgo MEDIUM para PAT-0772: evidencia sostenida durante 4 ventana(s) (12h). Variable con mayor aporte: DBP (contribución=0.18, concordancia=0.00 con 0/7 variables disponibles). risk_score=0.388, confidence_score=0.424.",risa-vigia-0.1.0
SIG-PAT-0772-2dd68e1ee7,PAT-0772,2026-07-25 00:00:00,0.9691,CRITICAL,0.4242,2026-07-24 12:00:00,2026-07-25 00:00:00,"Riesgo CRITICAL para PAT-0772: evidencia sostenida durante 4 ventana(s) (12h). Variable con mayor aporte: RR (contribución=0.75, concordancia=0.43 con 3/7 variables disponibles). risk_score=0.969, confidence_score=0.424.",risa-vigia-0.1.0
SIG-PAT-0773-2e15cc7562,PAT-0773,2026-07-13 15:00:00,0.7229,HIGH,0.4242,2026-07-11 15:00:00,2026-07-13 15:00:00,"Riesgo HIGH para PAT-0773: evidencia sostenida durante 16 ventana(s) (48h). Variable con mayor aporte: SBP (contribución=0.43, concordancia=0.29 con 2/7 variables disponibles). risk_score=0.723, confidence_score=0.424.",risa-vigia-0.1.0
SIG-PAT-0773-184ad54425,PAT-0773,2026-07-14 18:00:00,0.4942,MEDIUM,0.4242,2026-07-14 00:00:00,2026-07-14 18:00:00,"Riesgo MEDIUM para PAT-0773: evidencia sostenida durante 6 ventana(s) (18h). Variable con mayor aporte: SBP (contribución=0.35, concordancia=0.14 con 1/7 variables disponibles). risk_score=0.494, confidence_score=0.424.",risa-vigia-0.1.0
SIG-PAT-0773-ce198cbe2f,PAT-0773,2026-07-24 18:00:00,0.4834,MEDIUM,0.4242,2026-07-22 21:00:00,2026-07-24 18:00:00,"Riesgo MEDIUM para PAT-0773: evidencia sostenida durante 15 ventana(s) (45h). Variable con mayor aporte: DBP (contribución=0.33, concordancia=0.14 con 1/7 variables disponibles). risk_score=0.483, confidence_score=0.424.",risa-vigia-0.1.0
SIG-PAT-0774-6b5841be58,PAT-0774,2026-07-24 15:00:00,0.3577,MEDIUM,0.4242,2026-07-24 03:00:00,2026-07-24 15:00:00,"Riesgo MEDIUM para PAT-0774: evidencia sostenida durante 4 ventana(s) (12h). Variable con mayor aporte: RR (contribución=0.22, concordancia=0.00 con 0/7 variables disponibles). risk_score=0.358, confidence_score=0.424.",risa-vigia-0.1.0
SIG-PAT-0774-1371ca6004,PAT-0774,2026-07-25 12:00:00,0.4786,MEDIUM,0.4242,2026-07-24 21:00:00,2026-07-25 12:00:00,"Riesgo MEDIUM para PAT-0774: evidencia sostenida durante 5 ventana(s) (15h). Variable con mayor aporte: DBP (contribución=0.28, concordancia=0.14 con 1/7 variables disponibles). risk_score=0.479, confidence_score=0.424.",risa-vigia-0.1.0
SIG-PAT-0774-5296a4b6a9,PAT-0774,2026-07-27 15:00:00,0.7813,HIGH,0.3636,2026-07-25 12:00:00,2026-07-27 15:00:00,"Riesgo HIGH para PAT-0774: evidencia sostenida durante 17 ventana(s) (51h). Variable con mayor aporte: DBP (contribución=0.68, concordancia=0.17 con 1/6 variables disponibles). risk_score=0.781, confidence_score=0.364.",risa-vigia-0.1.0
SIG-PAT-0774-6939f329d6,PAT-0774,2026-07-28 18:00:00,0.4706,MEDIUM,0.4242,2026-07-28 00:00:00,2026-07-28 18:00:00,"Riesgo MEDIUM para PAT-0774: evidencia sostenida durante 6 ventana(s) (18h). Variable con mayor aporte: SBP (contribución=0.28, concordancia=0.14 con 1/7 variables disponibles). risk_score=0.471, confidence_score=0.424.",risa-vigia-0.1.0
SIG-PAT-0775-49538486bd,PAT-0775,2026-07-12 12:00:00,0.5952,HIGH,0.4242,2026-07-10 21:00:00,2026-07-12 12:00:00,"Riesgo HIGH para PAT-0775: evidencia sostenida durante 13 ventana(s) (39h). Variable con mayor aporte: HR (contribución=0.43, concordancia=0.14 con 1/7 variables disponibles). risk_score=0.595, confidence_score=0.424.",risa-vigia-0.1.0
SIG-PAT-0775-e5cd353e5b,PAT-0775,2026-07-13 18:00:00,0.5109,MEDIUM,0.4242,2026-07-12 15:00:00,2026-07-13 18:00:00,"Riesgo MEDIUM para PAT-0775: evidencia sostenida durante 9 ventana(s) (27h). Variable con mayor aporte: RR (contribución=0.24, concordancia=0.00 con 0/7 variables disponibles). risk_score=0.511, confidence_score=0.424.",risa-vigia-0.1.0
SIG-PAT-0776-5b1d46104b,PAT-0776,2026-07-23 03:00:00,0.737,HIGH,0.7273,2026-07-20 18:00:00,2026-07-23 03:00:00,"Riesgo HIGH para PAT-0776: evidencia sostenida durante 19 ventana(s) (57h). Variable con mayor aporte: LAB_A (contribución=0.68, concordancia=0.12 con 1/8 variables disponibles). risk_score=0.737, confidence_score=0.727.",risa-vigia-0.1.0
SIG-PAT-0776-bb6aaf70ba,PAT-0776,2026-07-26 15:00:00,0.4659,MEDIUM,0.4242,2026-07-26 00:00:00,2026-07-26 15:00:00,"Riesgo MEDIUM para PAT-0776: evidencia sostenida durante 5 ventana(s) (15h). Variable con mayor aporte: SBP (contribución=0.27, concordancia=0.14 con 1/7 variables disponibles). risk_score=0.466, confidence_score=0.424.",risa-vigia-0.1.0
SIG-PAT-0777-0d86e381da,PAT-0777,2026-07-08 21:00:00,0.6927,HIGH,0.4242,2026-07-06 15:00:00,2026-07-08 21:00:00,"Riesgo HIGH para PAT-0777: evidencia sostenida durante 18 ventana(s) (54h). Variable con mayor aporte: HR (contribución=0.51, concordancia=0.14 con 1/7 variables disponibles). risk_score=0.693, confidence_score=0.424.",risa-vigia-0.1.0
SIG-PAT-0778-c88d6c18a6,PAT-0778,2026-07-12 15:00:00,0.5546,HIGH,0.7273,2026-07-11 15:00:00,2026-07-12 15:00:00,"Riesgo HIGH para PAT-0778: evidencia sostenida durante 8 ventana(s) (24h). Variable con mayor aporte: DBP (contribución=0.46, concordancia=0.12 con 1/8 variables disponibles). risk_score=0.555, confidence_score=0.727.",risa-vigia-0.1.0
SIG-PAT-0778-e46d6f407f,PAT-0778,2026-07-13 12:00:00,0.5032,MEDIUM,0.4242,2026-07-13 00:00:00,2026-07-13 12:00:00,"Riesgo MEDIUM para PAT-0778: evidencia sostenida durante 4 ventana(s) (12h). Variable con mayor aporte: SBP (contribución=0.31, concordancia=0.14 con 1/7 variables disponibles). risk_score=0.503, confidence_score=0.424.",risa-vigia-0.1.0
SIG-PAT-0778-44535eeb51,PAT-0778,2026-07-15 12:00:00,0.495,MEDIUM,0.4242,2026-07-14 18:00:00,2026-07-15 12:00:00,"Riesgo MEDIUM para PAT-0778: evidencia sostenida durante 6 ventana(s) (18h). Variable con mayor aporte: SBP (contribución=0.29, concordancia=0.14 con 1/7 variables disponibles). risk_score=0.495, confidence_score=0.424.",risa-vigia-0.1.0
SIG-PAT-0778-f12692aad3,PAT-0778,2026-07-16 21:00:00,0.4701,MEDIUM,0.4242,2026-07-15 21:00:00,2026-07-16 21:00:00,"Riesgo MEDIUM para PAT-0778: evidencia sostenida durante 8 ventana(s) (24h). Variable con mayor aporte: SBP (contribución=0.29, concordancia=0.14 con 1/7 variables disponibles). risk_score=0.470, confidence_score=0.424.",risa-vigia-0.1.0
SIG-PAT-0778-2e726eb78c,PAT-0778,2026-07-17 15:00:00,0.698,HIGH,0.4131,2026-07-17 00:00:00,2026-07-17 15:00:00,"Riesgo HIGH para PAT-0778: evidencia sostenida durante 5 ventana(s) (15h). Variable con mayor aporte: SBP (contribución=0.57, concordancia=0.14 con 1/7 variables disponibles). risk_score=0.698, confidence_score=0.413.",risa-vigia-0.1.0
SIG-PAT-0779-bdd1085a72,PAT-0779,2026-07-14 00:00:00,0.4554,MEDIUM,0.4242,2026-07-13 06:00:00,2026-07-14 00:00:00,"Riesgo MEDIUM para PAT-0779: evidencia sostenida durante 6 ventana(s) (18h). Variable con mayor aporte: TEMP (contribución=0.35, concordancia=0.14 con 1/7 variables disponibles). risk_score=0.455, confidence_score=0.424.",risa-vigia-0.1.0
SIG-PAT-0779-27e25d02d9,PAT-0779,2026-07-15 18:00:00,0.7121,HIGH,0.4242,2026-07-15 03:00:00,2026-07-15 18:00:00,"Riesgo HIGH para PAT-0779: evidencia sostenida durante 5 ventana(s) (15h). Variable con mayor aporte: SBP (contribución=0.60, concordancia=0.14 con 1/7 variables disponibles). risk_score=0.712, confidence_score=0.424.",risa-vigia-0.1.0
SIG-PAT-0779-b5041331ea,PAT-0779,2026-07-16 21:00:00,0.4345,MEDIUM,0.4136,2026-07-16 09:00:00,2026-07-16 21:00:00,"Riesgo MEDIUM para PAT-0779: evidencia sostenida durante 4 ventana(s) (12h). Variable con mayor aporte: DBP (contribución=0.26, concordancia=0.14 con 1/7 variables disponibles). risk_score=0.435, confidence_score=0.414.",risa-vigia-0.1.0
SIG-PAT-0780-d4015bb0b0,PAT-0780,2026-07-17 12:00:00,0.9885,CRITICAL,0.4242,2026-07-16 15:00:00,2026-07-17 12:00:00,"Riesgo CRITICAL para PAT-0780: evidencia sostenida durante 7 ventana(s) (21h). Variable con mayor aporte: SpO2 (contribución=0.83, concordancia=0.57 con 4/7 variables disponibles). risk_score=0.988, confidence_score=0.424.",risa-vigia-0.1.0
SIG-PAT-0781-61931dcbea,PAT-0781,2026-07-03 15:00:00,0.7128,HIGH,0.4242,2026-07-02 06:00:00,2026-07-03 15:00:00,"Riesgo HIGH para PAT-0781: evidencia sostenida durante 11 ventana(s) (33h). Variable con mayor aporte: SBP (contribución=0.33, concordancia=0.29 con 2/7 variables disponibles). risk_score=0.713, confidence_score=0.424.",risa-vigia-0.1.0
SIG-PAT-0781-499700717b,PAT-0781,2026-07-04 18:00:00,0.5081,MEDIUM,0.4242,2026-07-03 18:00:00,2026-07-04 18:00:00,"Riesgo MEDIUM para PAT-0781: evidencia sostenida durante 8 ventana(s) (24h). Variable con mayor aporte: SBP (contribución=0.40, concordancia=0.14 con 1/7 variables disponibles). risk_score=0.508, confidence_score=0.424.",risa-vigia-0.1.0
SIG-PAT-0782-411b3120e7,PAT-0782,2026-07-12 21:00:00,0.6445,HIGH,0.4242,2026-07-12 00:00:00,2026-07-12 21:00:00,"Riesgo HIGH para PAT-0782: evidencia sostenida durante 7 ventana(s) (21h). Variable con mayor aporte: HR (contribución=0.34, concordancia=0.29 con 2/7 variables disponibles). risk_score=0.645, confidence_score=0.424.",risa-vigia-0.1.0
SIG-PAT-0782-4dfebfe079,PAT-0782,2026-07-14 15:00:00,0.4703,MEDIUM,0.4242,2026-07-14 00:00:00,2026-07-14 15:00:00,"Riesgo MEDIUM para PAT-0782: evidencia sostenida durante 5 ventana(s) (15h). Variable con mayor aporte: DBP (contribución=0.26, concordancia=0.14 con 1/7 variables disponibles). risk_score=0.470, confidence_score=0.424.",risa-vigia-0.1.0
SIG-PAT-0783-4188fc718d,PAT-0783,2026-07-23 09:00:00,0.8094,CRITICAL,0.4242,2026-07-21 06:00:00,2026-07-23 09:00:00,"Riesgo CRITICAL para PAT-0783: evidencia sostenida durante 17 ventana(s) (51h). Variable con mayor aporte: SBP (contribución=0.75, concordancia=0.14 con 1/7 variables disponibles). risk_score=0.809, confidence_score=0.424.",risa-vigia-0.1.0
SIG-PAT-0784-7b63d1a297,PAT-0784,2026-07-17 12:00:00,0.515,MEDIUM,0.4242,2026-07-17 00:00:00,2026-07-17 12:00:00,"Riesgo MEDIUM para PAT-0784: evidencia sostenida durante 4 ventana(s) (12h). Variable con mayor aporte: DBP (contribución=0.18, concordancia=0.00 con 0/7 variables disponibles). risk_score=0.515, confidence_score=0.424.",risa-vigia-0.1.0
SIG-PAT-0784-df4107a10b,PAT-0784,2026-07-20 03:00:00,0.5841,HIGH,0.4242,2026-07-19 00:00:00,2026-07-20 03:00:00,"Riesgo HIGH para PAT-0784: evidencia sostenida durante 9 ventana(s) (27h). Variable con mayor aporte: DBP (contribución=0.30, concordancia=0.14 con 1/7 variables disponibles). risk_score=0.584, confidence_score=0.424.",risa-vigia-0.1.0
SIG-PAT-0785-55cea30958,PAT-0785,2026-07-04 12:00:00,0.6945,HIGH,0.4242,2026-07-03 12:00:00,2026-07-04 12:00:00,"Riesgo HIGH para PAT-0785: evidencia sostenida durante 8 ventana(s) (24h). Variable con mayor aporte: DBP (contribución=0.56, concordancia=0.14 con 1/7 variables disponibles). risk_score=0.695, confidence_score=0.424.",risa-vigia-0.1.0
SIG-PAT-0786-4b33e87f36,PAT-0786,2026-07-18 12:00:00,0.6463,HIGH,0.4242,2026-07-18 00:00:00,2026-07-18 12:00:00,"Riesgo HIGH para PAT-0786: evidencia sostenida durante 4 ventana(s) (12h). Variable con mayor aporte: HR (contribución=0.46, concordancia=0.29 con 2/7 variables disponibles). risk_score=0.646, confidence_score=0.424.",risa-vigia-0.1.0
SIG-PAT-0786-ff9de02a78,PAT-0786,2026-07-19 12:00:00,0.5434,MEDIUM,0.4242,2026-07-19 00:00:00,2026-07-19 12:00:00,"Riesgo MEDIUM para PAT-0786: evidencia sostenida durante 4 ventana(s) (12h). Variable con mayor aporte: HR (contribución=0.28, concordancia=0.14 con 1/7 variables disponibles). risk_score=0.543, confidence_score=0.424.",risa-vigia-0.1.0
SIG-PAT-0786-697b80b300,PAT-0786,2026-07-20 18:00:00,0.5196,MEDIUM,0.4242,2026-07-20 00:00:00,2026-07-20 18:00:00,"Riesgo MEDIUM para PAT-0786: evidencia sostenida durante 6 ventana(s) (18h). Variable con mayor aporte: HR (contribución=0.40, concordancia=0.14 con 1/7 variables disponibles). risk_score=0.520, confidence_score=0.424.",risa-vigia-0.1.0
SIG-PAT-0786-a62225b53b,PAT-0786,2026-07-23 09:00:00,0.4783,MEDIUM,0.4242,2026-07-23 03:00:00,2026-07-23 09:00:00,"Riesgo MEDIUM para PAT-0786: evidencia sostenida durante 2 ventana(s) (6h). Variable con mayor aporte: WEARABLE_HR (contribución=0.28, concordancia=0.14 con 1/7 variables disponibles). risk_score=0.478, confidence_score=0.424.",risa-vigia-0.1.0
SIG-PAT-0787-14f175715d,PAT-0787,2026-07-24 21:00:00,0.737,HIGH,0.8182,2026-07-23 21:00:00,2026-07-24 21:00:00,"Riesgo HIGH para PAT-0787: evidencia sostenida durante 8 ventana(s) (24h). Variable con mayor aporte: LAB_A (contribución=0.68, concordancia=0.11 con 1/9 variables disponibles). risk_score=0.737, confidence_score=0.818.",risa-vigia-0.1.0
SIG-PAT-0787-752d76a34f,PAT-0787,2026-07-26 15:00:00,0.6588,HIGH,0.4131,2026-07-25 00:00:00,2026-07-26 15:00:00,"Riesgo HIGH para PAT-0787: evidencia sostenida durante 13 ventana(s) (39h). Variable con mayor aporte: DBP (contribución=0.43, concordancia=0.14 con 1/7 variables disponibles). risk_score=0.659, confidence_score=0.413.",risa-vigia-0.1.0
SIG-PAT-0788-80a5f526e0,PAT-0788,2026-07-15 12:00:00,0.3941,MEDIUM,0.8182,2026-07-14 18:00:00,2026-07-15 12:00:00,"Riesgo MEDIUM para PAT-0788: evidencia sostenida durante 6 ventana(s) (18h). Variable con mayor aporte: LAB_D (contribución=0.29, concordancia=0.11 con 1/9 variables disponibles). risk_score=0.394, confidence_score=0.818.",risa-vigia-0.1.0
SIG-PAT-0789-63053c79d9,PAT-0789,2026-07-16 21:00:00,0.7697,HIGH,0.4242,2026-07-13 21:00:00,2026-07-16 21:00:00,"Riesgo HIGH para PAT-0789: evidencia sostenida durante 24 ventana(s) (72h). Variable con mayor aporte: SBP (contribución=0.64, concordancia=0.14 con 1/7 variables disponibles). risk_score=0.770, confidence_score=0.424.",risa-vigia-0.1.0
SIG-PAT-0789-60422f21bd,PAT-0789,2026-07-18 15:00:00,0.6179,HIGH,0.4242,2026-07-18 00:00:00,2026-07-18 15:00:00,"Riesgo HIGH para PAT-0789: evidencia sostenida durante 5 ventana(s) (15h). Variable con mayor aporte: SBP (contribución=0.44, concordancia=0.14 con 1/7 variables disponibles). risk_score=0.618, confidence_score=0.424.",risa-vigia-0.1.0
SIG-PAT-0789-f5f4518aa0,PAT-0789,2026-07-21 18:00:00,0.49,MEDIUM,0.4131,2026-07-20 00:00:00,2026-07-21 18:00:00,"Riesgo MEDIUM para PAT-0789: evidencia sostenida durante 14 ventana(s) (42h). Variable con mayor aporte: DBP (contribución=0.31, concordancia=0.14 con 1/7 variables disponibles). risk_score=0.490, confidence_score=0.413.",risa-vigia-0.1.0
SIG-PAT-0790-e0ee91147c,PAT-0790,2026-07-20 12:00:00,0.4117,MEDIUM,0.4242,2026-07-20 00:00:00,2026-07-20 12:00:00,"Riesgo MEDIUM para PAT-0790: evidencia sostenida durante 4 ventana(s) (12h). Variable con mayor aporte: RR (contribución=0.24, concordancia=0.00 con 0/7 variables disponibles). risk_score=0.412, confidence_score=0.424.",risa-vigia-0.1.0
SIG-PAT-0790-ef27ccb6ac,PAT-0790,2026-07-21 12:00:00,0.4574,MEDIUM,0.4242,2026-07-20 21:00:00,2026-07-21 12:00:00,"Riesgo MEDIUM para PAT-0790: evidencia sostenida durante 5 ventana(s) (15h). Variable con mayor aporte: HR (contribución=0.27, concordancia=0.14 con 1/7 variables disponibles). risk_score=0.457, confidence_score=0.424.",risa-vigia-0.1.0
SIG-PAT-0790-44af557ca2,PAT-0790,2026-07-22 15:00:00,0.454,MEDIUM,0.4242,2026-07-22 00:00:00,2026-07-22 15:00:00,"Riesgo MEDIUM para PAT-0790: evidencia sostenida durante 5 ventana(s) (15h). Variable con mayor aporte: SBP (contribución=0.25, concordancia=0.00 con 0/7 variables disponibles). risk_score=0.454, confidence_score=0.424.",risa-vigia-0.1.0
SIG-PAT-0790-386087cbd2,PAT-0790,2026-07-23 12:00:00,0.5899,HIGH,0.4242,2026-07-23 00:00:00,2026-07-23 12:00:00,"Riesgo HIGH para PAT-0790: evidencia sostenida durante 4 ventana(s) (12h). Variable con mayor aporte: HR (contribución=0.26, concordancia=0.29 con 2/7 variables disponibles). risk_score=0.590, confidence_score=0.424.",risa-vigia-0.1.0
SIG-PAT-0790-2cc72a5854,PAT-0790,2026-07-24 12:00:00,0.8016,CRITICAL,0.4134,2026-07-24 00:00:00,2026-07-24 12:00:00,"Riesgo CRITICAL para PAT-0790: evidencia sostenida durante 4 ventana(s) (12h). Variable con mayor aporte: DBP (contribución=0.61, concordancia=0.14 con 1/7 variables disponibles). risk_score=0.802, confidence_score=0.413.",risa-vigia-0.1.0
SIG-PAT-0790-946f168a86,PAT-0790,2026-07-26 12:00:00,0.5557,HIGH,0.4242,2026-07-26 00:00:00,2026-07-26 12:00:00,"Riesgo HIGH para PAT-0790: evidencia sostenida durante 4 ventana(s) (12h). Variable con mayor aporte: SBP (contribución=0.30, concordancia=0.14 con 1/7 variables disponibles). risk_score=0.556, confidence_score=0.424.",risa-vigia-0.1.0
SIG-PAT-0790-4573675916,PAT-0790,2026-07-27 03:00:00,0.4436,MEDIUM,0.8182,2026-07-26 21:00:00,2026-07-27 03:00:00,"Riesgo MEDIUM para PAT-0790: evidencia sostenida durante 2 ventana(s) (6h). Variable con mayor aporte: DBP (contribución=0.28, concordancia=0.11 con 1/9 variables disponibles). risk_score=0.444, confidence_score=0.818.",risa-vigia-0.1.0
SIG-PAT-0791-64b342c625,PAT-0791,2026-07-11 18:00:00,0.7876,HIGH,0.8182,2026-07-09 12:00:00,2026-07-11 18:00:00,"Riesgo HIGH para PAT-0791: evidencia sostenida durante 18 ventana(s) (54h). Variable con mayor aporte: SBP (contribución=0.71, concordancia=0.11 con 1/9 variables disponibles). risk_score=0.788, confidence_score=0.818.",risa-vigia-0.1.0
SIG-PAT-0791-afe41931a1,PAT-0791,2026-07-13 15:00:00,0.7162,HIGH,0.4131,2026-07-12 21:00:00,2026-07-13 15:00:00,"Riesgo HIGH para PAT-0791: evidencia sostenida durante 6 ventana(s) (18h). Variable con mayor aporte: SBP (contribución=0.62, concordancia=0.14 con 1/7 variables disponibles). risk_score=0.716, confidence_score=0.413.",risa-vigia-0.1.0
SIG-PAT-0792-a1732cf679,PAT-0792,2026-07-19 12:00:00,0.5522,HIGH,0.4242,2026-07-19 00:00:00,2026-07-19 12:00:00,"Riesgo HIGH para PAT-0792: evidencia sostenida durante 4 ventana(s) (12h). Variable con mayor aporte: HR (contribución=0.38, concordancia=0.14 con 1/7 variables disponibles). risk_score=0.552, confidence_score=0.424.",risa-vigia-0.1.0
SIG-PAT-0792-5bdb06ea63,PAT-0792,2026-07-20 12:00:00,0.3402,MEDIUM,0.4242,2026-07-20 00:00:00,2026-07-20 12:00:00,"Riesgo MEDIUM para PAT-0792: evidencia sostenida durante 4 ventana(s) (12h). Variable con mayor aporte: HR (contribución=0.19, concordancia=0.00 con 0/7 variables disponibles). risk_score=0.340, confidence_score=0.424.",risa-vigia-0.1.0
SIG-PAT-0792-c8e4c0d4ad,PAT-0792,2026-07-22 15:00:00,0.5514,HIGH,0.4134,2026-07-22 00:00:00,2026-07-22 15:00:00,"Riesgo HIGH para PAT-0792: evidencia sostenida durante 5 ventana(s) (15h). Variable con mayor aporte: HR (contribución=0.26, concordancia=0.14 con 1/7 variables disponibles). risk_score=0.551, confidence_score=0.413.",risa-vigia-0.1.0
SIG-PAT-0792-1d3a5cab99,PAT-0792,2026-07-23 15:00:00,0.6721,HIGH,0.4242,2026-07-22 21:00:00,2026-07-23 15:00:00,"Riesgo HIGH para PAT-0792: evidencia sostenida durante 6 ventana(s) (18h). Variable con mayor aporte: DBP (contribución=0.46, concordancia=0.14 con 1/7 variables disponibles). risk_score=0.672, confidence_score=0.424.",risa-vigia-0.1.0
SIG-PAT-0793-7b71d5743e,PAT-0793,2026-07-21 12:00:00,0.6195,HIGH,0.4242,2026-07-20 21:00:00,2026-07-21 12:00:00,"Riesgo HIGH para PAT-0793: evidencia sostenida durante 5 ventana(s) (15h). Variable con mayor aporte: HR (contribución=0.41, concordancia=0.14 con 1/7 variables disponibles). risk_score=0.619, confidence_score=0.424.",risa-vigia-0.1.0
SIG-PAT-0793-2e6882602c,PAT-0793,2026-07-22 18:00:00,0.6816,HIGH,0.4242,2026-07-22 00:00:00,2026-07-22 18:00:00,"Riesgo HIGH para PAT-0793: evidencia sostenida durante 6 ventana(s) (18h). Variable con mayor aporte: HR (contribución=0.34, concordancia=0.29 con 2/7 variables disponibles). risk_score=0.682, confidence_score=0.424.",risa-vigia-0.1.0
SIG-PAT-0793-886966a992,PAT-0793,2026-07-24 12:00:00,0.7942,HIGH,0.4242,2026-07-22 21:00:00,2026-07-24 12:00:00,"Riesgo HIGH para PAT-0793: evidencia sostenida durante 13 ventana(s) (39h). Variable con mayor aporte: SBP (contribución=0.51, concordancia=0.29 con 2/7 variables disponibles). risk_score=0.794, confidence_score=0.424.",risa-vigia-0.1.0
SIG-PAT-0794-bf0cb2475d,PAT-0794,2026-07-15 15:00:00,0.6716,HIGH,0.4242,2026-07-13 06:00:00,2026-07-15 15:00:00,"Riesgo HIGH para PAT-0794: evidencia sostenida durante 19 ventana(s) (57h). Variable con mayor aporte: DBP (contribución=0.44, concordancia=0.14 con 1/7 variables disponibles). risk_score=0.672, confidence_score=0.424.",risa-vigia-0.1.0
SIG-PAT-0794-c68f9b9f10,PAT-0794,2026-07-20 09:00:00,0.5839,HIGH,0.7086,2026-07-20 03:00:00,2026-07-20 09:00:00,"Riesgo HIGH para PAT-0794: evidencia sostenida durante 2 ventana(s) (6h). Variable con mayor aporte: SBP (contribución=0.45, concordancia=0.12 con 1/8 variables disponibles). risk_score=0.584, confidence_score=0.709.",risa-vigia-0.1.0
SIG-PAT-0795-f9c32f358e,PAT-0795,2026-07-04 21:00:00,0.4506,MEDIUM,0.9091,2026-07-04 00:00:00,2026-07-04 21:00:00,"Riesgo MEDIUM para PAT-0795: evidencia sostenida durante 7 ventana(s) (21h). Variable con mayor aporte: LAB_B (contribución=0.34, concordancia=0.10 con 1/10 variables disponibles). risk_score=0.451, confidence_score=0.909.",risa-vigia-0.1.0
SIG-PAT-0796-df9b15c4fb,PAT-0796,2026-07-06 15:00:00,0.5995,HIGH,0.4242,2026-07-05 21:00:00,2026-07-06 15:00:00,"Riesgo HIGH para PAT-0796: evidencia sostenida durante 6 ventana(s) (18h). Variable con mayor aporte: HR (contribución=0.34, concordancia=0.14 con 1/7 variables disponibles). risk_score=0.600, confidence_score=0.424.",risa-vigia-0.1.0
SIG-PAT-0796-2a893056fa,PAT-0796,2026-07-08 12:00:00,0.5132,MEDIUM,0.4242,2026-07-08 00:00:00,2026-07-08 12:00:00,"Riesgo MEDIUM para PAT-0796: evidencia sostenida durante 4 ventana(s) (12h). Variable con mayor aporte: DBP (contribución=0.23, concordancia=0.00 con 0/7 variables disponibles). risk_score=0.513, confidence_score=0.424.",risa-vigia-0.1.0
SIG-PAT-0797-9fa8495687,PAT-0797,2026-07-14 12:00:00,0.687,HIGH,0.4242,2026-07-13 21:00:00,2026-07-14 12:00:00,"Riesgo HIGH para PAT-0797: evidencia sostenida durante 5 ventana(s) (15h). Variable con mayor aporte: HR (contribución=0.61, concordancia=0.14 con 1/7 variables disponibles). risk_score=0.687, confidence_score=0.424.",risa-vigia-0.1.0
SIG-PAT-0797-6cd01794d4,PAT-0797,2026-07-21 15:00:00,0.607,HIGH,0.4242,2026-07-21 00:00:00,2026-07-21 15:00:00,"Riesgo HIGH para PAT-0797: evidencia sostenida durante 5 ventana(s) (15h). Variable con mayor aporte: DBP (contribución=0.36, concordancia=0.14 con 1/7 variables disponibles). risk_score=0.607, confidence_score=0.424.",risa-vigia-0.1.0
SIG-PAT-0798-b876bc87ea,PAT-0798,2026-07-17 12:00:00,0.5428,MEDIUM,0.4242,2026-07-17 00:00:00,2026-07-17 12:00:00,"Riesgo MEDIUM para PAT-0798: evidencia sostenida durante 4 ventana(s) (12h). Variable con mayor aporte: HR (contribución=0.38, concordancia=0.14 con 1/7 variables disponibles). risk_score=0.543, confidence_score=0.424.",risa-vigia-0.1.0
SIG-PAT-0798-42c22b97ce,PAT-0798,2026-07-18 12:00:00,0.7456,HIGH,0.4134,2026-07-18 00:00:00,2026-07-18 12:00:00,"Riesgo HIGH para PAT-0798: evidencia sostenida durante 4 ventana(s) (12h). Variable con mayor aporte: HR (contribución=0.45, concordancia=0.29 con 2/7 variables disponibles). risk_score=0.746, confidence_score=0.413.",risa-vigia-0.1.0
SIG-PAT-0798-fc5c0391ac,PAT-0798,2026-07-19 12:00:00,0.48,MEDIUM,0.4242,2026-07-19 00:00:00,2026-07-19 12:00:00,"Riesgo MEDIUM para PAT-0798: evidencia sostenida durante 4 ventana(s) (12h). Variable con mayor aporte: HR (contribución=0.27, concordancia=0.14 con 1/7 variables disponibles). risk_score=0.480, confidence_score=0.424.",risa-vigia-0.1.0
SIG-PAT-0798-94134ef861,PAT-0798,2026-07-20 09:00:00,0.5178,MEDIUM,0.4242,2026-07-20 00:00:00,2026-07-20 09:00:00,"Riesgo MEDIUM para PAT-0798: evidencia sostenida durante 3 ventana(s) (9h). Variable con mayor aporte: HR (contribución=0.38, concordancia=0.14 con 1/7 variables disponibles). risk_score=0.518, confidence_score=0.424.",risa-vigia-0.1.0
SIG-PAT-0799-0a22642348,PAT-0799,2026-07-16 09:00:00,0.3237,MEDIUM,0.4242,2026-07-15 21:00:00,2026-07-16 09:00:00,"Riesgo MEDIUM para PAT-0799: evidencia sostenida durante 4 ventana(s) (12h). Variable con mayor aporte: TEMP (contribución=0.20, concordancia=0.00 con 0/7 variables disponibles). risk_score=0.324, confidence_score=0.424.",risa-vigia-0.1.0
SIG-PAT-0799-8620d7968e,PAT-0799,2026-07-19 15:00:00,0.5246,MEDIUM,0.4242,2026-07-18 06:00:00,2026-07-19 15:00:00,"Riesgo MEDIUM para PAT-0799: evidencia sostenida durante 11 ventana(s) (33h). Variable con mayor aporte: TEMP (contribución=0.28, concordancia=0.14 con 1/7 variables disponibles). risk_score=0.525, confidence_score=0.424.",risa-vigia-0.1.0
SIG-PAT-0800-77304724b1,PAT-0800,2026-07-05 21:00:00,0.7261,HIGH,0.4242,2026-07-05 03:00:00,2026-07-05 21:00:00,"Riesgo HIGH para PAT-0800: evidencia sostenida durante 6 ventana(s) (18h). Variable con mayor aporte: DBP (contribución=0.58, concordancia=0.14 con 1/7 variables disponibles). risk_score=0.726, confidence_score=0.424.",risa-vigia-0.1.0
SIG-PAT-0800-bb7787ddc6,PAT-0800,2026-07-07 21:00:00,0.5223,MEDIUM,0.4242,2026-07-06 18:00:00,2026-07-07 21:00:00,"Riesgo MEDIUM para PAT-0800: evidencia sostenida durante 9 ventana(s) (27h). Variable con mayor aporte: DBP (contribución=0.41, concordancia=0.14 con 1/7 variables disponibles). risk_score=0.522, confidence_score=0.424.",risa-vigia-0.1.0
SIG-PAT-0801-6f4f55e1c9,PAT-0801,2026-07-10 18:00:00,0.6151,HIGH,0.4242,2026-07-09 12:00:00,2026-07-10 18:00:00,"Riesgo HIGH para PAT-0801: evidencia sostenida durante 10 ventana(s) (30h). Variable con mayor aporte: DBP (contribución=0.51, concordancia=0.14 con 1/7 variables disponibles). risk_score=0.615, confidence_score=0.424.",risa-vigia-0.1.0
SIG-PAT-0802-3f70539f41,PAT-0802,2026-07-20 12:00:00,0.6565,HIGH,0.4242,2026-07-19 00:00:00,2026-07-20 12:00:00,"Riesgo HIGH para PAT-0802: evidencia sostenida durante 12 ventana(s) (36h). Variable con mayor aporte: DBP (contribución=0.46, concordancia=0.14 con 1/7 variables disponibles). risk_score=0.657, confidence_score=0.424.",risa-vigia-0.1.0
SIG-PAT-0803-0d6e22ccaf,PAT-0803,2026-07-12 21:00:00,0.9239,CRITICAL,0.303,2026-07-12 09:00:00,2026-07-12 21:00:00,"Riesgo CRITICAL para PAT-0803: evidencia sostenida durante 4 ventana(s) (12h). Variable con mayor aporte: SpO2 (contribución=0.47, concordancia=0.80 con 4/5 variables disponibles). risk_score=0.924, confidence_score=0.303.",risa-vigia-0.1.0
SIG-PAT-0803-d26b61261e,PAT-0803,2026-07-14 12:00:00,0.4404,MEDIUM,0.7273,2026-07-14 00:00:00,2026-07-14 12:00:00,"Riesgo MEDIUM para PAT-0803: evidencia sostenida durante 4 ventana(s) (12h). Variable con mayor aporte: DBP (contribución=0.30, concordancia=0.12 con 1/8 variables disponibles). risk_score=0.440, confidence_score=0.727.",risa-vigia-0.1.0
SIG-PAT-0803-f5e2fc442b,PAT-0803,2026-07-15 12:00:00,0.375,MEDIUM,0.4242,2026-07-15 00:00:00,2026-07-15 12:00:00,"Riesgo MEDIUM para PAT-0803: evidencia sostenida durante 4 ventana(s) (12h). Variable con mayor aporte: SBP (contribución=0.12, concordancia=0.00 con 0/7 variables disponibles). risk_score=0.375, confidence_score=0.424.",risa-vigia-0.1.0
SIG-PAT-0804-60f1dc4fc0,PAT-0804,2026-07-20 12:00:00,0.4533,MEDIUM,0.4242,2026-07-19 21:00:00,2026-07-20 12:00:00,"Riesgo MEDIUM para PAT-0804: evidencia sostenida durante 5 ventana(s) (15h). Variable con mayor aporte: HR (contribución=0.31, concordancia=0.14 con 1/7 variables disponibles). risk_score=0.453, confidence_score=0.424.",risa-vigia-0.1.0
SIG-PAT-0804-d6954fdb2f,PAT-0804,2026-07-23 21:00:00,0.8219,CRITICAL,0.3532,2026-07-23 00:00:00,2026-07-23 21:00:00,"Riesgo CRITICAL para PAT-0804: evidencia sostenida durante 7 ventana(s) (21h). Variable con mayor aporte: SBP (contribución=0.79, concordancia=0.17 con 1/6 variables disponibles). risk_score=0.822, confidence_score=0.353.",risa-vigia-0.1.0
SIG-PAT-0804-b78c51f20f,PAT-0804,2026-07-24 15:00:00,0.6247,HIGH,0.4242,2026-07-24 00:00:00,2026-07-24 15:00:00,"Riesgo HIGH para PAT-0804: evidencia sostenida durante 5 ventana(s) (15h). Variable con mayor aporte: SBP (contribución=0.30, concordancia=0.14 con 1/7 variables disponibles). risk_score=0.625, confidence_score=0.424.",risa-vigia-0.1.0
SIG-PAT-0804-4a1f10fd23,PAT-0804,2026-07-25 09:00:00,0.398,MEDIUM,0.4242,2026-07-25 00:00:00,2026-07-25 09:00:00,"Riesgo MEDIUM para PAT-0804: evidencia sostenida durante 3 ventana(s) (9h). Variable con mayor aporte: RR (contribución=0.25, concordancia=0.00 con 0/7 variables disponibles). risk_score=0.398, confidence_score=0.424.",risa-vigia-0.1.0
SIG-PAT-0805-d77ce557cc,PAT-0805,2026-07-16 18:00:00,0.474,MEDIUM,0.4242,2026-07-15 21:00:00,2026-07-16 18:00:00,"Riesgo MEDIUM para PAT-0805: evidencia sostenida durante 7 ventana(s) (21h). Variable con mayor aporte: DBP (contribución=0.28, concordancia=0.14 con 1/7 variables disponibles). risk_score=0.474, confidence_score=0.424.",risa-vigia-0.1.0
SIG-PAT-0805-99fa9de7b0,PAT-0805,2026-07-17 21:00:00,0.5035,MEDIUM,0.3636,2026-07-17 09:00:00,2026-07-17 21:00:00,"Riesgo MEDIUM para PAT-0805: evidencia sostenida durante 4 ventana(s) (12h). Variable con mayor aporte: DBP (contribución=0.40, concordancia=0.17 con 1/6 variables disponibles). risk_score=0.503, confidence_score=0.364.",risa-vigia-0.1.0
SIG-PAT-0806-2c1896b8b9,PAT-0806,2026-07-16 21:00:00,0.5089,MEDIUM,0.8182,2026-07-16 03:00:00,2026-07-16 21:00:00,"Riesgo MEDIUM para PAT-0806: evidencia sostenida durante 6 ventana(s) (18h). Variable con mayor aporte: LAB_B (contribución=0.27, concordancia=0.11 con 1/9 variables disponibles). risk_score=0.509, confidence_score=0.818.",risa-vigia-0.1.0
SIG-PAT-0806-72117fd70a,PAT-0806,2026-07-18 09:00:00,0.9294,CRITICAL,0.4242,2026-07-16 21:00:00,2026-07-18 09:00:00,"Riesgo CRITICAL para PAT-0806: evidencia sostenida durante 12 ventana(s) (36h). Variable con mayor aporte: SBP (contribución=0.67, concordancia=0.29 con 2/7 variables disponibles). risk_score=0.929, confidence_score=0.424.",risa-vigia-0.1.0
SIG-PAT-0806-8f01ba029a,PAT-0806,2026-07-18 21:00:00,0.5129,MEDIUM,0.7273,2026-07-18 09:00:00,2026-07-18 21:00:00,"Riesgo MEDIUM para PAT-0806: evidencia sostenida durante 4 ventana(s) (12h). Variable con mayor aporte: LAB_D (contribución=0.32, concordancia=0.12 con 1/8 variables disponibles). risk_score=0.513, confidence_score=0.727.",risa-vigia-0.1.0
SIG-PAT-0806-73df19b5cd,PAT-0806,2026-07-20 00:00:00,0.8582,CRITICAL,0.4242,2026-07-19 00:00:00,2026-07-20 00:00:00,"Riesgo CRITICAL para PAT-0806: evidencia sostenida durante 8 ventana(s) (24h). Variable con mayor aporte: SBP (contribución=0.70, concordancia=0.29 con 2/7 variables disponibles). risk_score=0.858, confidence_score=0.424.",risa-vigia-0.1.0
SIG-PAT-0807-2bbbbabba4,PAT-0807,2026-07-08 21:00:00,0.6545,HIGH,0.4136,2026-07-07 00:00:00,2026-07-08 21:00:00,"Riesgo HIGH para PAT-0807: evidencia sostenida durante 15 ventana(s) (45h). Variable con mayor aporte: HR (contribución=0.43, concordancia=0.14 con 1/7 variables disponibles). risk_score=0.654, confidence_score=0.414.",risa-vigia-0.1.0
SIG-PAT-0807-f509c50b56,PAT-0807,2026-07-09 12:00:00,0.5608,HIGH,0.8182,2026-07-09 00:00:00,2026-07-09 12:00:00,"Riesgo HIGH para PAT-0807: evidencia sostenida durante 4 ventana(s) (12h). Variable con mayor aporte: DBP (contribución=0.37, concordancia=0.11 con 1/9 variables disponibles). risk_score=0.561, confidence_score=0.818.",risa-vigia-0.1.0
SIG-PAT-0807-433c2ad701,PAT-0807,2026-07-11 15:00:00,0.4066,MEDIUM,0.4242,2026-07-11 00:00:00,2026-07-11 15:00:00,"Riesgo MEDIUM para PAT-0807: evidencia sostenida durante 5 ventana(s) (15h). Variable con mayor aporte: SBP (contribución=0.21, concordancia=0.00 con 0/7 variables disponibles). risk_score=0.407, confidence_score=0.424.",risa-vigia-0.1.0
SIG-PAT-0807-9fe1ba3b45,PAT-0807,2026-07-14 09:00:00,0.6765,HIGH,0.4242,2026-07-14 00:00:00,2026-07-14 09:00:00,"Riesgo HIGH para PAT-0807: evidencia sostenida durante 3 ventana(s) (9h). Variable con mayor aporte: SBP (contribución=0.39, concordancia=0.29 con 2/7 variables disponibles). risk_score=0.676, confidence_score=0.424.",risa-vigia-0.1.0
SIG-PAT-0808-cdb484e518,PAT-0808,2026-07-27 15:00:00,0.576,HIGH,0.4242,2026-07-27 00:00:00,2026-07-27 15:00:00,"Riesgo HIGH para PAT-0808: evidencia sostenida durante 5 ventana(s) (15h). Variable con mayor aporte: SBP (contribución=0.47, concordancia=0.14 con 1/7 variables disponibles). risk_score=0.576, confidence_score=0.424.",risa-vigia-0.1.0
SIG-PAT-0809-0c2929b499,PAT-0809,2026-07-17 00:00:00,0.5511,HIGH,0.4136,2026-07-15 21:00:00,2026-07-17 00:00:00,"Riesgo HIGH para PAT-0809: evidencia sostenida durante 9 ventana(s) (27h). Variable con mayor aporte: DBP (contribución=0.41, concordancia=0.14 con 1/7 variables disponibles). risk_score=0.551, confidence_score=0.414.",risa-vigia-0.1.0
SIG-PAT-0809-c7d0f17a49,PAT-0809,2026-07-18 12:00:00,0.4786,MEDIUM,0.4242,2026-07-18 00:00:00,2026-07-18 12:00:00,"Riesgo MEDIUM para PAT-0809: evidencia sostenida durante 4 ventana(s) (12h). Variable con mayor aporte: HR (contribución=0.27, concordancia=0.14 con 1/7 variables disponibles). risk_score=0.479, confidence_score=0.424.",risa-vigia-0.1.0
SIG-PAT-0809-e66ff0e942,PAT-0809,2026-07-19 12:00:00,0.7808,HIGH,0.4242,2026-07-18 18:00:00,2026-07-19 12:00:00,"Riesgo HIGH para PAT-0809: evidencia sostenida durante 6 ventana(s) (18h). Variable con mayor aporte: HR (contribución=0.40, concordancia=0.43 con 3/7 variables disponibles). risk_score=0.781, confidence_score=0.424.",risa-vigia-0.1.0
SIG-PAT-0810-37daa2f8f1,PAT-0810,2026-07-18 12:00:00,0.6434,HIGH,0.4242,2026-07-17 18:00:00,2026-07-18 12:00:00,"Riesgo HIGH para PAT-0810: evidencia sostenida durante 6 ventana(s) (18h). Variable con mayor aporte: HR (contribución=0.36, concordancia=0.14 con 1/7 variables disponibles). risk_score=0.643, confidence_score=0.424.",risa-vigia-0.1.0
SIG-PAT-0810-a4461ff5a2,PAT-0810,2026-07-19 15:00:00,0.5133,MEDIUM,0.4131,2026-07-19 00:00:00,2026-07-19 15:00:00,"Riesgo MEDIUM para PAT-0810: evidencia sostenida durante 5 ventana(s) (15h). Variable con mayor aporte: HR (contribución=0.34, concordancia=0.14 con 1/7 variables disponibles). risk_score=0.513, confidence_score=0.413.",risa-vigia-0.1.0
SIG-PAT-0811-f06df88ecd,PAT-0811,2026-07-17 15:00:00,0.7536,HIGH,0.4242,2026-07-15 00:00:00,2026-07-17 15:00:00,"Riesgo HIGH para PAT-0811: evidencia sostenida durante 21 ventana(s) (63h). Variable con mayor aporte: DBP (contribución=0.66, concordancia=0.14 con 1/7 variables disponibles). risk_score=0.754, confidence_score=0.424.",risa-vigia-0.1.0
SIG-PAT-0811-c85d9cd7d2,PAT-0811,2026-07-19 09:00:00,0.4611,MEDIUM,0.4242,2026-07-19 03:00:00,2026-07-19 09:00:00,"Riesgo MEDIUM para PAT-0811: evidencia sostenida durante 2 ventana(s) (6h). Variable con mayor aporte: DBP (contribución=0.27, concordancia=0.14 con 1/7 variables disponibles). risk_score=0.461, confidence_score=0.424.",risa-vigia-0.1.0
SIG-PAT-0812-902e5b4104,PAT-0812,2026-07-13 12:00:00,0.7685,HIGH,0.7273,2026-07-12 00:00:00,2026-07-13 12:00:00,"Riesgo HIGH para PAT-0812: evidencia sostenida durante 12 ventana(s) (36h). Variable con mayor aporte: LAB_D (contribución=0.42, concordancia=0.25 con 2/8 variables disponibles). risk_score=0.769, confidence_score=0.727.",risa-vigia-0.1.0
SIG-PAT-0812-34e345a011,PAT-0812,2026-07-14 12:00:00,0.5716,HIGH,0.4242,2026-07-14 00:00:00,2026-07-14 12:00:00,"Riesgo HIGH para PAT-0812: evidencia sostenida durante 4 ventana(s) (12h). Variable con mayor aporte: SBP (contribución=0.38, concordancia=0.14 con 1/7 variables disponibles). risk_score=0.572, confidence_score=0.424.",risa-vigia-0.1.0
SIG-PAT-0813-ca79dcda0d,PAT-0813,2026-07-07 21:00:00,0.4767,MEDIUM,0.4242,2026-07-07 00:00:00,2026-07-07 21:00:00,"Riesgo MEDIUM para PAT-0813: evidencia sostenida durante 7 ventana(s) (21h). Variable con mayor aporte: SBP (contribución=0.26, concordancia=0.14 con 1/7 variables disponibles). risk_score=0.477, confidence_score=0.424.",risa-vigia-0.1.0
SIG-PAT-0813-f158590093,PAT-0813,2026-07-08 15:00:00,0.4384,MEDIUM,0.4242,2026-07-08 00:00:00,2026-07-08 15:00:00,"Riesgo MEDIUM para PAT-0813: evidencia sostenida durante 5 ventana(s) (15h). Variable con mayor aporte: DBP (contribución=0.26, concordancia=0.14 con 1/7 variables disponibles). risk_score=0.438, confidence_score=0.424.",risa-vigia-0.1.0
SIG-PAT-0813-af969a043c,PAT-0813,2026-07-11 03:00:00,0.7904,HIGH,0.4242,2026-07-09 21:00:00,2026-07-11 03:00:00,"Riesgo HIGH para PAT-0813: evidencia sostenida durante 10 ventana(s) (30h). Variable con mayor aporte: SBP (contribución=0.43, concordancia=0.43 con 3/7 variables disponibles). risk_score=0.790, confidence_score=0.424.",risa-vigia-0.1.0
SIG-PAT-0814-254f6908f4,PAT-0814,2026-07-07 12:00:00,0.6959,HIGH,0.4242,2026-07-05 06:00:00,2026-07-07 12:00:00,"Riesgo HIGH para PAT-0814: evidencia sostenida durante 18 ventana(s) (54h). Variable con mayor aporte: SBP (contribución=0.40, concordancia=0.29 con 2/7 variables disponibles). risk_score=0.696, confidence_score=0.424.",risa-vigia-0.1.0
SIG-PAT-0814-221bfc3d22,PAT-0814,2026-07-08 12:00:00,0.4313,MEDIUM,0.4242,2026-07-08 00:00:00,2026-07-08 12:00:00,"Riesgo MEDIUM para PAT-0814: evidencia sostenida durante 4 ventana(s) (12h). Variable con mayor aporte: HR (contribución=0.33, concordancia=0.14 con 1/7 variables disponibles). risk_score=0.431, confidence_score=0.424.",risa-vigia-0.1.0
SIG-PAT-0814-9f22540630,PAT-0814,2026-07-10 09:00:00,0.5706,HIGH,0.4242,2026-07-10 00:00:00,2026-07-10 09:00:00,"Riesgo HIGH para PAT-0814: evidencia sostenida durante 3 ventana(s) (9h). Variable con mayor aporte: HR (contribución=0.51, concordancia=0.14 con 1/7 variables disponibles). risk_score=0.571, confidence_score=0.424.",risa-vigia-0.1.0
SIG-PAT-0815-ef2ab4b4aa,PAT-0815,2026-07-16 15:00:00,0.4617,MEDIUM,0.4242,2026-07-15 21:00:00,2026-07-16 15:00:00,"Riesgo MEDIUM para PAT-0815: evidencia sostenida durante 6 ventana(s) (18h). Variable con mayor aporte: HR (contribución=0.26, concordancia=0.14 con 1/7 variables disponibles). risk_score=0.462, confidence_score=0.424.",risa-vigia-0.1.0
SIG-PAT-0815-a7034430bd,PAT-0815,2026-07-19 12:00:00,0.5052,MEDIUM,0.4134,2026-07-18 21:00:00,2026-07-19 12:00:00,"Riesgo MEDIUM para PAT-0815: evidencia sostenida durante 5 ventana(s) (15h). Variable con mayor aporte: DBP (contribución=0.34, concordancia=0.14 con 1/7 variables disponibles). risk_score=0.505, confidence_score=0.413.",risa-vigia-0.1.0
SIG-PAT-0815-8646a0753b,PAT-0815,2026-07-22 12:00:00,0.6724,HIGH,0.4242,2026-07-22 00:00:00,2026-07-22 12:00:00,"Riesgo HIGH para PAT-0815: evidencia sostenida durante 4 ventana(s) (12h). Variable con mayor aporte: DBP (contribución=0.54, concordancia=0.14 con 1/7 variables disponibles). risk_score=0.672, confidence_score=0.424.",risa-vigia-0.1.0
SIG-PAT-0816-1a46361de8,PAT-0816,2026-07-16 12:00:00,0.4729,MEDIUM,0.4128,2026-07-15 06:00:00,2026-07-16 12:00:00,"Riesgo MEDIUM para PAT-0816: evidencia sostenida durante 10 ventana(s) (30h). Variable con mayor aporte: DBP (contribución=0.34, concordancia=0.14 con 1/7 variables disponibles). risk_score=0.473, confidence_score=0.413.",risa-vigia-0.1.0
SIG-PAT-0817-181391be5d,PAT-0817,2026-07-16 12:00:00,0.3719,MEDIUM,0.7273,2026-07-16 00:00:00,2026-07-16 12:00:00,"Riesgo MEDIUM para PAT-0817: evidencia sostenida durante 4 ventana(s) (12h). Variable con mayor aporte: HR (contribución=0.15, concordancia=0.00 con 0/8 variables disponibles). risk_score=0.372, confidence_score=0.727.",risa-vigia-0.1.0
SIG-PAT-0818-e4523bed25,PAT-0818,2026-07-18 12:00:00,0.5992,HIGH,0.4242,2026-07-18 00:00:00,2026-07-18 12:00:00,"Riesgo HIGH para PAT-0818: evidencia sostenida durante 4 ventana(s) (12h). Variable con mayor aporte: SBP (contribución=0.36, concordancia=0.14 con 1/7 variables disponibles). risk_score=0.599, confidence_score=0.424.",risa-vigia-0.1.0
SIG-PAT-0818-6985406380,PAT-0818,2026-07-20 12:00:00,0.5479,MEDIUM,0.4134,2026-07-19 21:00:00,2026-07-20 12:00:00,"Riesgo MEDIUM para PAT-0818: evidencia sostenida durante 5 ventana(s) (15h). Variable con mayor aporte: SBP (contribución=0.28, concordancia=0.14 con 1/7 variables disponibles). risk_score=0.548, confidence_score=0.413.",risa-vigia-0.1.0
SIG-PAT-0818-8f77c0d597,PAT-0818,2026-07-25 06:00:00,0.8572,CRITICAL,0.3636,2026-07-24 18:00:00,2026-07-25 06:00:00,"Riesgo CRITICAL para PAT-0818: evidencia sostenida durante 4 ventana(s) (12h). Variable con mayor aporte: SBP (contribución=0.60, concordancia=0.33 con 2/6 variables disponibles). risk_score=0.857, confidence_score=0.364.",risa-vigia-0.1.0
SIG-PAT-0819-bef476821b,PAT-0819,2026-07-11 18:00:00,0.642,HIGH,0.4242,2026-07-10 18:00:00,2026-07-11 18:00:00,"Riesgo HIGH para PAT-0819: evidencia sostenida durante 8 ventana(s) (24h). Variable con mayor aporte: SBP (contribución=0.40, concordancia=0.29 con 2/7 variables disponibles). risk_score=0.642, confidence_score=0.424.",risa-vigia-0.1.0
SIG-PAT-0819-a293395a6a,PAT-0819,2026-07-12 12:00:00,0.5314,MEDIUM,0.4242,2026-07-11 18:00:00,2026-07-12 12:00:00,"Riesgo MEDIUM para PAT-0819: evidencia sostenida durante 6 ventana(s) (18h). Variable con mayor aporte: SBP (contribución=0.32, concordancia=0.14 con 1/7 variables disponibles). risk_score=0.531, confidence_score=0.424.",risa-vigia-0.1.0
SIG-PAT-0819-07776fddb0,PAT-0819,2026-07-13 15:00:00,0.6016,HIGH,0.8182,2026-07-13 00:00:00,2026-07-13 15:00:00,"Riesgo HIGH para PAT-0819: evidencia sostenida durante 5 ventana(s) (15h). Variable con mayor aporte: SBP (contribución=0.34, concordancia=0.22 con 2/9 variables disponibles). risk_score=0.602, confidence_score=0.818.",risa-vigia-0.1.0
SIG-PAT-0820-83f79f6502,PAT-0820,2026-07-23 15:00:00,0.4816,MEDIUM,0.4242,2026-07-23 00:00:00,2026-07-23 15:00:00,"Riesgo MEDIUM para PAT-0820: evidencia sostenida durante 5 ventana(s) (15h). Variable con mayor aporte: HR (contribución=0.23, concordancia=0.14 con 1/7 variables disponibles). risk_score=0.482, confidence_score=0.424.",risa-vigia-0.1.0
SIG-PAT-0820-10a1ffb908,PAT-0820,2026-07-24 18:00:00,0.5361,MEDIUM,0.4131,2026-07-24 00:00:00,2026-07-24 18:00:00,"Riesgo MEDIUM para PAT-0820: evidencia sostenida durante 6 ventana(s) (18h). Variable con mayor aporte: HR (contribución=0.36, concordancia=0.14 con 1/7 variables disponibles). risk_score=0.536, confidence_score=0.413.",risa-vigia-0.1.0
SIG-PAT-0820-3df8ebf2a4,PAT-0820,2026-07-25 12:00:00,0.5036,MEDIUM,0.4242,2026-07-25 00:00:00,2026-07-25 12:00:00,"Riesgo MEDIUM para PAT-0820: evidencia sostenida durante 4 ventana(s) (12h). Variable con mayor aporte: HR (contribución=0.24, concordancia=0.00 con 0/7 variables disponibles). risk_score=0.504, confidence_score=0.424.",risa-vigia-0.1.0
SIG-PAT-0820-35ff04b985,PAT-0820,2026-07-27 12:00:00,0.4526,MEDIUM,0.4242,2026-07-27 00:00:00,2026-07-27 12:00:00,"Riesgo MEDIUM para PAT-0820: evidencia sostenida durante 4 ventana(s) (12h). Variable con mayor aporte: HR (contribución=0.33, concordancia=0.14 con 1/7 variables disponibles). risk_score=0.453, confidence_score=0.424.",risa-vigia-0.1.0
SIG-PAT-0821-3f743adf3b,PAT-0821,2026-07-08 12:00:00,0.3532,MEDIUM,0.7273,2026-07-08 00:00:00,2026-07-08 12:00:00,"Riesgo MEDIUM para PAT-0821: evidencia sostenida durante 4 ventana(s) (12h). Variable con mayor aporte: HR (contribución=0.24, concordancia=0.00 con 0/8 variables disponibles). risk_score=0.353, confidence_score=0.727.",risa-vigia-0.1.0
SIG-PAT-0821-1057b52878,PAT-0821,2026-07-10 12:00:00,0.5965,HIGH,0.4242,2026-07-10 00:00:00,2026-07-10 12:00:00,"Riesgo HIGH para PAT-0821: evidencia sostenida durante 4 ventana(s) (12h). Variable con mayor aporte: SBP (contribución=0.38, concordancia=0.14 con 1/7 variables disponibles). risk_score=0.597, confidence_score=0.424.",risa-vigia-0.1.0
SIG-PAT-0822-ed9afd1f7f,PAT-0822,2026-07-13 12:00:00,0.5971,HIGH,0.4242,2026-07-13 00:00:00,2026-07-13 12:00:00,"Riesgo HIGH para PAT-0822: evidencia sostenida durante 4 ventana(s) (12h). Variable con mayor aporte: HR (contribución=0.52, concordancia=0.14 con 1/7 variables disponibles). risk_score=0.597, confidence_score=0.424.",risa-vigia-0.1.0
SIG-PAT-0822-caf0329ea5,PAT-0822,2026-07-14 12:00:00,0.6545,HIGH,0.9091,2026-07-14 00:00:00,2026-07-14 12:00:00,"Riesgo HIGH para PAT-0822: evidencia sostenida durante 4 ventana(s) (12h). Variable con mayor aporte: HR (contribución=0.30, concordancia=0.20 con 2/10 variables disponibles). risk_score=0.655, confidence_score=0.909.",risa-vigia-0.1.0
SIG-PAT-0823-6a771c44c0,PAT-0823,2026-07-26 12:00:00,0.542,MEDIUM,0.4242,2026-07-25 18:00:00,2026-07-26 12:00:00,"Riesgo MEDIUM para PAT-0823: evidencia sostenida durante 6 ventana(s) (18h). Variable con mayor aporte: HR (contribución=0.47, concordancia=0.14 con 1/7 variables disponibles). risk_score=0.542, confidence_score=0.424.",risa-vigia-0.1.0
SIG-PAT-0823-ba9a2c6d2d,PAT-0823,2026-07-27 18:00:00,0.5234,MEDIUM,0.4242,2026-07-27 06:00:00,2026-07-27 18:00:00,"Riesgo MEDIUM para PAT-0823: evidencia sostenida durante 4 ventana(s) (12h). Variable con mayor aporte: SBP (contribución=0.43, concordancia=0.14 con 1/7 variables disponibles). risk_score=0.523, confidence_score=0.424.",risa-vigia-0.1.0
SIG-PAT-0823-2c04842243,PAT-0823,2026-07-30 15:00:00,0.4989,MEDIUM,0.4242,2026-07-29 21:00:00,2026-07-30 15:00:00,"Riesgo MEDIUM para PAT-0823: evidencia sostenida durante 6 ventana(s) (18h). Variable con mayor aporte: DBP (contribución=0.27, concordancia=0.14 con 1/7 variables disponibles). risk_score=0.499, confidence_score=0.424.",risa-vigia-0.1.0
SIG-PAT-0824-90e6c68811,PAT-0824,2026-07-06 12:00:00,0.412,MEDIUM,0.4242,2026-07-05 12:00:00,2026-07-06 12:00:00,"Riesgo MEDIUM para PAT-0824: evidencia sostenida durante 8 ventana(s) (24h). Variable con mayor aporte: RR (contribución=0.32, concordancia=0.14 con 1/7 variables disponibles). risk_score=0.412, confidence_score=0.424.",risa-vigia-0.1.0
SIG-PAT-0824-5e9d711b3a,PAT-0824,2026-07-09 12:00:00,0.4312,MEDIUM,0.4242,2026-07-08 18:00:00,2026-07-09 12:00:00,"Riesgo MEDIUM para PAT-0824: evidencia sostenida durante 6 ventana(s) (18h). Variable con mayor aporte: SBP (contribución=0.27, concordancia=0.14 con 1/7 variables disponibles). risk_score=0.431, confidence_score=0.424.",risa-vigia-0.1.0
SIG-PAT-0824-fe4f93f279,PAT-0824,2026-07-10 09:00:00,0.6303,HIGH,0.4242,2026-07-09 15:00:00,2026-07-10 09:00:00,"Riesgo HIGH para PAT-0824: evidencia sostenida durante 6 ventana(s) (18h). Variable con mayor aporte: RR (contribución=0.26, concordancia=0.14 con 1/7 variables disponibles). risk_score=0.630, confidence_score=0.424.",risa-vigia-0.1.0
SIG-PAT-0825-032965a344,PAT-0825,2026-07-13 12:00:00,0.792,HIGH,0.4242,2026-07-11 00:00:00,2026-07-13 12:00:00,"Riesgo HIGH para PAT-0825: evidencia sostenida durante 20 ventana(s) (60h). Variable con mayor aporte: SBP (contribución=0.35, concordancia=0.43 con 3/7 variables disponibles). risk_score=0.792, confidence_score=0.424.",risa-vigia-0.1.0
SIG-PAT-0825-9eb257319b,PAT-0825,2026-07-16 00:00:00,0.4844,MEDIUM,0.4242,2026-07-15 00:00:00,2026-07-16 00:00:00,"Riesgo MEDIUM para PAT-0825: evidencia sostenida durante 8 ventana(s) (24h). Variable con mayor aporte: SBP (contribución=0.33, concordancia=0.14 con 1/7 variables disponibles). risk_score=0.484, confidence_score=0.424.",risa-vigia-0.1.0
SIG-PAT-0825-0cb4f5efd1,PAT-0825,2026-07-16 15:00:00,0.3738,MEDIUM,0.8182,2026-07-16 00:00:00,2026-07-16 15:00:00,"Riesgo MEDIUM para PAT-0825: evidencia sostenida durante 5 ventana(s) (15h). Variable con mayor aporte: HR (contribución=0.21, concordancia=0.00 con 0/9 variables disponibles). risk_score=0.374, confidence_score=0.818.",risa-vigia-0.1.0
SIG-PAT-0826-79a8a0ebd6,PAT-0826,2026-07-17 15:00:00,0.5703,HIGH,0.4242,2026-07-17 00:00:00,2026-07-17 15:00:00,"Riesgo HIGH para PAT-0826: evidencia sostenida durante 5 ventana(s) (15h). Variable con mayor aporte: DBP (contribución=0.42, concordancia=0.14 con 1/7 variables disponibles). risk_score=0.570, confidence_score=0.424.",risa-vigia-0.1.0
SIG-PAT-0826-0a9ec70566,PAT-0826,2026-07-18 12:00:00,0.6916,HIGH,0.4131,2026-07-18 00:00:00,2026-07-18 12:00:00,"Riesgo HIGH para PAT-0826: evidencia sostenida durante 4 ventana(s) (12h). Variable con mayor aporte: DBP (contribución=0.55, concordancia=0.14 con 1/7 variables disponibles). risk_score=0.692, confidence_score=0.413.",risa-vigia-0.1.0
SIG-PAT-0826-de55b4ac5e,PAT-0826,2026-07-19 15:00:00,0.5212,MEDIUM,0.4242,2026-07-19 00:00:00,2026-07-19 15:00:00,"Riesgo MEDIUM para PAT-0826: evidencia sostenida durante 5 ventana(s) (15h). Variable con mayor aporte: HR (contribución=0.22, concordancia=0.14 con 1/7 variables disponibles). risk_score=0.521, confidence_score=0.424.",risa-vigia-0.1.0
SIG-PAT-0827-f213f36550,PAT-0827,2026-07-15 09:00:00,0.4632,MEDIUM,0.4242,2026-07-14 18:00:00,2026-07-15 09:00:00,"Riesgo MEDIUM para PAT-0827: evidencia sostenida durante 5 ventana(s) (15h). Variable con mayor aporte: RR (contribución=0.19, concordancia=0.00 con 0/7 variables disponibles). risk_score=0.463, confidence_score=0.424.",risa-vigia-0.1.0
SIG-PAT-0828-b2e5061506,PAT-0828,2026-07-05 12:00:00,0.4571,MEDIUM,0.4242,2026-07-04 21:00:00,2026-07-05 12:00:00,"Riesgo MEDIUM para PAT-0828: evidencia sostenida durante 5 ventana(s) (15h). Variable con mayor aporte: TEMP (contribución=0.38, concordancia=0.14 con 1/7 variables disponibles). risk_score=0.457, confidence_score=0.424.",risa-vigia-0.1.0
SIG-PAT-0829-5f098e5822,PAT-0829,2026-07-23 12:00:00,0.3389,MEDIUM,0.8182,2026-07-22 15:00:00,2026-07-23 12:00:00,"Riesgo MEDIUM para PAT-0829: evidencia sostenida durante 7 ventana(s) (21h). Variable con mayor aporte: TEMP (contribución=0.15, concordancia=0.00 con 0/9 variables disponibles). risk_score=0.339, confidence_score=0.818.",risa-vigia-0.1.0
SIG-PAT-0829-ff305a985a,PAT-0829,2026-07-24 09:00:00,0.5209,MEDIUM,0.4242,2026-07-23 18:00:00,2026-07-24 09:00:00,"Riesgo MEDIUM para PAT-0829: evidencia sostenida durante 5 ventana(s) (15h). Variable con mayor aporte: DBP (contribución=0.40, concordancia=0.14 con 1/7 variables disponibles). risk_score=0.521, confidence_score=0.424.",risa-vigia-0.1.0
SIG-PAT-0830-ff8bac367e,PAT-0830,2026-07-12 18:00:00,0.6844,HIGH,0.4242,2026-07-12 03:00:00,2026-07-12 18:00:00,"Riesgo HIGH para PAT-0830: evidencia sostenida durante 5 ventana(s) (15h). Variable con mayor aporte: DBP (contribución=0.57, concordancia=0.14 con 1/7 variables disponibles). risk_score=0.684, confidence_score=0.424.",risa-vigia-0.1.0
SIG-PAT-0831-f24659abc3,PAT-0831,2026-07-25 00:00:00,0.7309,HIGH,0.4242,2026-07-23 00:00:00,2026-07-25 00:00:00,"Riesgo HIGH para PAT-0831: evidencia sostenida durante 16 ventana(s) (48h). Variable con mayor aporte: DBP (contribución=0.50, concordancia=0.14 con 1/7 variables disponibles). risk_score=0.731, confidence_score=0.424.",risa-vigia-0.1.0
SIG-PAT-0831-08de260d1b,PAT-0831,2026-07-29 09:00:00,0.5838,HIGH,0.4242,2026-07-27 00:00:00,2026-07-29 09:00:00,"Riesgo HIGH para PAT-0831: evidencia sostenida durante 19 ventana(s) (57h). Variable con mayor aporte: SBP (contribución=0.41, concordancia=0.14 con 1/7 variables disponibles). risk_score=0.584, confidence_score=0.424.",risa-vigia-0.1.0
SIG-PAT-0831-c6cdf8e771,PAT-0831,2026-07-30 21:00:00,0.5842,HIGH,0.4131,2026-07-30 09:00:00,2026-07-30 21:00:00,"Riesgo HIGH para PAT-0831: evidencia sostenida durante 4 ventana(s) (12h). Variable con mayor aporte: DBP (contribución=0.49, concordancia=0.14 con 1/7 variables disponibles). risk_score=0.584, confidence_score=0.413.",risa-vigia-0.1.0
SIG-PAT-0832-dda54f0e7a,PAT-0832,2026-07-08 12:00:00,0.6604,HIGH,0.4242,2026-07-07 21:00:00,2026-07-08 12:00:00,"Riesgo HIGH para PAT-0832: evidencia sostenida durante 5 ventana(s) (15h). Variable con mayor aporte: HR (contribución=0.56, concordancia=0.14 con 1/7 variables disponibles). risk_score=0.660, confidence_score=0.424.",risa-vigia-0.1.0
SIG-PAT-0832-1c33a8d6d4,PAT-0832,2026-07-09 15:00:00,0.3618,MEDIUM,0.4242,2026-07-09 03:00:00,2026-07-09 15:00:00,"Riesgo MEDIUM para PAT-0832: evidencia sostenida durante 4 ventana(s) (12h). Variable con mayor aporte: DBP (contribución=0.13, concordancia=0.00 con 0/7 variables disponibles). risk_score=0.362, confidence_score=0.424.",risa-vigia-0.1.0
SIG-PAT-0832-4a75c4183f,PAT-0832,2026-07-10 15:00:00,0.5337,MEDIUM,0.4242,2026-07-09 21:00:00,2026-07-10 15:00:00,"Riesgo MEDIUM para PAT-0832: evidencia sostenida durante 6 ventana(s) (18h). Variable con mayor aporte: HR (contribución=0.27, concordancia=0.14 con 1/7 variables disponibles). risk_score=0.534, confidence_score=0.424.",risa-vigia-0.1.0
SIG-PAT-0832-19cfd4077a,PAT-0832,2026-07-11 15:00:00,0.3848,MEDIUM,0.4242,2026-07-11 00:00:00,2026-07-11 15:00:00,"Riesgo MEDIUM para PAT-0832: evidencia sostenida durante 5 ventana(s) (15h). Variable con mayor aporte: HR (contribución=0.19, concordancia=0.00 con 0/7 variables disponibles). risk_score=0.385, confidence_score=0.424.",risa-vigia-0.1.0
SIG-PAT-0832-ccb0197089,PAT-0832,2026-07-12 15:00:00,0.5431,MEDIUM,0.4136,2026-07-12 00:00:00,2026-07-12 15:00:00,"Riesgo MEDIUM para PAT-0832: evidencia sostenida durante 5 ventana(s) (15h). Variable con mayor aporte: DBP (contribución=0.19, concordancia=0.00 con 0/7 variables disponibles). risk_score=0.543, confidence_score=0.414.",risa-vigia-0.1.0
SIG-PAT-0832-578482e26b,PAT-0832,2026-07-13 21:00:00,0.8239,CRITICAL,0.8182,2026-07-13 00:00:00,2026-07-13 21:00:00,"Riesgo CRITICAL para PAT-0832: evidencia sostenida durante 7 ventana(s) (21h). Variable con mayor aporte: DBP (contribución=0.53, concordancia=0.33 con 3/9 variables disponibles). risk_score=0.824, confidence_score=0.818.",risa-vigia-0.1.0
SIG-PAT-0832-5f710c3d46,PAT-0832,2026-07-15 00:00:00,0.5352,MEDIUM,0.4242,2026-07-14 09:00:00,2026-07-15 00:00:00,"Riesgo MEDIUM para PAT-0832: evidencia sostenida durante 5 ventana(s) (15h). Variable con mayor aporte: DBP (contribución=0.45, concordancia=0.14 con 1/7 variables disponibles). risk_score=0.535, confidence_score=0.424.",risa-vigia-0.1.0
SIG-PAT-0832-f66d97189b,PAT-0832,2026-07-15 09:00:00,0.5497,MEDIUM,0.4242,2026-07-15 00:00:00,2026-07-15 09:00:00,"Riesgo MEDIUM para PAT-0832: evidencia sostenida durante 3 ventana(s) (9h). Variable con mayor aporte: DBP (contribución=0.31, concordancia=0.14 con 1/7 variables disponibles). risk_score=0.550, confidence_score=0.424.",risa-vigia-0.1.0
SIG-PAT-0833-20a07ed68d,PAT-0833,2026-07-18 18:00:00,0.3317,MEDIUM,0.7081,2026-07-18 00:00:00,2026-07-18 18:00:00,"Riesgo MEDIUM para PAT-0833: evidencia sostenida durante 6 ventana(s) (18h). Variable con mayor aporte: HR (contribución=0.11, concordancia=0.00 con 0/8 variables disponibles). risk_score=0.332, confidence_score=0.708.",risa-vigia-0.1.0
SIG-PAT-0833-a19aadd1dc,PAT-0833,2026-07-21 12:00:00,0.646,HIGH,0.4131,2026-07-20 21:00:00,2026-07-21 12:00:00,"Riesgo HIGH para PAT-0833: evidencia sostenida durante 5 ventana(s) (15h). Variable con mayor aporte: SBP (contribución=0.53, concordancia=0.14 con 1/7 variables disponibles). risk_score=0.646, confidence_score=0.413.",risa-vigia-0.1.0
SIG-PAT-0834-c65c7b46fb,PAT-0834,2026-07-08 12:00:00,0.4203,MEDIUM,0.4242,2026-07-07 21:00:00,2026-07-08 12:00:00,"Riesgo MEDIUM para PAT-0834: evidencia sostenida durante 5 ventana(s) (15h). Variable con mayor aporte: RR (contribución=0.16, concordancia=0.00 con 0/7 variables disponibles). risk_score=0.420, confidence_score=0.424.",risa-vigia-0.1.0
SIG-PAT-0834-44ea9f9c2b,PAT-0834,2026-07-09 18:00:00,0.4715,MEDIUM,0.7977,2026-07-08 21:00:00,2026-07-09 18:00:00,"Riesgo MEDIUM para PAT-0834: evidencia sostenida durante 7 ventana(s) (21h). Variable con mayor aporte: HR (contribución=0.22, concordancia=0.00 con 0/9 variables disponibles). risk_score=0.472, confidence_score=0.798.",risa-vigia-0.1.0
SIG-PAT-0834-715a6ed5d7,PAT-0834,2026-07-10 21:00:00,0.4919,MEDIUM,0.4242,2026-07-10 00:00:00,2026-07-10 21:00:00,"Riesgo MEDIUM para PAT-0834: evidencia sostenida durante 7 ventana(s) (21h). Variable con mayor aporte: HR (contribución=0.16, concordancia=0.00 con 0/7 variables disponibles). risk_score=0.492, confidence_score=0.424.",risa-vigia-0.1.0
SIG-PAT-0834-919f7c8d77,PAT-0834,2026-07-11 12:00:00,0.3914,MEDIUM,0.4242,2026-07-11 00:00:00,2026-07-11 12:00:00,"Riesgo MEDIUM para PAT-0834: evidencia sostenida durante 4 ventana(s) (12h). Variable con mayor aporte: SBP (contribución=0.19, concordancia=0.00 con 0/7 variables disponibles). risk_score=0.391, confidence_score=0.424.",risa-vigia-0.1.0
SIG-PAT-0835-aec03bc73e,PAT-0835,2026-07-28 12:00:00,0.528,MEDIUM,0.4242,2026-07-28 00:00:00,2026-07-28 12:00:00,"Riesgo MEDIUM para PAT-0835: evidencia sostenida durante 4 ventana(s) (12h). Variable con mayor aporte: HR (contribución=0.31, concordancia=0.14 con 1/7 variables disponibles). risk_score=0.528, confidence_score=0.424.",risa-vigia-0.1.0
SIG-PAT-0835-ca1908e979,PAT-0835,2026-07-29 15:00:00,0.6126,HIGH,0.3636,2026-07-28 12:00:00,2026-07-29 15:00:00,"Riesgo HIGH para PAT-0835: evidencia sostenida durante 9 ventana(s) (27h). Variable con mayor aporte: DBP (contribución=0.35, concordancia=0.17 con 1/6 variables disponibles). risk_score=0.613, confidence_score=0.364.",risa-vigia-0.1.0
SIG-PAT-0836-f188e959ec,PAT-0836,2026-07-21 12:00:00,0.5427,MEDIUM,0.4242,2026-07-20 21:00:00,2026-07-21 12:00:00,"Riesgo MEDIUM para PAT-0836: evidencia sostenida durante 5 ventana(s) (15h). Variable con mayor aporte: HR (contribución=0.25, concordancia=0.00 con 0/7 variables disponibles). risk_score=0.543, confidence_score=0.424.",risa-vigia-0.1.0
SIG-PAT-0836-07621f3f51,PAT-0836,2026-07-25 12:00:00,0.7094,HIGH,0.4242,2026-07-24 18:00:00,2026-07-25 12:00:00,"Riesgo HIGH para PAT-0836: evidencia sostenida durante 6 ventana(s) (18h). Variable con mayor aporte: SBP (contribución=0.31, concordancia=0.29 con 2/7 variables disponibles). risk_score=0.709, confidence_score=0.424.",risa-vigia-0.1.0
SIG-PAT-0837-43e0f2ead9,PAT-0837,2026-07-08 00:00:00,0.5605,HIGH,0.4242,2026-07-05 18:00:00,2026-07-08 00:00:00,"Riesgo HIGH para PAT-0837: evidencia sostenida durante 18 ventana(s) (54h). Variable con mayor aporte: DBP (contribución=0.29, concordancia=0.14 con 1/7 variables disponibles). risk_score=0.561, confidence_score=0.424.",risa-vigia-0.1.0
SIG-PAT-0838-1107a7226d,PAT-0838,2026-07-10 12:00:00,0.6112,HIGH,0.4242,2026-07-10 00:00:00,2026-07-10 12:00:00,"Riesgo HIGH para PAT-0838: evidencia sostenida durante 4 ventana(s) (12h). Variable con mayor aporte: HR (contribución=0.48, concordancia=0.14 con 1/7 variables disponibles). risk_score=0.611, confidence_score=0.424.",risa-vigia-0.1.0
SIG-PAT-0838-745ab10f12,PAT-0838,2026-07-13 15:00:00,0.7276,HIGH,0.3636,2026-07-13 00:00:00,2026-07-13 15:00:00,"Riesgo HIGH para PAT-0838: evidencia sostenida durante 5 ventana(s) (15h). Variable con mayor aporte: DBP (contribución=0.59, concordancia=0.17 con 1/6 variables disponibles). risk_score=0.728, confidence_score=0.364.",risa-vigia-0.1.0
SIG-PAT-0838-af9aa17af6,PAT-0838,2026-07-16 18:00:00,0.7746,HIGH,0.4242,2026-07-16 00:00:00,2026-07-16 18:00:00,"Riesgo HIGH para PAT-0838: evidencia sostenida durante 6 ventana(s) (18h). Variable con mayor aporte: DBP (contribución=0.64, concordancia=0.14 con 1/7 variables disponibles). risk_score=0.775, confidence_score=0.424.",risa-vigia-0.1.0
SIG-PAT-0838-eca0fac4ac,PAT-0838,2026-07-17 12:00:00,0.71,HIGH,0.8182,2026-07-17 00:00:00,2026-07-17 12:00:00,"Riesgo HIGH para PAT-0838: evidencia sostenida durante 4 ventana(s) (12h). Variable con mayor aporte: SBP (contribución=0.51, concordancia=0.22 con 2/9 variables disponibles). risk_score=0.710, confidence_score=0.818.",risa-vigia-0.1.0
SIG-PAT-0838-e6a9a08db7,PAT-0838,2026-07-18 12:00:00,0.4705,MEDIUM,0.4242,2026-07-17 21:00:00,2026-07-18 12:00:00,"Riesgo MEDIUM para PAT-0838: evidencia sostenida durante 5 ventana(s) (15h). Variable con mayor aporte: DBP (contribución=0.31, concordancia=0.14 con 1/7 variables disponibles). risk_score=0.470, confidence_score=0.424.",risa-vigia-0.1.0
SIG-PAT-0838-23c3094df7,PAT-0838,2026-07-21 09:00:00,0.6002,HIGH,0.4242,2026-07-20 21:00:00,2026-07-21 09:00:00,"Riesgo HIGH para PAT-0838: evidencia sostenida durante 4 ventana(s) (12h). Variable con mayor aporte: DBP (contribución=0.40, concordancia=0.14 con 1/7 variables disponibles). risk_score=0.600, confidence_score=0.424.",risa-vigia-0.1.0
SIG-PAT-0838-8e15e4e60d,PAT-0838,2026-07-24 15:00:00,0.6704,HIGH,0.4242,2026-07-22 00:00:00,2026-07-24 15:00:00,"Riesgo HIGH para PAT-0838: evidencia sostenida durante 21 ventana(s) (63h). Variable con mayor aporte: DBP (contribución=0.49, concordancia=0.14 con 1/7 variables disponibles). risk_score=0.670, confidence_score=0.424.",risa-vigia-0.1.0
SIG-PAT-0838-37a55b2ef8,PAT-0838,2026-07-26 12:00:00,0.4055,MEDIUM,0.4242,2026-07-26 00:00:00,2026-07-26 12:00:00,"Riesgo MEDIUM para PAT-0838: evidencia sostenida durante 4 ventana(s) (12h). Variable con mayor aporte: HR (contribución=0.25, concordancia=0.00 con 0/7 variables disponibles). risk_score=0.405, confidence_score=0.424.",risa-vigia-0.1.0
SIG-PAT-0838-bed20b69f5,PAT-0838,2026-07-29 06:00:00,0.9709,CRITICAL,0.4242,2026-07-28 15:00:00,2026-07-29 06:00:00,"Riesgo CRITICAL para PAT-0838: evidencia sostenida durante 5 ventana(s) (15h). Variable con mayor aporte: TEMP (contribución=0.81, concordancia=0.43 con 3/7 variables disponibles). risk_score=0.971, confidence_score=0.424.",risa-vigia-0.1.0
SIG-PAT-0839-c31873e9df,PAT-0839,2026-07-02 09:00:00,0.4595,MEDIUM,0.4242,2026-07-01 15:00:00,2026-07-02 09:00:00,"Riesgo MEDIUM para PAT-0839: evidencia sostenida durante 6 ventana(s) (18h). Variable con mayor aporte: TEMP (contribución=0.34, concordancia=0.14 con 1/7 variables disponibles). risk_score=0.459, confidence_score=0.424.",risa-vigia-0.1.0
SIG-PAT-0839-ba824acca7,PAT-0839,2026-07-05 15:00:00,0.4941,MEDIUM,0.4242,2026-07-05 03:00:00,2026-07-05 15:00:00,"Riesgo MEDIUM para PAT-0839: evidencia sostenida durante 4 ventana(s) (12h). Variable con mayor aporte: SBP (contribución=0.33, concordancia=0.14 con 1/7 variables disponibles). risk_score=0.494, confidence_score=0.424.",risa-vigia-0.1.0
SIG-PAT-0840-a931c214f9,PAT-0840,2026-07-24 21:00:00,0.5951,HIGH,0.4242,2026-07-23 00:00:00,2026-07-24 21:00:00,"Riesgo HIGH para PAT-0840: evidencia sostenida durante 15 ventana(s) (45h). Variable con mayor aporte: DBP (contribución=0.38, concordancia=0.14 con 1/7 variables disponibles). risk_score=0.595, confidence_score=0.424.",risa-vigia-0.1.0
SIG-PAT-0840-8da3d02867,PAT-0840,2026-07-25 12:00:00,0.51,MEDIUM,0.8182,2026-07-25 00:00:00,2026-07-25 12:00:00,"Riesgo MEDIUM para PAT-0840: evidencia sostenida durante 4 ventana(s) (12h). Variable con mayor aporte: LAB_A (contribución=0.22, concordancia=0.11 con 1/9 variables disponibles). risk_score=0.510, confidence_score=0.818.",risa-vigia-0.1.0
SIG-PAT-0840-37926eddaa,PAT-0840,2026-07-26 12:00:00,0.381,MEDIUM,0.4242,2026-07-26 00:00:00,2026-07-26 12:00:00,"Riesgo MEDIUM para PAT-0840: evidencia sostenida durante 4 ventana(s) (12h). Variable con mayor aporte: HR (contribución=0.18, concordancia=0.00 con 0/7 variables disponibles). risk_score=0.381, confidence_score=0.424.",risa-vigia-0.1.0
SIG-PAT-0841-b31a997888,PAT-0841,2026-07-23 18:00:00,0.6353,HIGH,0.4242,2026-07-22 21:00:00,2026-07-23 18:00:00,"Riesgo HIGH para PAT-0841: evidencia sostenida durante 7 ventana(s) (21h). Variable con mayor aporte: RR (contribución=0.27, concordancia=0.29 con 2/7 variables disponibles). risk_score=0.635, confidence_score=0.424.",risa-vigia-0.1.0
SIG-PAT-0841-5fedfd1e12,PAT-0841,2026-07-25 15:00:00,0.7447,HIGH,0.4242,2026-07-25 00:00:00,2026-07-25 15:00:00,"Riesgo HIGH para PAT-0841: evidencia sostenida durante 5 ventana(s) (15h). Variable con mayor aporte: DBP (contribución=0.57, concordancia=0.14 con 1/7 variables disponibles). risk_score=0.745, confidence_score=0.424.",risa-vigia-0.1.0
SIG-PAT-0841-0314f05a32,PAT-0841,2026-07-26 15:00:00,0.4561,MEDIUM,0.4242,2026-07-25 21:00:00,2026-07-26 15:00:00,"Riesgo MEDIUM para PAT-0841: evidencia sostenida durante 6 ventana(s) (18h). Variable con mayor aporte: SBP (contribución=0.26, concordancia=0.14 con 1/7 variables disponibles). risk_score=0.456, confidence_score=0.424.",risa-vigia-0.1.0
SIG-PAT-0841-7b2eca0902,PAT-0841,2026-07-27 15:00:00,0.8005,CRITICAL,0.7273,2026-07-27 00:00:00,2026-07-27 15:00:00,"Riesgo CRITICAL para PAT-0841: evidencia sostenida durante 5 ventana(s) (15h). Variable con mayor aporte: DBP (contribución=0.57, concordancia=0.25 con 2/8 variables disponibles). risk_score=0.801, confidence_score=0.727.",risa-vigia-0.1.0
SIG-PAT-0841-b08421585b,PAT-0841,2026-07-28 15:00:00,0.592,HIGH,0.4242,2026-07-28 00:00:00,2026-07-28 15:00:00,"Riesgo HIGH para PAT-0841: evidencia sostenida durante 5 ventana(s) (15h). Variable con mayor aporte: DBP (contribución=0.41, concordancia=0.14 con 1/7 variables disponibles). risk_score=0.592, confidence_score=0.424.",risa-vigia-0.1.0
SIG-PAT-0842-742ddf26f9,PAT-0842,2026-07-22 21:00:00,0.3234,MEDIUM,0.4242,2026-07-22 09:00:00,2026-07-22 21:00:00,"Riesgo MEDIUM para PAT-0842: evidencia sostenida durante 4 ventana(s) (12h). Variable con mayor aporte: HR (contribución=0.15, concordancia=0.00 con 0/7 variables disponibles). risk_score=0.323, confidence_score=0.424.",risa-vigia-0.1.0
SIG-PAT-0842-ffbbfa425e,PAT-0842,2026-07-23 12:00:00,0.5507,HIGH,0.4242,2026-07-23 00:00:00,2026-07-23 12:00:00,"Riesgo HIGH para PAT-0842: evidencia sostenida durante 4 ventana(s) (12h). Variable con mayor aporte: HR (contribución=0.36, concordancia=0.14 con 1/7 variables disponibles). risk_score=0.551, confidence_score=0.424.",risa-vigia-0.1.0
SIG-PAT-0842-96099dbe1c,PAT-0842,2026-07-25 15:00:00,0.6072,HIGH,0.4242,2026-07-25 00:00:00,2026-07-25 15:00:00,"Riesgo HIGH para PAT-0842: evidencia sostenida durante 5 ventana(s) (15h). Variable con mayor aporte: SBP (contribución=0.27, concordancia=0.14 con 1/7 variables disponibles). risk_score=0.607, confidence_score=0.424.",risa-vigia-0.1.0
SIG-PAT-0842-07f6840964,PAT-0842,2026-07-28 09:00:00,0.7669,HIGH,0.4242,2026-07-27 21:00:00,2026-07-28 09:00:00,"Riesgo HIGH para PAT-0842: evidencia sostenida durante 4 ventana(s) (12h). Variable con mayor aporte: SBP (contribución=0.48, concordancia=0.29 con 2/7 variables disponibles). risk_score=0.767, confidence_score=0.424.",risa-vigia-0.1.0
SIG-PAT-0844-40730673c5,PAT-0844,2026-07-07 21:00:00,0.5551,HIGH,0.4242,2026-07-06 18:00:00,2026-07-07 21:00:00,"Riesgo HIGH para PAT-0844: evidencia sostenida durante 9 ventana(s) (27h). Variable con mayor aporte: SBP (contribución=0.38, concordancia=0.14 con 1/7 variables disponibles). risk_score=0.555, confidence_score=0.424.",risa-vigia-0.1.0
SIG-PAT-0844-bee8e282bc,PAT-0844,2026-07-09 15:00:00,0.5823,HIGH,0.4242,2026-07-09 00:00:00,2026-07-09 15:00:00,"Riesgo HIGH para PAT-0844: evidencia sostenida durante 5 ventana(s) (15h). Variable con mayor aporte: DBP (contribución=0.39, concordancia=0.14 con 1/7 variables disponibles). risk_score=0.582, confidence_score=0.424.",risa-vigia-0.1.0
SIG-PAT-0844-38ed5289cc,PAT-0844,2026-07-10 12:00:00,0.4294,MEDIUM,0.4242,2026-07-10 00:00:00,2026-07-10 12:00:00,"Riesgo MEDIUM para PAT-0844: evidencia sostenida durante 4 ventana(s) (12h). Variable con mayor aporte: SBP (contribución=0.20, concordancia=0.00 con 0/7 variables disponibles). risk_score=0.429, confidence_score=0.424.",risa-vigia-0.1.0
SIG-PAT-0844-a8402c73a3,PAT-0844,2026-07-12 12:00:00,0.626,HIGH,0.9091,2026-07-11 12:00:00,2026-07-12 12:00:00,"Riesgo HIGH para PAT-0844: evidencia sostenida durante 8 ventana(s) (24h). Variable con mayor aporte: LAB_C (contribución=0.53, concordancia=0.10 con 1/10 variables disponibles). risk_score=0.626, confidence_score=0.909.",risa-vigia-0.1.0
SIG-PAT-0844-5fb7abd210,PAT-0844,2026-07-15 06:00:00,0.9929,CRITICAL,0.4242,2026-07-14 12:00:00,2026-07-15 06:00:00,"Riesgo CRITICAL para PAT-0844: evidencia sostenida durante 6 ventana(s) (18h). Variable con mayor aporte: SpO2 (contribución=0.81, concordancia=0.57 con 4/7 variables disponibles). risk_score=0.993, confidence_score=0.424.",risa-vigia-0.1.0
SIG-PAT-0845-d753012662,PAT-0845,2026-07-11 12:00:00,0.6754,HIGH,0.4242,2026-07-10 21:00:00,2026-07-11 12:00:00,"Riesgo HIGH para PAT-0845: evidencia sostenida durante 5 ventana(s) (15h). Variable con mayor aporte: HR (contribución=0.56, concordancia=0.14 con 1/7 variables disponibles). risk_score=0.675, confidence_score=0.424.",risa-vigia-0.1.0
SIG-PAT-0845-9afa9fcf4f,PAT-0845,2026-07-12 18:00:00,0.7633,HIGH,0.7273,2026-07-11 12:00:00,2026-07-12 18:00:00,"Riesgo HIGH para PAT-0845: evidencia sostenida durante 10 ventana(s) (30h). Variable con mayor aporte: LAB_B (contribución=0.70, concordancia=0.12 con 1/8 variables disponibles). risk_score=0.763, confidence_score=0.727.",risa-vigia-0.1.0
SIG-PAT-0845-ac8035e2a8,PAT-0845,2026-07-14 03:00:00,0.705,HIGH,0.4242,2026-07-13 00:00:00,2026-07-14 03:00:00,"Riesgo HIGH para PAT-0845: evidencia sostenida durante 9 ventana(s) (27h). Variable con mayor aporte: SBP (contribución=0.38, concordancia=0.29 con 2/7 variables disponibles). risk_score=0.705, confidence_score=0.424.",risa-vigia-0.1.0
SIG-PAT-0846-7f98387b45,PAT-0846,2026-07-02 09:00:00,0.3359,MEDIUM,0.4131,2026-07-01 21:00:00,2026-07-02 09:00:00,"Riesgo MEDIUM para PAT-0846: evidencia sostenida durante 4 ventana(s) (12h). Variable con mayor aporte: TEMP (contribución=0.21, concordancia=0.00 con 0/7 variables disponibles). risk_score=0.336, confidence_score=0.413.",risa-vigia-0.1.0
SIG-PAT-0848-9158327a8d,PAT-0848,2026-07-26 12:00:00,0.4867,MEDIUM,0.4242,2026-07-26 00:00:00,2026-07-26 12:00:00,"Riesgo MEDIUM para PAT-0848: evidencia sostenida durante 4 ventana(s) (12h). Variable con mayor aporte: DBP (contribución=0.31, concordancia=0.14 con 1/7 variables disponibles). risk_score=0.487, confidence_score=0.424.",risa-vigia-0.1.0
SIG-PAT-0848-2e802f8f10,PAT-0848,2026-07-30 09:00:00,0.395,MEDIUM,0.4242,2026-07-30 03:00:00,2026-07-30 09:00:00,"Riesgo MEDIUM para PAT-0848: evidencia sostenida durante 2 ventana(s) (6h). Variable con mayor aporte: HR (contribución=0.26, concordancia=0.14 con 1/7 variables disponibles). risk_score=0.395, confidence_score=0.424.",risa-vigia-0.1.0
SIG-PAT-0849-444c70100b,PAT-0849,2026-07-21 12:00:00,0.5613,HIGH,0.4242,2026-07-19 15:00:00,2026-07-21 12:00:00,"Riesgo HIGH para PAT-0849: evidencia sostenida durante 15 ventana(s) (45h). Variable con mayor aporte: DBP (contribución=0.27, concordancia=0.29 con 2/7 variables disponibles). risk_score=0.561, confidence_score=0.424.",risa-vigia-0.1.0
SIG-PAT-0849-de32b1e0a1,PAT-0849,2026-07-22 09:00:00,0.9717,CRITICAL,0.3636,2026-07-21 12:00:00,2026-07-22 09:00:00,"Riesgo CRITICAL para PAT-0849: evidencia sostenida durante 7 ventana(s) (21h). Variable con mayor aporte: TEMP (contribución=0.68, concordancia=0.67 con 4/6 variables disponibles). risk_score=0.972, confidence_score=0.364.",risa-vigia-0.1.0
SIG-PAT-0849-71072d6797,PAT-0849,2026-07-23 12:00:00,0.8473,CRITICAL,0.4242,2026-07-22 12:00:00,2026-07-23 12:00:00,"Riesgo CRITICAL para PAT-0849: evidencia sostenida durante 8 ventana(s) (24h). Variable con mayor aporte: DBP (contribución=0.69, concordancia=0.29 con 2/7 variables disponibles). risk_score=0.847, confidence_score=0.424.",risa-vigia-0.1.0
SIG-PAT-0850-d59c564ce3,PAT-0850,2026-07-26 12:00:00,0.9479,CRITICAL,0.4242,2026-07-24 06:00:00,2026-07-26 12:00:00,"Riesgo CRITICAL para PAT-0850: evidencia sostenida durante 18 ventana(s) (54h). Variable con mayor aporte: TEMP (contribución=0.61, concordancia=0.43 con 3/7 variables disponibles). risk_score=0.948, confidence_score=0.424.",risa-vigia-0.1.0
SIG-PAT-0850-bb246a9c1c,PAT-0850,2026-07-28 12:00:00,0.8122,CRITICAL,0.4242,2026-07-28 00:00:00,2026-07-28 12:00:00,"Riesgo CRITICAL para PAT-0850: evidencia sostenida durante 4 ventana(s) (12h). Variable con mayor aporte: SBP (contribución=0.57, concordancia=0.29 con 2/7 variables disponibles). risk_score=0.812, confidence_score=0.424.",risa-vigia-0.1.0
SIG-PAT-0850-28f3fd0e01,PAT-0850,2026-07-30 09:00:00,0.4067,MEDIUM,0.4242,2026-07-30 00:00:00,2026-07-30 09:00:00,"Riesgo MEDIUM para PAT-0850: evidencia sostenida durante 3 ventana(s) (9h). Variable con mayor aporte: HR (contribución=0.27, concordancia=0.14 con 1/7 variables disponibles). risk_score=0.407, confidence_score=0.424.",risa-vigia-0.1.0
SIG-PAT-0852-fd99af04c7,PAT-0852,2026-07-12 21:00:00,0.4943,MEDIUM,0.4242,2026-07-10 12:00:00,2026-07-12 21:00:00,"Riesgo MEDIUM para PAT-0852: evidencia sostenida durante 19 ventana(s) (57h). Variable con mayor aporte: DBP (contribución=0.27, concordancia=0.14 con 1/7 variables disponibles). risk_score=0.494, confidence_score=0.424.",risa-vigia-0.1.0
SIG-PAT-0852-2309d5b55b,PAT-0852,2026-07-17 12:00:00,0.6103,HIGH,0.4242,2026-07-16 00:00:00,2026-07-17 12:00:00,"Riesgo HIGH para PAT-0852: evidencia sostenida durante 12 ventana(s) (36h). Variable con mayor aporte: DBP (contribución=0.56, concordancia=0.14 con 1/7 variables disponibles). risk_score=0.610, confidence_score=0.424.",risa-vigia-0.1.0
SIG-PAT-0854-883d6613e4,PAT-0854,2026-07-19 18:00:00,0.8116,CRITICAL,0.4242,2026-07-18 21:00:00,2026-07-19 18:00:00,"Riesgo CRITICAL para PAT-0854: evidencia sostenida durante 7 ventana(s) (21h). Variable con mayor aporte: HR (contribución=0.74, concordancia=0.14 con 1/7 variables disponibles). risk_score=0.812, confidence_score=0.424.",risa-vigia-0.1.0
SIG-PAT-0854-3c84cbc94d,PAT-0854,2026-07-20 18:00:00,0.7865,HIGH,0.4242,2026-07-19 21:00:00,2026-07-20 18:00:00,"Riesgo HIGH para PAT-0854: evidencia sostenida durante 7 ventana(s) (21h). Variable con mayor aporte: SBP (contribución=0.58, concordancia=0.29 con 2/7 variables disponibles). risk_score=0.787, confidence_score=0.424.",risa-vigia-0.1.0
SIG-PAT-0854-27386a4ca1,PAT-0854,2026-07-21 12:00:00,0.7384,HIGH,0.4242,2026-07-21 00:00:00,2026-07-21 12:00:00,"Riesgo HIGH para PAT-0854: evidencia sostenida durante 4 ventana(s) (12h). Variable con mayor aporte: SBP (contribución=0.50, concordancia=0.29 con 2/7 variables disponibles). risk_score=0.738, confidence_score=0.424.",risa-vigia-0.1.0
SIG-PAT-0855-767085cde7,PAT-0855,2026-07-17 12:00:00,0.7782,HIGH,0.4242,2026-07-15 06:00:00,2026-07-17 12:00:00,"Riesgo HIGH para PAT-0855: evidencia sostenida durante 18 ventana(s) (54h). Variable con mayor aporte: TEMP (contribución=0.53, concordancia=0.29 con 2/7 variables disponibles). risk_score=0.778, confidence_score=0.424.",risa-vigia-0.1.0
SIG-PAT-0855-01aec34c56,PAT-0855,2026-07-18 15:00:00,0.5066,MEDIUM,0.4242,2026-07-18 00:00:00,2026-07-18 15:00:00,"Riesgo MEDIUM para PAT-0855: evidencia sostenida durante 5 ventana(s) (15h). Variable con mayor aporte: SBP (contribución=0.32, concordancia=0.14 con 1/7 variables disponibles). risk_score=0.507, confidence_score=0.424.",risa-vigia-0.1.0
SIG-PAT-0855-e9d1445c67,PAT-0855,2026-07-23 09:00:00,0.3059,MEDIUM,0.4242,2026-07-23 00:00:00,2026-07-23 09:00:00,"Riesgo MEDIUM para PAT-0855: evidencia sostenida durante 3 ventana(s) (9h). Variable con mayor aporte: HR (contribución=0.12, concordancia=0.00 con 0/7 variables disponibles). risk_score=0.306, confidence_score=0.424.",risa-vigia-0.1.0
SIG-PAT-0856-ba36f3c502,PAT-0856,2026-07-17 21:00:00,0.8066,CRITICAL,0.4242,2026-07-16 00:00:00,2026-07-17 21:00:00,"Riesgo CRITICAL para PAT-0856: evidencia sostenida durante 15 ventana(s) (45h). Variable con mayor aporte: SBP (contribución=0.54, concordancia=0.14 con 1/7 variables disponibles). risk_score=0.807, confidence_score=0.424.",risa-vigia-0.1.0
SIG-PAT-0856-1caf9cedb1,PAT-0856,2026-07-18 12:00:00,0.5616,HIGH,0.4242,2026-07-18 00:00:00,2026-07-18 12:00:00,"Riesgo HIGH para PAT-0856: evidencia sostenida durante 4 ventana(s) (12h). Variable con mayor aporte: DBP (contribución=0.41, concordancia=0.14 con 1/7 variables disponibles). risk_score=0.562, confidence_score=0.424.",risa-vigia-0.1.0
SIG-PAT-0856-9ddf41e3dd,PAT-0856,2026-07-19 12:00:00,0.4264,MEDIUM,0.4242,2026-07-19 00:00:00,2026-07-19 12:00:00,"Riesgo MEDIUM para PAT-0856: evidencia sostenida durante 4 ventana(s) (12h). Variable con mayor aporte: SBP (contribución=0.19, concordancia=0.00 con 0/7 variables disponibles). risk_score=0.426, confidence_score=0.424.",risa-vigia-0.1.0
SIG-PAT-0856-4e95aeef8a,PAT-0856,2026-07-20 12:00:00,0.4587,MEDIUM,0.4242,2026-07-20 00:00:00,2026-07-20 12:00:00,"Riesgo MEDIUM para PAT-0856: evidencia sostenida durante 4 ventana(s) (12h). Variable con mayor aporte: SBP (contribución=0.29, concordancia=0.14 con 1/7 variables disponibles). risk_score=0.459, confidence_score=0.424.",risa-vigia-0.1.0
SIG-PAT-0857-6e5b85764e,PAT-0857,2026-07-04 12:00:00,0.5854,HIGH,0.4128,2026-07-04 00:00:00,2026-07-04 12:00:00,"Riesgo HIGH para PAT-0857: evidencia sostenida durante 4 ventana(s) (12h). Variable con mayor aporte: HR (contribución=0.47, concordancia=0.14 con 1/7 variables disponibles). risk_score=0.585, confidence_score=0.413.",risa-vigia-0.1.0
SIG-PAT-0857-6844f09125,PAT-0857,2026-07-06 15:00:00,0.5797,HIGH,0.4242,2026-07-06 00:00:00,2026-07-06 15:00:00,"Riesgo HIGH para PAT-0857: evidencia sostenida durante 5 ventana(s) (15h). Variable con mayor aporte: HR (contribución=0.27, concordancia=0.14 con 1/7 variables disponibles). risk_score=0.580, confidence_score=0.424.",risa-vigia-0.1.0
SIG-PAT-0857-37d85fff53,PAT-0857,2026-07-07 09:00:00,0.3783,MEDIUM,0.4242,2026-07-07 00:00:00,2026-07-07 09:00:00,"Riesgo MEDIUM para PAT-0857: evidencia sostenida durante 3 ventana(s) (9h). Variable con mayor aporte: HR (contribución=0.20, concordancia=0.00 con 0/7 variables disponibles). risk_score=0.378, confidence_score=0.424.",risa-vigia-0.1.0
SIG-PAT-0858-c29523d98d,PAT-0858,2026-07-11 12:00:00,0.785,HIGH,0.4242,2026-07-10 12:00:00,2026-07-11 12:00:00,"Riesgo HIGH para PAT-0858: evidencia sostenida durante 8 ventana(s) (24h). Variable con mayor aporte: HR (contribución=0.68, concordancia=0.14 con 1/7 variables disponibles). risk_score=0.785, confidence_score=0.424.",risa-vigia-0.1.0
SIG-PAT-0858-c672b41fdf,PAT-0858,2026-07-12 12:00:00,0.4235,MEDIUM,0.4242,2026-07-12 00:00:00,2026-07-12 12:00:00,"Riesgo MEDIUM para PAT-0858: evidencia sostenida durante 4 ventana(s) (12h). Variable con mayor aporte: HR (contribución=0.24, concordancia=0.00 con 0/7 variables disponibles). risk_score=0.423, confidence_score=0.424.",risa-vigia-0.1.0
SIG-PAT-0858-302dd89cca,PAT-0858,2026-07-13 09:00:00,0.8751,CRITICAL,0.4242,2026-07-12 15:00:00,2026-07-13 09:00:00,"Riesgo CRITICAL para PAT-0858: evidencia sostenida durante 6 ventana(s) (18h). Variable con mayor aporte: SBP (contribución=0.47, concordancia=0.43 con 3/7 variables disponibles). risk_score=0.875, confidence_score=0.424.",risa-vigia-0.1.0
SIG-PAT-0859-4ce959152a,PAT-0859,2026-07-23 21:00:00,0.4834,MEDIUM,0.8874,2026-07-23 03:00:00,2026-07-23 21:00:00,"Riesgo MEDIUM para PAT-0859: evidencia sostenida durante 6 ventana(s) (18h). Variable con mayor aporte: LAB_A (contribución=0.35, concordancia=0.10 con 1/10 variables disponibles). risk_score=0.483, confidence_score=0.887.",risa-vigia-0.1.0
SIG-PAT-0860-9497b6ee76,PAT-0860,2026-07-07 18:00:00,0.5295,MEDIUM,0.4242,2026-07-05 21:00:00,2026-07-07 18:00:00,"Riesgo MEDIUM para PAT-0860: evidencia sostenida durante 15 ventana(s) (45h). Variable con mayor aporte: HR (contribución=0.32, concordancia=0.14 con 1/7 variables disponibles). risk_score=0.529, confidence_score=0.424.",risa-vigia-0.1.0
SIG-PAT-0861-d1735882b8,PAT-0861,2026-07-27 12:00:00,0.5384,MEDIUM,0.4242,2026-07-26 06:00:00,2026-07-27 12:00:00,"Riesgo MEDIUM para PAT-0861: evidencia sostenida durante 10 ventana(s) (30h). Variable con mayor aporte: SpO2 (contribución=0.39, concordancia=0.14 con 1/7 variables disponibles). risk_score=0.538, confidence_score=0.424.",risa-vigia-0.1.0
SIG-PAT-0861-ee90a1880d,PAT-0861,2026-07-29 12:00:00,0.4979,MEDIUM,0.4242,2026-07-27 18:00:00,2026-07-29 12:00:00,"Riesgo MEDIUM para PAT-0861: evidencia sostenida durante 14 ventana(s) (42h). Variable con mayor aporte: TEMP (contribución=0.36, concordancia=0.14 con 1/7 variables disponibles). risk_score=0.498, confidence_score=0.424.",risa-vigia-0.1.0
SIG-PAT-0861-be761d807b,PAT-0861,2026-07-30 09:00:00,0.6547,HIGH,0.4242,2026-07-29 21:00:00,2026-07-30 09:00:00,"Riesgo HIGH para PAT-0861: evidencia sostenida durante 4 ventana(s) (12h). Variable con mayor aporte: HR (contribución=0.36, concordancia=0.29 con 2/7 variables disponibles). risk_score=0.655, confidence_score=0.424.",risa-vigia-0.1.0
SIG-PAT-0862-98c180c8d4,PAT-0862,2026-07-07 12:00:00,0.5425,MEDIUM,0.3636,2026-07-06 06:00:00,2026-07-07 12:00:00,"Riesgo MEDIUM para PAT-0862: evidencia sostenida durante 10 ventana(s) (30h). Variable con mayor aporte: TEMP (contribución=0.39, concordancia=0.17 con 1/6 variables disponibles). risk_score=0.543, confidence_score=0.364.",risa-vigia-0.1.0
SIG-PAT-0862-c75877ac88,PAT-0862,2026-07-11 00:00:00,0.4823,MEDIUM,0.4242,2026-07-09 21:00:00,2026-07-11 00:00:00,"Riesgo MEDIUM para PAT-0862: evidencia sostenida durante 9 ventana(s) (27h). Variable con mayor aporte: SBP (contribución=0.32, concordancia=0.14 con 1/7 variables disponibles). risk_score=0.482, confidence_score=0.424.",risa-vigia-0.1.0
SIG-PAT-0863-e35373ba31,PAT-0863,2026-07-13 12:00:00,0.8404,CRITICAL,0.4242,2026-07-11 12:00:00,2026-07-13 12:00:00,"Riesgo CRITICAL para PAT-0863: evidencia sostenida durante 16 ventana(s) (48h). Variable con mayor aporte: HR (contribución=0.54, concordancia=0.29 con 2/7 variables disponibles). risk_score=0.840, confidence_score=0.424.",risa-vigia-0.1.0
SIG-PAT-0863-477c2403fb,PAT-0863,2026-07-14 15:00:00,0.5318,MEDIUM,0.4131,2026-07-14 00:00:00,2026-07-14 15:00:00,"Riesgo MEDIUM para PAT-0863: evidencia sostenida durante 5 ventana(s) (15h). Variable con mayor aporte: HR (contribución=0.39, concordancia=0.14 con 1/7 variables disponibles). risk_score=0.532, confidence_score=0.413.",risa-vigia-0.1.0
SIG-PAT-0863-68a832f892,PAT-0863,2026-07-15 15:00:00,0.4888,MEDIUM,0.4242,2026-07-15 00:00:00,2026-07-15 15:00:00,"Riesgo MEDIUM para PAT-0863: evidencia sostenida durante 5 ventana(s) (15h). Variable con mayor aporte: HR (contribución=0.29, concordancia=0.14 con 1/7 variables disponibles). risk_score=0.489, confidence_score=0.424.",risa-vigia-0.1.0
SIG-PAT-0863-c9396b5bff,PAT-0863,2026-07-16 12:00:00,0.4847,MEDIUM,0.4242,2026-07-16 00:00:00,2026-07-16 12:00:00,"Riesgo MEDIUM para PAT-0863: evidencia sostenida durante 4 ventana(s) (12h). Variable con mayor aporte: SBP (contribución=0.28, concordancia=0.14 con 1/7 variables disponibles). risk_score=0.485, confidence_score=0.424.",risa-vigia-0.1.0
SIG-PAT-0864-c619d7635a,PAT-0864,2026-07-17 21:00:00,0.6239,HIGH,0.4242,2026-07-16 06:00:00,2026-07-17 21:00:00,"Riesgo HIGH para PAT-0864: evidencia sostenida durante 13 ventana(s) (39h). Variable con mayor aporte: HR (contribución=0.47, concordancia=0.14 con 1/7 variables disponibles). risk_score=0.624, confidence_score=0.424.",risa-vigia-0.1.0
SIG-PAT-0864-e6ac0b87a0,PAT-0864,2026-07-19 15:00:00,0.6273,HIGH,0.4131,2026-07-19 03:00:00,2026-07-19 15:00:00,"Riesgo HIGH para PAT-0864: evidencia sostenida durante 4 ventana(s) (12h). Variable con mayor aporte: SBP (contribución=0.49, concordancia=0.14 con 1/7 variables disponibles). risk_score=0.627, confidence_score=0.413.",risa-vigia-0.1.0
SIG-PAT-0864-b56c77585e,PAT-0864,2026-07-21 09:00:00,0.6859,HIGH,0.4131,2026-07-20 21:00:00,2026-07-21 09:00:00,"Riesgo HIGH para PAT-0864: evidencia sostenida durante 4 ventana(s) (12h). Variable con mayor aporte: SBP (contribución=0.56, concordancia=0.14 con 1/7 variables disponibles). risk_score=0.686, confidence_score=0.413.",risa-vigia-0.1.0
SIG-PAT-0865-7580f9d16a,PAT-0865,2026-07-12 12:00:00,0.7861,HIGH,0.4242,2026-07-10 06:00:00,2026-07-12 12:00:00,"Riesgo HIGH para PAT-0865: evidencia sostenida durante 18 ventana(s) (54h). Variable con mayor aporte: DBP (contribución=0.39, concordancia=0.29 con 2/7 variables disponibles). risk_score=0.786, confidence_score=0.424.",risa-vigia-0.1.0
SIG-PAT-0865-2402f29fb6,PAT-0865,2026-07-13 09:00:00,0.4264,MEDIUM,0.7273,2026-07-13 00:00:00,2026-07-13 09:00:00,"Riesgo MEDIUM para PAT-0865: evidencia sostenida durante 3 ventana(s) (9h). Variable con mayor aporte: HR (contribución=0.22, concordancia=0.00 con 0/8 variables disponibles). risk_score=0.426, confidence_score=0.727.",risa-vigia-0.1.0
SIG-PAT-0866-29791716fa,PAT-0866,2026-07-21 21:00:00,0.4688,MEDIUM,0.4242,2026-07-21 09:00:00,2026-07-21 21:00:00,"Riesgo MEDIUM para PAT-0866: evidencia sostenida durante 4 ventana(s) (12h). Variable con mayor aporte: DBP (contribución=0.39, concordancia=0.14 con 1/7 variables disponibles). risk_score=0.469, confidence_score=0.424.",risa-vigia-0.1.0
SIG-PAT-0867-3b6fe52389,PAT-0867,2026-07-22 18:00:00,0.5756,HIGH,0.4242,2026-07-21 18:00:00,2026-07-22 18:00:00,"Riesgo HIGH para PAT-0867: evidencia sostenida durante 8 ventana(s) (24h). Variable con mayor aporte: TEMP (contribución=0.45, concordancia=0.14 con 1/7 variables disponibles). risk_score=0.576, confidence_score=0.424.",risa-vigia-0.1.0
SIG-PAT-0867-63f1ebc25f,PAT-0867,2026-07-23 12:00:00,0.4513,MEDIUM,0.4242,2026-07-22 21:00:00,2026-07-23 12:00:00,"Riesgo MEDIUM para PAT-0867: evidencia sostenida durante 5 ventana(s) (15h). Variable con mayor aporte: HR (contribución=0.29, concordancia=0.14 con 1/7 variables disponibles). risk_score=0.451, confidence_score=0.424.",risa-vigia-0.1.0
SIG-PAT-0867-dc1e6f6313,PAT-0867,2026-07-25 09:00:00,0.4466,MEDIUM,0.4242,2026-07-25 00:00:00,2026-07-25 09:00:00,"Riesgo MEDIUM para PAT-0867: evidencia sostenida durante 3 ventana(s) (9h). Variable con mayor aporte: HR (contribución=0.20, concordancia=0.00 con 0/7 variables disponibles). risk_score=0.447, confidence_score=0.424.",risa-vigia-0.1.0
SIG-PAT-0868-72563730e2,PAT-0868,2026-07-19 12:00:00,0.4767,MEDIUM,0.4242,2026-07-18 21:00:00,2026-07-19 12:00:00,"Riesgo MEDIUM para PAT-0868: evidencia sostenida durante 5 ventana(s) (15h). Variable con mayor aporte: HR (contribución=0.36, concordancia=0.14 con 1/7 variables disponibles). risk_score=0.477, confidence_score=0.424.",risa-vigia-0.1.0
SIG-PAT-0868-0851128ec4,PAT-0868,2026-07-20 15:00:00,0.6221,HIGH,0.4242,2026-07-20 00:00:00,2026-07-20 15:00:00,"Riesgo HIGH para PAT-0868: evidencia sostenida durante 5 ventana(s) (15h). Variable con mayor aporte: HR (contribución=0.37, concordancia=0.14 con 1/7 variables disponibles). risk_score=0.622, confidence_score=0.424.",risa-vigia-0.1.0
SIG-PAT-0868-95b01b27b3,PAT-0868,2026-07-21 12:00:00,0.6677,HIGH,0.4242,2026-07-20 21:00:00,2026-07-21 12:00:00,"Riesgo HIGH para PAT-0868: evidencia sostenida durante 5 ventana(s) (15h). Variable con mayor aporte: SBP (contribución=0.39, concordancia=0.14 con 1/7 variables disponibles). risk_score=0.668, confidence_score=0.424.",risa-vigia-0.1.0
SIG-PAT-0868-9840d68162,PAT-0868,2026-07-22 18:00:00,0.5355,MEDIUM,0.403,2026-07-22 00:00:00,2026-07-22 18:00:00,"Riesgo MEDIUM para PAT-0868: evidencia sostenida durante 6 ventana(s) (18h). Variable con mayor aporte: SpO2 (contribución=0.19, concordancia=0.00 con 0/7 variables disponibles). risk_score=0.535, confidence_score=0.403.",risa-vigia-0.1.0
SIG-PAT-0869-66ae4a1467,PAT-0869,2026-07-20 12:00:00,0.8304,CRITICAL,0.4242,2026-07-19 00:00:00,2026-07-20 12:00:00,"Riesgo CRITICAL para PAT-0869: evidencia sostenida durante 12 ventana(s) (36h). Variable con mayor aporte: HR (contribución=0.59, concordancia=0.29 con 2/7 variables disponibles). risk_score=0.830, confidence_score=0.424.",risa-vigia-0.1.0
SIG-PAT-0869-d6f0992e4e,PAT-0869,2026-07-21 15:00:00,0.9979,CRITICAL,0.4131,2026-07-20 12:00:00,2026-07-21 15:00:00,"Riesgo CRITICAL para PAT-0869: evidencia sostenida durante 9 ventana(s) (27h). Variable con mayor aporte: SpO2 (contribución=0.83, concordancia=0.57 con 4/7 variables disponibles). risk_score=0.998, confidence_score=0.413.",risa-vigia-0.1.0
SIG-PAT-0870-3b24b5c86b,PAT-0870,2026-07-12 12:00:00,0.5269,MEDIUM,0.4242,2026-07-12 00:00:00,2026-07-12 12:00:00,"Riesgo MEDIUM para PAT-0870: evidencia sostenida durante 4 ventana(s) (12h). Variable con mayor aporte: HR (contribución=0.35, concordancia=0.14 con 1/7 variables disponibles). risk_score=0.527, confidence_score=0.424.",risa-vigia-0.1.0
SIG-PAT-0870-8b69ce90d8,PAT-0870,2026-07-13 15:00:00,0.5533,HIGH,0.4242,2026-07-13 00:00:00,2026-07-13 15:00:00,"Riesgo HIGH para PAT-0870: evidencia sostenida durante 5 ventana(s) (15h). Variable con mayor aporte: DBP (contribución=0.26, concordancia=0.14 con 1/7 variables disponibles). risk_score=0.553, confidence_score=0.424.",risa-vigia-0.1.0
SIG-PAT-0870-7473ec3caf,PAT-0870,2026-07-14 18:00:00,0.5632,HIGH,0.4242,2026-07-14 00:00:00,2026-07-14 18:00:00,"Riesgo HIGH para PAT-0870: evidencia sostenida durante 6 ventana(s) (18h). Variable con mayor aporte: HR (contribución=0.33, concordancia=0.14 con 1/7 variables disponibles). risk_score=0.563, confidence_score=0.424.",risa-vigia-0.1.0
SIG-PAT-0870-001521a923,PAT-0870,2026-07-15 12:00:00,0.3523,MEDIUM,0.4242,2026-07-15 00:00:00,2026-07-15 12:00:00,"Riesgo MEDIUM para PAT-0870: evidencia sostenida durante 4 ventana(s) (12h). Variable con mayor aporte: HR (contribución=0.19, concordancia=0.00 con 0/7 variables disponibles). risk_score=0.352, confidence_score=0.424.",risa-vigia-0.1.0
SIG-PAT-0870-7a970745a3,PAT-0870,2026-07-16 09:00:00,0.7703,HIGH,0.7273,2026-07-15 21:00:00,2026-07-16 09:00:00,"Riesgo HIGH para PAT-0870: evidencia sostenida durante 4 ventana(s) (12h). Variable con mayor aporte: SBP (contribución=0.62, concordancia=0.12 con 1/8 variables disponibles). risk_score=0.770, confidence_score=0.727.",risa-vigia-0.1.0
SIG-PAT-0871-7c6b22312c,PAT-0871,2026-07-25 12:00:00,0.9969,CRITICAL,0.7273,2026-07-22 12:00:00,2026-07-25 12:00:00,"Riesgo CRITICAL para PAT-0871: evidencia sostenida durante 24 ventana(s) (72h). Variable con mayor aporte: SpO2 (contribución=0.84, concordancia=0.50 con 4/8 variables disponibles). risk_score=0.997, confidence_score=0.727.",risa-vigia-0.1.0
SIG-PAT-0874-4182fabc8b,PAT-0874,2026-07-05 21:00:00,0.7862,HIGH,0.4242,2026-07-03 21:00:00,2026-07-05 21:00:00,"Riesgo HIGH para PAT-0874: evidencia sostenida durante 16 ventana(s) (48h). Variable con mayor aporte: SBP (contribución=0.57, concordancia=0.29 con 2/7 variables disponibles). risk_score=0.786, confidence_score=0.424.",risa-vigia-0.1.0
SIG-PAT-0874-44cec27ea8,PAT-0874,2026-07-07 09:00:00,0.5063,MEDIUM,0.4242,2026-07-07 03:00:00,2026-07-07 09:00:00,"Riesgo MEDIUM para PAT-0874: evidencia sostenida durante 2 ventana(s) (6h). Variable con mayor aporte: DBP (contribución=0.37, concordancia=0.14 con 1/7 variables disponibles). risk_score=0.506, confidence_score=0.424.",risa-vigia-0.1.0
SIG-PAT-0875-93ea9f03b8,PAT-0875,2026-07-08 12:00:00,0.681,HIGH,0.9091,2026-07-07 21:00:00,2026-07-08 12:00:00,"Riesgo HIGH para PAT-0875: evidencia sostenida durante 5 ventana(s) (15h). Variable con mayor aporte: HR (contribución=0.52, concordancia=0.10 con 1/10 variables disponibles). risk_score=0.681, confidence_score=0.909.",risa-vigia-0.1.0
SIG-PAT-0875-2c74c4c251,PAT-0875,2026-07-09 12:00:00,0.5393,MEDIUM,0.4242,2026-07-09 00:00:00,2026-07-09 12:00:00,"Riesgo MEDIUM para PAT-0875: evidencia sostenida durante 4 ventana(s) (12h). Variable con mayor aporte: HR (contribución=0.41, concordancia=0.14 con 1/7 variables disponibles). risk_score=0.539, confidence_score=0.424.",risa-vigia-0.1.0
SIG-PAT-0875-4617092064,PAT-0875,2026-07-10 09:00:00,0.6005,HIGH,0.7273,2026-07-10 00:00:00,2026-07-10 09:00:00,"Riesgo HIGH para PAT-0875: evidencia sostenida durante 3 ventana(s) (9h). Variable con mayor aporte: HR (contribución=0.57, concordancia=0.12 con 1/8 variables disponibles). risk_score=0.600, confidence_score=0.727.",risa-vigia-0.1.0
SIG-PAT-0876-ce124aa252,PAT-0876,2026-07-22 12:00:00,0.8325,CRITICAL,0.4242,2026-07-21 15:00:00,2026-07-22 12:00:00,"Riesgo CRITICAL para PAT-0876: evidencia sostenida durante 7 ventana(s) (21h). Variable con mayor aporte: HR (contribución=0.62, concordancia=0.29 con 2/7 variables disponibles). risk_score=0.832, confidence_score=0.424.",risa-vigia-0.1.0
SIG-PAT-0876-af8facd362,PAT-0876,2026-07-24 09:00:00,0.7894,HIGH,0.7273,2026-07-23 00:00:00,2026-07-24 09:00:00,"Riesgo HIGH para PAT-0876: evidencia sostenida durante 11 ventana(s) (33h). Variable con mayor aporte: LAB_C (contribución=0.70, concordancia=0.12 con 1/8 variables disponibles). risk_score=0.789, confidence_score=0.727.",risa-vigia-0.1.0
SIG-PAT-0876-795c2396a2,PAT-0876,2026-07-26 12:00:00,0.5102,MEDIUM,0.4242,2026-07-25 21:00:00,2026-07-26 12:00:00,"Riesgo MEDIUM para PAT-0876: evidencia sostenida durante 5 ventana(s) (15h). Variable con mayor aporte: DBP (contribución=0.33, concordancia=0.14 con 1/7 variables disponibles). risk_score=0.510, confidence_score=0.424.",risa-vigia-0.1.0
SIG-PAT-0877-fd281bc10b,PAT-0877,2026-07-04 21:00:00,0.7259,HIGH,0.4242,2026-07-02 21:00:00,2026-07-04 21:00:00,"Riesgo HIGH para PAT-0877: evidencia sostenida durante 16 ventana(s) (48h). Variable con mayor aporte: SBP (contribución=0.49, concordancia=0.14 con 1/7 variables disponibles). risk_score=0.726, confidence_score=0.424.",risa-vigia-0.1.0
SIG-PAT-0877-eebf69bcca,PAT-0877,2026-07-06 15:00:00,0.5558,HIGH,0.4242,2026-07-06 00:00:00,2026-07-06 15:00:00,"Riesgo HIGH para PAT-0877: evidencia sostenida durante 5 ventana(s) (15h). Variable con mayor aporte: DBP (contribución=0.28, concordancia=0.14 con 1/7 variables disponibles). risk_score=0.556, confidence_score=0.424.",risa-vigia-0.1.0
SIG-PAT-0878-a9a87b3bd7,PAT-0878,2026-07-21 21:00:00,0.587,HIGH,0.4242,2026-07-20 00:00:00,2026-07-21 21:00:00,"Riesgo HIGH para PAT-0878: evidencia sostenida durante 15 ventana(s) (45h). Variable con mayor aporte: SBP (contribución=0.32, concordancia=0.14 con 1/7 variables disponibles). risk_score=0.587, confidence_score=0.424.",risa-vigia-0.1.0
SIG-PAT-0878-f6517c2e9e,PAT-0878,2026-07-22 15:00:00,0.7131,HIGH,0.4242,2026-07-22 00:00:00,2026-07-22 15:00:00,"Riesgo HIGH para PAT-0878: evidencia sostenida durante 5 ventana(s) (15h). Variable con mayor aporte: DBP (contribución=0.47, concordancia=0.29 con 2/7 variables disponibles). risk_score=0.713, confidence_score=0.424.",risa-vigia-0.1.0
SIG-PAT-0878-26ab217319,PAT-0878,2026-07-23 12:00:00,0.4576,MEDIUM,0.4242,2026-07-23 00:00:00,2026-07-23 12:00:00,"Riesgo MEDIUM para PAT-0878: evidencia sostenida durante 4 ventana(s) (12h). Variable con mayor aporte: HR (contribución=0.24, concordancia=0.00 con 0/7 variables disponibles). risk_score=0.458, confidence_score=0.424.",risa-vigia-0.1.0
SIG-PAT-0880-185b89a01c,PAT-0880,2026-07-19 18:00:00,0.7185,HIGH,0.4242,2026-07-18 21:00:00,2026-07-19 18:00:00,"Riesgo HIGH para PAT-0880: evidencia sostenida durante 7 ventana(s) (21h). Variable con mayor aporte: HR (contribución=0.57, concordancia=0.14 con 1/7 variables disponibles). risk_score=0.719, confidence_score=0.424.",risa-vigia-0.1.0
SIG-PAT-0880-918b9a10c6,PAT-0880,2026-07-20 12:00:00,0.4535,MEDIUM,0.4242,2026-07-20 00:00:00,2026-07-20 12:00:00,"Riesgo MEDIUM para PAT-0880: evidencia sostenida durante 4 ventana(s) (12h). Variable con mayor aporte: HR (contribución=0.30, concordancia=0.14 con 1/7 variables disponibles). risk_score=0.454, confidence_score=0.424.",risa-vigia-0.1.0
SIG-PAT-0880-da69faf4b1,PAT-0880,2026-07-21 12:00:00,0.6446,HIGH,0.4242,2026-07-21 00:00:00,2026-07-21 12:00:00,"Riesgo HIGH para PAT-0880: evidencia sostenida durante 4 ventana(s) (12h). Variable con mayor aporte: DBP (contribución=0.43, concordancia=0.14 con 1/7 variables disponibles). risk_score=0.645, confidence_score=0.424.",risa-vigia-0.1.0
SIG-PAT-0880-07814752b9,PAT-0880,2026-07-23 18:00:00,0.3621,MEDIUM,0.4242,2026-07-23 00:00:00,2026-07-23 18:00:00,"Riesgo MEDIUM para PAT-0880: evidencia sostenida durante 6 ventana(s) (18h). Variable con mayor aporte: HR (contribución=0.21, concordancia=0.00 con 0/7 variables disponibles). risk_score=0.362, confidence_score=0.424.",risa-vigia-0.1.0
SIG-PAT-0881-bc71626d86,PAT-0881,2026-07-22 15:00:00,0.7044,HIGH,0.4242,2026-07-22 00:00:00,2026-07-22 15:00:00,"Riesgo HIGH para PAT-0881: evidencia sostenida durante 5 ventana(s) (15h). Variable con mayor aporte: SBP (contribución=0.52, concordancia=0.14 con 1/7 variables disponibles). risk_score=0.704, confidence_score=0.424.",risa-vigia-0.1.0
SIG-PAT-0882-d8ad36991f,PAT-0882,2026-07-09 12:00:00,0.6397,HIGH,0.4242,2026-07-07 21:00:00,2026-07-09 12:00:00,"Riesgo HIGH para PAT-0882: evidencia sostenida durante 13 ventana(s) (39h). Variable con mayor aporte: HR (contribución=0.44, concordancia=0.14 con 1/7 variables disponibles). risk_score=0.640, confidence_score=0.424.",risa-vigia-0.1.0
SIG-PAT-0882-6ff31579a5,PAT-0882,2026-07-10 15:00:00,0.4884,MEDIUM,0.4242,2026-07-10 00:00:00,2026-07-10 15:00:00,"Riesgo MEDIUM para PAT-0882: evidencia sostenida durante 5 ventana(s) (15h). Variable con mayor aporte: HR (contribución=0.27, concordancia=0.14 con 1/7 variables disponibles). risk_score=0.488, confidence_score=0.424.",risa-vigia-0.1.0
SIG-PAT-0882-f74a3385f6,PAT-0882,2026-07-11 09:00:00,0.6674,HIGH,0.4242,2026-07-10 21:00:00,2026-07-11 09:00:00,"Riesgo HIGH para PAT-0882: evidencia sostenida durante 4 ventana(s) (12h). Variable con mayor aporte: DBP (contribución=0.31, concordancia=0.29 con 2/7 variables disponibles). risk_score=0.667, confidence_score=0.424.",risa-vigia-0.1.0
SIG-PAT-0884-f68250346e,PAT-0884,2026-07-13 18:00:00,0.7312,HIGH,0.4242,2026-07-12 21:00:00,2026-07-13 18:00:00,"Riesgo HIGH para PAT-0884: evidencia sostenida durante 7 ventana(s) (21h). Variable con mayor aporte: HR (contribución=0.63, concordancia=0.14 con 1/7 variables disponibles). risk_score=0.731, confidence_score=0.424.",risa-vigia-0.1.0
SIG-PAT-0884-b3bd0cc528,PAT-0884,2026-07-14 15:00:00,0.8121,CRITICAL,0.4242,2026-07-14 00:00:00,2026-07-14 15:00:00,"Riesgo CRITICAL para PAT-0884: evidencia sostenida durante 5 ventana(s) (15h). Variable con mayor aporte: DBP (contribución=0.56, concordancia=0.29 con 2/7 variables disponibles). risk_score=0.812, confidence_score=0.424.",risa-vigia-0.1.0
SIG-PAT-0884-5dafa040e2,PAT-0884,2026-07-16 00:00:00,0.779,HIGH,0.4242,2026-07-15 00:00:00,2026-07-16 00:00:00,"Riesgo HIGH para PAT-0884: evidencia sostenida durante 8 ventana(s) (24h). Variable con mayor aporte: HR (contribución=0.33, concordancia=0.29 con 2/7 variables disponibles). risk_score=0.779, confidence_score=0.424.",risa-vigia-0.1.0
SIG-PAT-0884-7eee076db4,PAT-0884,2026-07-16 18:00:00,0.5664,HIGH,0.4242,2026-07-16 00:00:00,2026-07-16 18:00:00,"Riesgo HIGH para PAT-0884: evidencia sostenida durante 6 ventana(s) (18h). Variable con mayor aporte: DBP (contribución=0.30, concordancia=0.14 con 1/7 variables disponibles). risk_score=0.566, confidence_score=0.424.",risa-vigia-0.1.0
SIG-PAT-0884-8fd4d05417,PAT-0884,2026-07-17 12:00:00,0.5948,HIGH,0.4242,2026-07-17 00:00:00,2026-07-17 12:00:00,"Riesgo HIGH para PAT-0884: evidencia sostenida durante 4 ventana(s) (12h). Variable con mayor aporte: DBP (contribución=0.37, concordancia=0.14 con 1/7 variables disponibles). risk_score=0.595, confidence_score=0.424.",risa-vigia-0.1.0
SIG-PAT-0885-b2452f7d58,PAT-0885,2026-07-22 12:00:00,0.3961,MEDIUM,0.4242,2026-07-21 12:00:00,2026-07-22 12:00:00,"Riesgo MEDIUM para PAT-0885: evidencia sostenida durante 8 ventana(s) (24h). Variable con mayor aporte: RR (contribución=0.16, concordancia=0.00 con 0/7 variables disponibles). risk_score=0.396, confidence_score=0.424.",risa-vigia-0.1.0
SIG-PAT-0885-f7a315524d,PAT-0885,2026-07-25 12:00:00,0.6827,HIGH,0.4242,2026-07-25 00:00:00,2026-07-25 12:00:00,"Riesgo HIGH para PAT-0885: evidencia sostenida durante 4 ventana(s) (12h). Variable con mayor aporte: DBP (contribución=0.60, concordancia=0.14 con 1/7 variables disponibles). risk_score=0.683, confidence_score=0.424.",risa-vigia-0.1.0
SIG-PAT-0886-09841c991d,PAT-0886,2026-07-03 15:00:00,0.6014,HIGH,0.4242,2026-07-02 09:00:00,2026-07-03 15:00:00,"Riesgo HIGH para PAT-0886: evidencia sostenida durante 10 ventana(s) (30h). Variable con mayor aporte: HR (contribución=0.46, concordancia=0.14 con 1/7 variables disponibles). risk_score=0.601, confidence_score=0.424.",risa-vigia-0.1.0
SIG-PAT-0886-c35d397224,PAT-0886,2026-07-05 21:00:00,0.5146,MEDIUM,0.4242,2026-07-05 00:00:00,2026-07-05 21:00:00,"Riesgo MEDIUM para PAT-0886: evidencia sostenida durante 7 ventana(s) (21h). Variable con mayor aporte: DBP (contribución=0.33, concordancia=0.14 con 1/7 variables disponibles). risk_score=0.515, confidence_score=0.424.",risa-vigia-0.1.0
SIG-PAT-0887-863ab5d2e8,PAT-0887,2026-07-03 12:00:00,0.6985,HIGH,0.4242,2026-07-02 21:00:00,2026-07-03 12:00:00,"Riesgo HIGH para PAT-0887: evidencia sostenida durante 5 ventana(s) (15h). Variable con mayor aporte: HR (contribución=0.63, concordancia=0.14 con 1/7 variables disponibles). risk_score=0.698, confidence_score=0.424.",risa-vigia-0.1.0
SIG-PAT-0887-01662d032d,PAT-0887,2026-07-04 15:00:00,0.5368,MEDIUM,0.4242,2026-07-04 00:00:00,2026-07-04 15:00:00,"Riesgo MEDIUM para PAT-0887: evidencia sostenida durante 5 ventana(s) (15h). Variable con mayor aporte: HR (contribución=0.46, concordancia=0.14 con 1/7 variables disponibles). risk_score=0.537, confidence_score=0.424.",risa-vigia-0.1.0
SIG-PAT-0888-d9b4efd143,PAT-0888,2026-07-23 21:00:00,0.5701,HIGH,0.4242,2026-07-22 18:00:00,2026-07-23 21:00:00,"Riesgo HIGH para PAT-0888: evidencia sostenida durante 9 ventana(s) (27h). Variable con mayor aporte: HR (contribución=0.34, concordancia=0.14 con 1/7 variables disponibles). risk_score=0.570, confidence_score=0.424.",risa-vigia-0.1.0
SIG-PAT-0888-f19ee6892a,PAT-0888,2026-07-24 18:00:00,0.7961,HIGH,0.4242,2026-07-24 00:00:00,2026-07-24 18:00:00,"Riesgo HIGH para PAT-0888: evidencia sostenida durante 6 ventana(s) (18h). Variable con mayor aporte: SBP (contribución=0.66, concordancia=0.14 con 1/7 variables disponibles). risk_score=0.796, confidence_score=0.424.",risa-vigia-0.1.0
SIG-PAT-0888-ed763983aa,PAT-0888,2026-07-26 18:00:00,0.4451,MEDIUM,0.4242,2026-07-26 06:00:00,2026-07-26 18:00:00,"Riesgo MEDIUM para PAT-0888: evidencia sostenida durante 4 ventana(s) (12h). Variable con mayor aporte: SBP (contribución=0.34, concordancia=0.14 con 1/7 variables disponibles). risk_score=0.445, confidence_score=0.424.",risa-vigia-0.1.0
SIG-PAT-0889-397e591225,PAT-0889,2026-07-29 18:00:00,0.5524,HIGH,0.4242,2026-07-28 21:00:00,2026-07-29 18:00:00,"Riesgo HIGH para PAT-0889: evidencia sostenida durante 7 ventana(s) (21h). Variable con mayor aporte: DBP (contribución=0.36, concordancia=0.14 con 1/7 variables disponibles). risk_score=0.552, confidence_score=0.424.",risa-vigia-0.1.0
SIG-PAT-0889-ac58992fc2,PAT-0889,2026-07-30 12:00:00,0.4705,MEDIUM,0.4242,2026-07-30 00:00:00,2026-07-30 12:00:00,"Riesgo MEDIUM para PAT-0889: evidencia sostenida durante 4 ventana(s) (12h). Variable con mayor aporte: SBP (contribución=0.31, concordancia=0.14 con 1/7 variables disponibles). risk_score=0.470, confidence_score=0.424.",risa-vigia-0.1.0
SIG-PAT-0890-946d1507dc,PAT-0890,2026-07-20 18:00:00,0.3961,MEDIUM,0.4136,2026-07-20 03:00:00,2026-07-20 18:00:00,"Riesgo MEDIUM para PAT-0890: evidencia sostenida durante 5 ventana(s) (15h). Variable con mayor aporte: SBP (contribución=0.25, concordancia=0.00 con 0/7 variables disponibles). risk_score=0.396, confidence_score=0.414.",risa-vigia-0.1.0
SIG-PAT-0891-a4b5b1ba05,PAT-0891,2026-07-11 09:00:00,0.6755,HIGH,0.4242,2026-07-10 00:00:00,2026-07-11 09:00:00,"Riesgo HIGH para PAT-0891: evidencia sostenida durante 11 ventana(s) (33h). Variable con mayor aporte: HR (contribución=0.31, concordancia=0.29 con 2/7 variables disponibles). risk_score=0.676, confidence_score=0.424.",risa-vigia-0.1.0
SIG-PAT-0892-01cd195bec,PAT-0892,2026-07-21 15:00:00,0.7533,HIGH,0.4242,2026-07-19 00:00:00,2026-07-21 15:00:00,"Riesgo HIGH para PAT-0892: evidencia sostenida durante 21 ventana(s) (63h). Variable con mayor aporte: DBP (contribución=0.63, concordancia=0.14 con 1/7 variables disponibles). risk_score=0.753, confidence_score=0.424.",risa-vigia-0.1.0
SIG-PAT-0893-b8803b4ecc,PAT-0893,2026-07-03 12:00:00,0.7511,HIGH,0.4242,2026-07-01 09:00:00,2026-07-03 12:00:00,"Riesgo HIGH para PAT-0893: evidencia sostenida durante 17 ventana(s) (51h). Variable con mayor aporte: SBP (contribución=0.59, concordancia=0.14 con 1/7 variables disponibles). risk_score=0.751, confidence_score=0.424.",risa-vigia-0.1.0
SIG-PAT-0893-75b945a8fb,PAT-0893,2026-07-04 15:00:00,0.6731,HIGH,0.4131,2026-07-04 00:00:00,2026-07-04 15:00:00,"Riesgo HIGH para PAT-0893: evidencia sostenida durante 5 ventana(s) (15h). Variable con mayor aporte: SBP (contribución=0.47, concordancia=0.14 con 1/7 variables disponibles). risk_score=0.673, confidence_score=0.413.",risa-vigia-0.1.0
SIG-PAT-0894-a33bf52cf1,PAT-0894,2026-07-15 21:00:00,0.5413,MEDIUM,0.4242,2026-07-15 00:00:00,2026-07-15 21:00:00,"Riesgo MEDIUM para PAT-0894: evidencia sostenida durante 7 ventana(s) (21h). Variable con mayor aporte: SBP (contribución=0.37, concordancia=0.14 con 1/7 variables disponibles). risk_score=0.541, confidence_score=0.424.",risa-vigia-0.1.0
SIG-PAT-0894-9463dbd1b3,PAT-0894,2026-07-17 12:00:00,0.6222,HIGH,0.4242,2026-07-15 21:00:00,2026-07-17 12:00:00,"Riesgo HIGH para PAT-0894: evidencia sostenida durante 13 ventana(s) (39h). Variable con mayor aporte: RR (contribución=0.38, concordancia=0.14 con 1/7 variables disponibles). risk_score=0.622, confidence_score=0.424.",risa-vigia-0.1.0
SIG-PAT-0895-ce2931598e,PAT-0895,2026-07-03 12:00:00,0.3341,MEDIUM,0.4136,2026-07-02 21:00:00,2026-07-03 12:00:00,"Riesgo MEDIUM para PAT-0895: evidencia sostenida durante 5 ventana(s) (15h). Variable con mayor aporte: HR (contribución=0.23, concordancia=0.00 con 0/7 variables disponibles). risk_score=0.334, confidence_score=0.414.",risa-vigia-0.1.0
SIG-PAT-0895-067ae2cd9d,PAT-0895,2026-07-06 15:00:00,0.3238,MEDIUM,0.4136,2026-07-06 03:00:00,2026-07-06 15:00:00,"Riesgo MEDIUM para PAT-0895: evidencia sostenida durante 4 ventana(s) (12h). Variable con mayor aporte: SBP (contribución=0.14, concordancia=0.00 con 0/7 variables disponibles). risk_score=0.324, confidence_score=0.414.",risa-vigia-0.1.0
SIG-PAT-0896-bca6a36c27,PAT-0896,2026-07-05 15:00:00,0.7095,HIGH,0.4242,2026-07-05 00:00:00,2026-07-05 15:00:00,"Riesgo HIGH para PAT-0896: evidencia sostenida durante 5 ventana(s) (15h). Variable con mayor aporte: HR (contribución=0.60, concordancia=0.14 con 1/7 variables disponibles). risk_score=0.709, confidence_score=0.424.",risa-vigia-0.1.0
SIG-PAT-0896-c0f88dc8fe,PAT-0896,2026-07-06 12:00:00,0.6564,HIGH,0.4242,2026-07-06 00:00:00,2026-07-06 12:00:00,"Riesgo HIGH para PAT-0896: evidencia sostenida durante 4 ventana(s) (12h). Variable con mayor aporte: SBP (contribución=0.37, concordancia=0.29 con 2/7 variables disponibles). risk_score=0.656, confidence_score=0.424.",risa-vigia-0.1.0
SIG-PAT-0896-91f3eb6b1f,PAT-0896,2026-07-08 09:00:00,0.7244,HIGH,0.4242,2026-07-08 00:00:00,2026-07-08 09:00:00,"Riesgo HIGH para PAT-0896: evidencia sostenida durante 3 ventana(s) (9h). Variable con mayor aporte: DBP (contribución=0.51, concordancia=0.14 con 1/7 variables disponibles). risk_score=0.724, confidence_score=0.424.",risa-vigia-0.1.0
SIG-PAT-0898-44caeaeff4,PAT-0898,2026-07-06 12:00:00,0.7929,HIGH,0.8182,2026-07-04 21:00:00,2026-07-06 12:00:00,"Riesgo HIGH para PAT-0898: evidencia sostenida durante 13 ventana(s) (39h). Variable con mayor aporte: RR (contribución=0.34, concordancia=0.33 con 3/9 variables disponibles). risk_score=0.793, confidence_score=0.818.",risa-vigia-0.1.0
SIG-PAT-0899-8ff2aacc23,PAT-0899,2026-07-22 12:00:00,0.5788,HIGH,0.4136,2026-07-22 00:00:00,2026-07-22 12:00:00,"Riesgo HIGH para PAT-0899: evidencia sostenida durante 4 ventana(s) (12h). Variable con mayor aporte: HR (contribución=0.33, concordancia=0.14 con 1/7 variables disponibles). risk_score=0.579, confidence_score=0.414.",risa-vigia-0.1.0
SIG-PAT-0899-20a4ba670a,PAT-0899,2026-07-24 12:00:00,0.6481,HIGH,0.4242,2026-07-23 00:00:00,2026-07-24 12:00:00,"Riesgo HIGH para PAT-0899: evidencia sostenida durante 12 ventana(s) (36h). Variable con mayor aporte: DBP (contribución=0.44, concordancia=0.14 con 1/7 variables disponibles). risk_score=0.648, confidence_score=0.424.",risa-vigia-0.1.0
SIG-PAT-0900-6abb9d5a0d,PAT-0900,2026-07-18 12:00:00,0.7461,HIGH,0.4242,2026-07-18 00:00:00,2026-07-18 12:00:00,"Riesgo HIGH para PAT-0900: evidencia sostenida durante 4 ventana(s) (12h). Variable con mayor aporte: HR (contribución=0.53, concordancia=0.29 con 2/7 variables disponibles). risk_score=0.746, confidence_score=0.424.",risa-vigia-0.1.0
SIG-PAT-0900-50d948f7e9,PAT-0900,2026-07-19 15:00:00,0.8919,CRITICAL,0.4242,2026-07-18 15:00:00,2026-07-19 15:00:00,"Riesgo CRITICAL para PAT-0900: evidencia sostenida durante 8 ventana(s) (24h). Variable con mayor aporte: TEMP (contribución=0.66, concordancia=0.43 con 3/7 variables disponibles). risk_score=0.892, confidence_score=0.424.",risa-vigia-0.1.0
SIG-PAT-0901-851a8e72c5,PAT-0901,2026-07-17 18:00:00,0.4739,MEDIUM,0.4242,2026-07-17 00:00:00,2026-07-17 18:00:00,"Riesgo MEDIUM para PAT-0901: evidencia sostenida durante 6 ventana(s) (18h). Variable con mayor aporte: HR (contribución=0.31, concordancia=0.14 con 1/7 variables disponibles). risk_score=0.474, confidence_score=0.424.",risa-vigia-0.1.0
SIG-PAT-0901-c81685f4b2,PAT-0901,2026-07-19 12:00:00,0.5306,MEDIUM,0.4242,2026-07-18 00:00:00,2026-07-19 12:00:00,"Riesgo MEDIUM para PAT-0901: evidencia sostenida durante 12 ventana(s) (36h). Variable con mayor aporte: HR (contribución=0.32, concordancia=0.14 con 1/7 variables disponibles). risk_score=0.531, confidence_score=0.424.",risa-vigia-0.1.0
SIG-PAT-0901-c379d186c9,PAT-0901,2026-07-20 12:00:00,0.4976,MEDIUM,0.4242,2026-07-20 00:00:00,2026-07-20 12:00:00,"Riesgo MEDIUM para PAT-0901: evidencia sostenida durante 4 ventana(s) (12h). Variable con mayor aporte: SBP (contribución=0.29, concordancia=0.14 con 1/7 variables disponibles). risk_score=0.498, confidence_score=0.424.",risa-vigia-0.1.0
SIG-PAT-0901-edba85defe,PAT-0901,2026-07-22 15:00:00,0.6597,HIGH,0.4242,2026-07-21 21:00:00,2026-07-22 15:00:00,"Riesgo HIGH para PAT-0901: evidencia sostenida durante 6 ventana(s) (18h). Variable con mayor aporte: DBP (contribución=0.58, concordancia=0.14 con 1/7 variables disponibles). risk_score=0.660, confidence_score=0.424.",risa-vigia-0.1.0
SIG-PAT-0901-7d18fc8a66,PAT-0901,2026-07-23 09:00:00,0.4979,MEDIUM,0.4242,2026-07-22 21:00:00,2026-07-23 09:00:00,"Riesgo MEDIUM para PAT-0901: evidencia sostenida durante 4 ventana(s) (12h). Variable con mayor aporte: SBP (contribución=0.34, concordancia=0.14 con 1/7 variables disponibles). risk_score=0.498, confidence_score=0.424.",risa-vigia-0.1.0
SIG-PAT-0902-1db6d9487e,PAT-0902,2026-07-30 21:00:00,0.728,HIGH,0.4242,2026-07-27 06:00:00,2026-07-30 21:00:00,"Riesgo HIGH para PAT-0902: evidencia sostenida durante 29 ventana(s) (87h). Variable con mayor aporte: TEMP (contribución=0.32, concordancia=0.43 con 3/7 variables disponibles). risk_score=0.728, confidence_score=0.424.",risa-vigia-0.1.0
SIG-PAT-0903-82430c6b7e,PAT-0903,2026-07-25 12:00:00,0.6547,HIGH,0.7273,2026-07-24 06:00:00,2026-07-25 12:00:00,"Riesgo HIGH para PAT-0903: evidencia sostenida durante 10 ventana(s) (30h). Variable con mayor aporte: HR (contribución=0.56, concordancia=0.12 con 1/8 variables disponibles). risk_score=0.655, confidence_score=0.727.",risa-vigia-0.1.0
SIG-PAT-0903-d90e261ff7,PAT-0903,2026-07-27 21:00:00,0.4734,MEDIUM,0.4242,2026-07-26 00:00:00,2026-07-27 21:00:00,"Riesgo MEDIUM para PAT-0903: evidencia sostenida durante 15 ventana(s) (45h). Variable con mayor aporte: HR (contribución=0.31, concordancia=0.14 con 1/7 variables disponibles). risk_score=0.473, confidence_score=0.424.",risa-vigia-0.1.0
SIG-PAT-0903-89575f5c2f,PAT-0903,2026-07-29 15:00:00,0.4513,MEDIUM,0.4242,2026-07-28 21:00:00,2026-07-29 15:00:00,"Riesgo MEDIUM para PAT-0903: evidencia sostenida durante 6 ventana(s) (18h). Variable con mayor aporte: DBP (contribución=0.33, concordancia=0.14 con 1/7 variables disponibles). risk_score=0.451, confidence_score=0.424.",risa-vigia-0.1.0
SIG-PAT-0904-caa0a5d798,PAT-0904,2026-07-18 18:00:00,0.6066,HIGH,0.4242,2026-07-17 06:00:00,2026-07-18 18:00:00,"Riesgo HIGH para PAT-0904: evidencia sostenida durante 12 ventana(s) (36h). Variable con mayor aporte: TEMP (contribución=0.36, concordancia=0.14 con 1/7 variables disponibles). risk_score=0.607, confidence_score=0.424.",risa-vigia-0.1.0
SIG-PAT-0904-fc92a59fd4,PAT-0904,2026-07-19 15:00:00,0.3304,MEDIUM,0.4242,2026-07-19 00:00:00,2026-07-19 15:00:00,"Riesgo MEDIUM para PAT-0904: evidencia sostenida durante 5 ventana(s) (15h). Variable con mayor aporte: HR (contribución=0.10, concordancia=0.00 con 0/7 variables disponibles). risk_score=0.330, confidence_score=0.424.",risa-vigia-0.1.0
SIG-PAT-0905-60277ff85a,PAT-0905,2026-07-04 12:00:00,0.6666,HIGH,0.4242,2026-07-02 09:00:00,2026-07-04 12:00:00,"Riesgo HIGH para PAT-0905: evidencia sostenida durante 17 ventana(s) (51h). Variable con mayor aporte: HR (contribución=0.37, concordancia=0.14 con 1/7 variables disponibles). risk_score=0.667, confidence_score=0.424.",risa-vigia-0.1.0
SIG-PAT-0905-e8216847c3,PAT-0905,2026-07-07 12:00:00,0.5904,HIGH,0.4242,2026-07-05 21:00:00,2026-07-07 12:00:00,"Riesgo HIGH para PAT-0905: evidencia sostenida durante 13 ventana(s) (39h). Variable con mayor aporte: HR (contribución=0.24, concordancia=0.14 con 1/7 variables disponibles). risk_score=0.590, confidence_score=0.424.",risa-vigia-0.1.0
SIG-PAT-0905-d3714776bc,PAT-0905,2026-07-10 09:00:00,0.6844,HIGH,0.4242,2026-07-10 03:00:00,2026-07-10 09:00:00,"Riesgo HIGH para PAT-0905: evidencia sostenida durante 2 ventana(s) (6h). Variable con mayor aporte: HR (contribución=0.44, concordancia=0.29 con 2/7 variables disponibles). risk_score=0.684, confidence_score=0.424.",risa-vigia-0.1.0
SIG-PAT-0906-bd5d04cd1d,PAT-0906,2026-07-29 03:00:00,0.7914,HIGH,0.7273,2026-07-28 15:00:00,2026-07-29 03:00:00,"Riesgo HIGH para PAT-0906: evidencia sostenida durante 4 ventana(s) (12h). Variable con mayor aporte: LAB_A (contribución=0.68, concordancia=0.12 con 1/8 variables disponibles). risk_score=0.791, confidence_score=0.727.",risa-vigia-0.1.0
SIG-PAT-0907-5cb081a349,PAT-0907,2026-07-20 12:00:00,0.5266,MEDIUM,0.4242,2026-07-19 18:00:00,2026-07-20 12:00:00,"Riesgo MEDIUM para PAT-0907: evidencia sostenida durante 6 ventana(s) (18h). Variable con mayor aporte: TEMP (contribución=0.34, concordancia=0.14 con 1/7 variables disponibles). risk_score=0.527, confidence_score=0.424.",risa-vigia-0.1.0
SIG-PAT-0907-a13601ccb3,PAT-0907,2026-07-21 12:00:00,0.6216,HIGH,0.4019,2026-07-21 00:00:00,2026-07-21 12:00:00,"Riesgo HIGH para PAT-0907: evidencia sostenida durante 4 ventana(s) (12h). Variable con mayor aporte: SBP (contribución=0.36, concordancia=0.14 con 1/7 variables disponibles). risk_score=0.622, confidence_score=0.402.",risa-vigia-0.1.0
SIG-PAT-0907-354eadc823,PAT-0907,2026-07-23 15:00:00,0.6931,HIGH,0.7273,2026-07-21 21:00:00,2026-07-23 15:00:00,"Riesgo HIGH para PAT-0907: evidencia sostenida durante 14 ventana(s) (42h). Variable con mayor aporte: HR (contribución=0.33, concordancia=0.25 con 2/8 variables disponibles). risk_score=0.693, confidence_score=0.727.",risa-vigia-0.1.0
SIG-PAT-0907-29368b7d66,PAT-0907,2026-07-24 09:00:00,0.3912,MEDIUM,0.4242,2026-07-24 00:00:00,2026-07-24 09:00:00,"Riesgo MEDIUM para PAT-0907: evidencia sostenida durante 3 ventana(s) (9h). Variable con mayor aporte: HR (contribución=0.26, concordancia=0.14 con 1/7 variables disponibles). risk_score=0.391, confidence_score=0.424.",risa-vigia-0.1.0
SIG-PAT-0908-91ba0b305a,PAT-0908,2026-07-17 12:00:00,0.7838,HIGH,0.8182,2026-07-15 06:00:00,2026-07-17 12:00:00,"Riesgo HIGH para PAT-0908: evidencia sostenida durante 18 ventana(s) (54h). Variable con mayor aporte: LAB_B (contribución=0.46, concordancia=0.22 con 2/9 variables disponibles). risk_score=0.784, confidence_score=0.818.",risa-vigia-0.1.0
SIG-PAT-0909-ac4c56212f,PAT-0909,2026-07-23 18:00:00,0.9953,CRITICAL,0.4242,2026-07-21 18:00:00,2026-07-23 18:00:00,"Riesgo CRITICAL para PAT-0909: evidencia sostenida durante 16 ventana(s) (48h). Variable con mayor aporte: SpO2 (contribución=0.84, concordancia=0.57 con 4/7 variables disponibles). risk_score=0.995, confidence_score=0.424.",risa-vigia-0.1.0
SIG-PAT-0909-b92b0f8f28,PAT-0909,2026-07-24 18:00:00,0.4988,MEDIUM,0.4242,2026-07-24 00:00:00,2026-07-24 18:00:00,"Riesgo MEDIUM para PAT-0909: evidencia sostenida durante 6 ventana(s) (18h). Variable con mayor aporte: SBP (contribución=0.25, concordancia=0.00 con 0/7 variables disponibles). risk_score=0.499, confidence_score=0.424.",risa-vigia-0.1.0
SIG-PAT-0909-d6fae85ef0,PAT-0909,2026-07-26 12:00:00,0.4933,MEDIUM,0.4242,2026-07-26 00:00:00,2026-07-26 12:00:00,"Riesgo MEDIUM para PAT-0909: evidencia sostenida durante 4 ventana(s) (12h). Variable con mayor aporte: WEARABLE_HR (contribución=0.22, concordancia=0.14 con 1/7 variables disponibles). risk_score=0.493, confidence_score=0.424.",risa-vigia-0.1.0
SIG-PAT-0909-43b1d9fd70,PAT-0909,2026-07-27 15:00:00,0.672,HIGH,0.4242,2026-07-27 00:00:00,2026-07-27 15:00:00,"Riesgo HIGH para PAT-0909: evidencia sostenida durante 5 ventana(s) (15h). Variable con mayor aporte: HR (contribución=0.31, concordancia=0.29 con 2/7 variables disponibles). risk_score=0.672, confidence_score=0.424.",risa-vigia-0.1.0
SIG-PAT-0909-d89aebea2c,PAT-0909,2026-07-28 09:00:00,0.578,HIGH,0.4242,2026-07-28 00:00:00,2026-07-28 09:00:00,"Riesgo HIGH para PAT-0909: evidencia sostenida durante 3 ventana(s) (9h). Variable con mayor aporte: SBP (contribución=0.35, concordancia=0.14 con 1/7 variables disponibles). risk_score=0.578, confidence_score=0.424.",risa-vigia-0.1.0
SIG-PAT-0910-3685a54cd9,PAT-0910,2026-07-09 12:00:00,0.4761,MEDIUM,0.4242,2026-07-08 21:00:00,2026-07-09 12:00:00,"Riesgo MEDIUM para PAT-0910: evidencia sostenida durante 5 ventana(s) (15h). Variable con mayor aporte: TEMP (contribución=0.30, concordancia=0.14 con 1/7 variables disponibles). risk_score=0.476, confidence_score=0.424.",risa-vigia-0.1.0
SIG-PAT-0910-324046d370,PAT-0910,2026-07-12 03:00:00,0.5414,MEDIUM,0.4242,2026-07-11 03:00:00,2026-07-12 03:00:00,"Riesgo MEDIUM para PAT-0910: evidencia sostenida durante 8 ventana(s) (24h). Variable con mayor aporte: SBP (contribución=0.38, concordancia=0.14 con 1/7 variables disponibles). risk_score=0.541, confidence_score=0.424.",risa-vigia-0.1.0
SIG-PAT-0911-5453bf49ef,PAT-0911,2026-07-06 21:00:00,0.8652,CRITICAL,0.9091,2026-07-05 21:00:00,2026-07-06 21:00:00,"Riesgo CRITICAL para PAT-0911: evidencia sostenida durante 8 ventana(s) (24h). Variable con mayor aporte: SpO2 (contribución=0.54, concordancia=0.30 con 3/10 variables disponibles). risk_score=0.865, confidence_score=0.909.",risa-vigia-0.1.0
SIG-PAT-0912-50b221c28a,PAT-0912,2026-07-16 09:00:00,0.5379,MEDIUM,0.4128,2026-07-15 00:00:00,2026-07-16 09:00:00,"Riesgo MEDIUM para PAT-0912: evidencia sostenida durante 11 ventana(s) (33h). Variable con mayor aporte: DBP (contribución=0.44, concordancia=0.14 con 1/7 variables disponibles). risk_score=0.538, confidence_score=0.413.",risa-vigia-0.1.0
SIG-PAT-0913-f4249ee26e,PAT-0913,2026-07-14 12:00:00,0.5057,MEDIUM,0.4242,2026-07-14 00:00:00,2026-07-14 12:00:00,"Riesgo MEDIUM para PAT-0913: evidencia sostenida durante 4 ventana(s) (12h). Variable con mayor aporte: HR (contribución=0.35, concordancia=0.14 con 1/7 variables disponibles). risk_score=0.506, confidence_score=0.424.",risa-vigia-0.1.0
SIG-PAT-0913-0143fc66aa,PAT-0913,2026-07-16 18:00:00,0.8404,CRITICAL,0.4242,2026-07-16 00:00:00,2026-07-16 18:00:00,"Riesgo CRITICAL para PAT-0913: evidencia sostenida durante 6 ventana(s) (18h). Variable con mayor aporte: SBP (contribución=0.68, concordancia=0.29 con 2/7 variables disponibles). risk_score=0.840, confidence_score=0.424.",risa-vigia-0.1.0
SIG-PAT-0913-6fc1648f3f,PAT-0913,2026-07-17 21:00:00,0.4928,MEDIUM,0.4242,2026-07-17 00:00:00,2026-07-17 21:00:00,"Riesgo MEDIUM para PAT-0913: evidencia sostenida durante 7 ventana(s) (21h). Variable con mayor aporte: HR (contribución=0.29, concordancia=0.14 con 1/7 variables disponibles). risk_score=0.493, confidence_score=0.424.",risa-vigia-0.1.0
SIG-PAT-0913-1879ee1dcf,PAT-0913,2026-07-18 18:00:00,0.7192,HIGH,0.4242,2026-07-18 00:00:00,2026-07-18 18:00:00,"Riesgo HIGH para PAT-0913: evidencia sostenida durante 6 ventana(s) (18h). Variable con mayor aporte: DBP (contribución=0.53, concordancia=0.14 con 1/7 variables disponibles). risk_score=0.719, confidence_score=0.424.",risa-vigia-0.1.0
SIG-PAT-0913-bae60b3627,PAT-0913,2026-07-19 15:00:00,0.6715,HIGH,0.7273,2026-07-19 00:00:00,2026-07-19 15:00:00,"Riesgo HIGH para PAT-0913: evidencia sostenida durante 5 ventana(s) (15h). Variable con mayor aporte: DBP (contribución=0.32, concordancia=0.25 con 2/8 variables disponibles). risk_score=0.672, confidence_score=0.727.",risa-vigia-0.1.0
SIG-PAT-0913-409b2a9687,PAT-0913,2026-07-20 21:00:00,0.6749,HIGH,0.4242,2026-07-20 00:00:00,2026-07-20 21:00:00,"Riesgo HIGH para PAT-0913: evidencia sostenida durante 7 ventana(s) (21h). Variable con mayor aporte: SBP (contribución=0.49, concordancia=0.14 con 1/7 variables disponibles). risk_score=0.675, confidence_score=0.424.",risa-vigia-0.1.0
SIG-PAT-0913-b5b0285c8f,PAT-0913,2026-07-21 09:00:00,0.6421,HIGH,0.4242,2026-07-20 21:00:00,2026-07-21 09:00:00,"Riesgo HIGH para PAT-0913: evidencia sostenida durante 4 ventana(s) (12h). Variable con mayor aporte: DBP (contribución=0.54, concordancia=0.14 con 1/7 variables disponibles). risk_score=0.642, confidence_score=0.424.",risa-vigia-0.1.0
SIG-PAT-0914-aae1951c90,PAT-0914,2026-07-15 12:00:00,0.4926,MEDIUM,0.4242,2026-07-15 00:00:00,2026-07-15 12:00:00,"Riesgo MEDIUM para PAT-0914: evidencia sostenida durante 4 ventana(s) (12h). Variable con mayor aporte: HR (contribución=0.34, concordancia=0.14 con 1/7 variables disponibles). risk_score=0.493, confidence_score=0.424.",risa-vigia-0.1.0
SIG-PAT-0914-99c9736650,PAT-0914,2026-07-16 12:00:00,0.3754,MEDIUM,0.4242,2026-07-16 00:00:00,2026-07-16 12:00:00,"Riesgo MEDIUM para PAT-0914: evidencia sostenida durante 4 ventana(s) (12h). Variable con mayor aporte: HR (contribución=0.26, concordancia=0.14 con 1/7 variables disponibles). risk_score=0.375, confidence_score=0.424.",risa-vigia-0.1.0
SIG-PAT-0915-ad19195a7d,PAT-0915,2026-07-23 12:00:00,0.571,HIGH,0.4242,2026-07-23 00:00:00,2026-07-23 12:00:00,"Riesgo HIGH para PAT-0915: evidencia sostenida durante 4 ventana(s) (12h). Variable con mayor aporte: HR (contribución=0.29, concordancia=0.14 con 1/7 variables disponibles). risk_score=0.571, confidence_score=0.424.",risa-vigia-0.1.0
SIG-PAT-0915-3ca88455b9,PAT-0915,2026-07-25 15:00:00,0.5285,MEDIUM,0.4242,2026-07-25 00:00:00,2026-07-25 15:00:00,"Riesgo MEDIUM para PAT-0915: evidencia sostenida durante 5 ventana(s) (15h). Variable con mayor aporte: SBP (contribución=0.29, concordancia=0.14 con 1/7 variables disponibles). risk_score=0.528, confidence_score=0.424.",risa-vigia-0.1.0
SIG-PAT-0915-7bc7608b9d,PAT-0915,2026-07-26 18:00:00,0.4955,MEDIUM,0.4242,2026-07-26 00:00:00,2026-07-26 18:00:00,"Riesgo MEDIUM para PAT-0915: evidencia sostenida durante 6 ventana(s) (18h). Variable con mayor aporte: DBP (contribución=0.38, concordancia=0.14 con 1/7 variables disponibles). risk_score=0.496, confidence_score=0.424.",risa-vigia-0.1.0
SIG-PAT-0915-eca4749d21,PAT-0915,2026-07-29 09:00:00,0.5456,MEDIUM,0.4242,2026-07-29 00:00:00,2026-07-29 09:00:00,"Riesgo MEDIUM para PAT-0915: evidencia sostenida durante 3 ventana(s) (9h). Variable con mayor aporte: SBP (contribución=0.37, concordancia=0.14 con 1/7 variables disponibles). risk_score=0.546, confidence_score=0.424.",risa-vigia-0.1.0
SIG-PAT-0916-428c58d27c,PAT-0916,2026-07-25 09:00:00,0.4733,MEDIUM,0.4242,2026-07-25 00:00:00,2026-07-25 09:00:00,"Riesgo MEDIUM para PAT-0916: evidencia sostenida durante 3 ventana(s) (9h). Variable con mayor aporte: SBP (contribución=0.28, concordancia=0.14 con 1/7 variables disponibles). risk_score=0.473, confidence_score=0.424.",risa-vigia-0.1.0
SIG-PAT-0917-2368fd3203,PAT-0917,2026-07-27 12:00:00,0.5434,MEDIUM,0.4242,2026-07-26 21:00:00,2026-07-27 12:00:00,"Riesgo MEDIUM para PAT-0917: evidencia sostenida durante 5 ventana(s) (15h). Variable con mayor aporte: HR (contribución=0.39, concordancia=0.14 con 1/7 variables disponibles). risk_score=0.543, confidence_score=0.424.",risa-vigia-0.1.0
SIG-PAT-0918-d9a7e69ca4,PAT-0918,2026-07-08 21:00:00,0.7959,HIGH,0.4242,2026-07-08 00:00:00,2026-07-08 21:00:00,"Riesgo HIGH para PAT-0918: evidencia sostenida durante 7 ventana(s) (21h). Variable con mayor aporte: SBP (contribución=0.69, concordancia=0.14 con 1/7 variables disponibles). risk_score=0.796, confidence_score=0.424.",risa-vigia-0.1.0
SIG-PAT-0918-3edf3028cd,PAT-0918,2026-07-09 21:00:00,0.4824,MEDIUM,0.4242,2026-07-09 00:00:00,2026-07-09 21:00:00,"Riesgo MEDIUM para PAT-0918: evidencia sostenida durante 7 ventana(s) (21h). Variable con mayor aporte: DBP (contribución=0.28, concordancia=0.14 con 1/7 variables disponibles). risk_score=0.482, confidence_score=0.424.",risa-vigia-0.1.0
SIG-PAT-0918-ddea0fddbc,PAT-0918,2026-07-10 15:00:00,0.6313,HIGH,0.4242,2026-07-10 00:00:00,2026-07-10 15:00:00,"Riesgo HIGH para PAT-0918: evidencia sostenida durante 5 ventana(s) (15h). Variable con mayor aporte: SBP (contribución=0.50, concordancia=0.14 con 1/7 variables disponibles). risk_score=0.631, confidence_score=0.424.",risa-vigia-0.1.0
SIG-PAT-0919-ab480bc560,PAT-0919,2026-07-17 15:00:00,0.6862,HIGH,0.4242,2026-07-17 00:00:00,2026-07-17 15:00:00,"Riesgo HIGH para PAT-0919: evidencia sostenida durante 5 ventana(s) (15h). Variable con mayor aporte: HR (contribución=0.33, concordancia=0.29 con 2/7 variables disponibles). risk_score=0.686, confidence_score=0.424.",risa-vigia-0.1.0
SIG-PAT-0919-c16d046a71,PAT-0919,2026-07-21 12:00:00,0.5137,MEDIUM,0.4242,2026-07-21 00:00:00,2026-07-21 12:00:00,"Riesgo MEDIUM para PAT-0919: evidencia sostenida durante 4 ventana(s) (12h). Variable con mayor aporte: SBP (contribución=0.33, concordancia=0.14 con 1/7 variables disponibles). risk_score=0.514, confidence_score=0.424.",risa-vigia-0.1.0
SIG-PAT-0919-33fe5d9da2,PAT-0919,2026-07-22 09:00:00,0.4982,MEDIUM,0.4242,2026-07-22 03:00:00,2026-07-22 09:00:00,"Riesgo MEDIUM para PAT-0919: evidencia sostenida durante 2 ventana(s) (6h). Variable con mayor aporte: HR (contribución=0.37, concordancia=0.14 con 1/7 variables disponibles). risk_score=0.498, confidence_score=0.424.",risa-vigia-0.1.0
SIG-PAT-0920-88bd58c948,PAT-0920,2026-07-28 12:00:00,0.5575,HIGH,0.7273,2026-07-27 09:00:00,2026-07-28 12:00:00,"Riesgo HIGH para PAT-0920: evidencia sostenida durante 9 ventana(s) (27h). Variable con mayor aporte: HR (contribución=0.39, concordancia=0.12 con 1/8 variables disponibles). risk_score=0.558, confidence_score=0.727.",risa-vigia-0.1.0
SIG-PAT-0920-08c5d328c3,PAT-0920,2026-07-31 03:00:00,0.8412,CRITICAL,0.4242,2026-07-29 18:00:00,2026-07-31 03:00:00,"Riesgo CRITICAL para PAT-0920: evidencia sostenida durante 11 ventana(s) (33h). Variable con mayor aporte: SBP (contribución=0.66, concordancia=0.29 con 2/7 variables disponibles). risk_score=0.841, confidence_score=0.424.",risa-vigia-0.1.0
SIG-PAT-0921-6ef520ebcb,PAT-0921,2026-07-07 15:00:00,0.6108,HIGH,0.4242,2026-07-07 00:00:00,2026-07-07 15:00:00,"Riesgo HIGH para PAT-0921: evidencia sostenida durante 5 ventana(s) (15h). Variable con mayor aporte: SBP (contribución=0.50, concordancia=0.14 con 1/7 variables disponibles). risk_score=0.611, confidence_score=0.424.",risa-vigia-0.1.0
SIG-PAT-0921-0f6c22f97d,PAT-0921,2026-07-09 09:00:00,0.6295,HIGH,0.8864,2026-07-09 03:00:00,2026-07-09 09:00:00,"Riesgo HIGH para PAT-0921: evidencia sostenida durante 2 ventana(s) (6h). Variable con mayor aporte: SBP (contribución=0.44, concordancia=0.10 con 1/10 variables disponibles). risk_score=0.630, confidence_score=0.886.",risa-vigia-0.1.0
SIG-PAT-0922-584eb07b1b,PAT-0922,2026-07-22 18:00:00,0.4192,MEDIUM,0.4242,2026-07-22 00:00:00,2026-07-22 18:00:00,"Riesgo MEDIUM para PAT-0922: evidencia sostenida durante 6 ventana(s) (18h). Variable con mayor aporte: HR (contribución=0.26, concordancia=0.14 con 1/7 variables disponibles). risk_score=0.419, confidence_score=0.424.",risa-vigia-0.1.0
SIG-PAT-0922-38baedd03c,PAT-0922,2026-07-26 18:00:00,0.4448,MEDIUM,0.4242,2026-07-26 00:00:00,2026-07-26 18:00:00,"Riesgo MEDIUM para PAT-0922: evidencia sostenida durante 6 ventana(s) (18h). Variable con mayor aporte: HR (contribución=0.21, concordancia=0.00 con 0/7 variables disponibles). risk_score=0.445, confidence_score=0.424.",risa-vigia-0.1.0
SIG-PAT-0922-297ba99c1d,PAT-0922,2026-07-28 09:00:00,0.6751,HIGH,0.4242,2026-07-27 00:00:00,2026-07-28 09:00:00,"Riesgo HIGH para PAT-0922: evidencia sostenida durante 11 ventana(s) (33h). Variable con mayor aporte: SBP (contribución=0.43, concordancia=0.14 con 1/7 variables disponibles). risk_score=0.675, confidence_score=0.424.",risa-vigia-0.1.0
SIG-PAT-0923-dc695c1f2b,PAT-0923,2026-07-15 21:00:00,0.6283,HIGH,0.4242,2026-07-14 00:00:00,2026-07-15 21:00:00,"Riesgo HIGH para PAT-0923: evidencia sostenida durante 15 ventana(s) (45h). Variable con mayor aporte: HR (contribución=0.54, concordancia=0.14 con 1/7 variables disponibles). risk_score=0.628, confidence_score=0.424.",risa-vigia-0.1.0
SIG-PAT-0923-efd0b9e270,PAT-0923,2026-07-16 12:00:00,0.4081,MEDIUM,0.7273,2026-07-16 00:00:00,2026-07-16 12:00:00,"Riesgo MEDIUM para PAT-0923: evidencia sostenida durante 4 ventana(s) (12h). Variable con mayor aporte: HR (contribución=0.22, concordancia=0.00 con 0/8 variables disponibles). risk_score=0.408, confidence_score=0.727.",risa-vigia-0.1.0
SIG-PAT-0924-1935a7e9fe,PAT-0924,2026-07-09 12:00:00,0.5226,MEDIUM,0.4242,2026-07-08 21:00:00,2026-07-09 12:00:00,"Riesgo MEDIUM para PAT-0924: evidencia sostenida durante 5 ventana(s) (15h). Variable con mayor aporte: SBP (contribución=0.30, concordancia=0.14 con 1/7 variables disponibles). risk_score=0.523, confidence_score=0.424.",risa-vigia-0.1.0
SIG-PAT-0924-c8ee63661a,PAT-0924,2026-07-11 00:00:00,0.3447,MEDIUM,0.7273,2026-07-09 15:00:00,2026-07-11 00:00:00,"Riesgo MEDIUM para PAT-0924: evidencia sostenida durante 11 ventana(s) (33h). Variable con mayor aporte: HR (contribución=0.17, concordancia=0.00 con 0/8 variables disponibles). risk_score=0.345, confidence_score=0.727.",risa-vigia-0.1.0
SIG-PAT-0924-36a0ff011b,PAT-0924,2026-07-11 15:00:00,0.4921,MEDIUM,0.4242,2026-07-11 00:00:00,2026-07-11 15:00:00,"Riesgo MEDIUM para PAT-0924: evidencia sostenida durante 5 ventana(s) (15h). Variable con mayor aporte: SBP (contribución=0.28, concordancia=0.14 con 1/7 variables disponibles). risk_score=0.492, confidence_score=0.424.",risa-vigia-0.1.0
SIG-PAT-0925-ff86fcd027,PAT-0925,2026-07-07 00:00:00,0.951,CRITICAL,0.4242,2026-07-05 18:00:00,2026-07-07 00:00:00,"Riesgo CRITICAL para PAT-0925: evidencia sostenida durante 10 ventana(s) (30h). Variable con mayor aporte: SpO2 (contribución=0.72, concordancia=0.43 con 3/7 variables disponibles). risk_score=0.951, confidence_score=0.424.",risa-vigia-0.1.0
SIG-PAT-0925-7d558e7400,PAT-0925,2026-07-09 21:00:00,0.4172,MEDIUM,0.4242,2026-07-09 00:00:00,2026-07-09 21:00:00,"Riesgo MEDIUM para PAT-0925: evidencia sostenida durante 7 ventana(s) (21h). Variable con mayor aporte: HR (contribución=0.21, concordancia=0.00 con 0/7 variables disponibles). risk_score=0.417, confidence_score=0.424.",risa-vigia-0.1.0
SIG-PAT-0925-8ed35a914d,PAT-0925,2026-07-11 12:00:00,0.6531,HIGH,0.9091,2026-07-10 03:00:00,2026-07-11 12:00:00,"Riesgo HIGH para PAT-0925: evidencia sostenida durante 11 ventana(s) (33h). Variable con mayor aporte: DBP (contribución=0.38, concordancia=0.10 con 1/10 variables disponibles). risk_score=0.653, confidence_score=0.909.",risa-vigia-0.1.0
SIG-PAT-0926-9bebe68a1b,PAT-0926,2026-07-29 12:00:00,0.7146,HIGH,0.4019,2026-07-28 12:00:00,2026-07-29 12:00:00,"Riesgo HIGH para PAT-0926: evidencia sostenida durante 8 ventana(s) (24h). Variable con mayor aporte: DBP (contribución=0.43, concordancia=0.29 con 2/7 variables disponibles). risk_score=0.715, confidence_score=0.402.",risa-vigia-0.1.0
SIG-PAT-0926-cf42057076,PAT-0926,2026-07-30 15:00:00,0.514,MEDIUM,0.4242,2026-07-30 00:00:00,2026-07-30 15:00:00,"Riesgo MEDIUM para PAT-0926: evidencia sostenida durante 5 ventana(s) (15h). Variable con mayor aporte: DBP (contribución=0.26, concordancia=0.14 con 1/7 variables disponibles). risk_score=0.514, confidence_score=0.424.",risa-vigia-0.1.0
SIG-PAT-0927-33a66b8a04,PAT-0927,2026-07-28 09:00:00,0.4725,MEDIUM,0.4242,2026-07-26 21:00:00,2026-07-28 09:00:00,"Riesgo MEDIUM para PAT-0927: evidencia sostenida durante 12 ventana(s) (36h). Variable con mayor aporte: HR (contribución=0.28, concordancia=0.14 con 1/7 variables disponibles). risk_score=0.472, confidence_score=0.424.",risa-vigia-0.1.0
SIG-PAT-0928-9834190324,PAT-0928,2026-07-05 12:00:00,0.3937,MEDIUM,0.4242,2026-07-05 00:00:00,2026-07-05 12:00:00,"Riesgo MEDIUM para PAT-0928: evidencia sostenida durante 4 ventana(s) (12h). Variable con mayor aporte: HR (contribución=0.26, concordancia=0.14 con 1/7 variables disponibles). risk_score=0.394, confidence_score=0.424.",risa-vigia-0.1.0
SIG-PAT-0928-6d083ec365,PAT-0928,2026-07-06 15:00:00,0.6701,HIGH,0.7273,2026-07-06 00:00:00,2026-07-06 15:00:00,"Riesgo HIGH para PAT-0928: evidencia sostenida durante 5 ventana(s) (15h). Variable con mayor aporte: LAB_D (contribución=0.55, concordancia=0.12 con 1/8 variables disponibles). risk_score=0.670, confidence_score=0.727.",risa-vigia-0.1.0
SIG-PAT-0928-57c378085d,PAT-0928,2026-07-07 15:00:00,0.5282,MEDIUM,0.4242,2026-07-06 21:00:00,2026-07-07 15:00:00,"Riesgo MEDIUM para PAT-0928: evidencia sostenida durante 6 ventana(s) (18h). Variable con mayor aporte: DBP (contribución=0.34, concordancia=0.14 con 1/7 variables disponibles). risk_score=0.528, confidence_score=0.424.",risa-vigia-0.1.0
SIG-PAT-0929-1c948dddaf,PAT-0929,2026-07-06 12:00:00,0.6771,HIGH,0.4242,2026-07-06 00:00:00,2026-07-06 12:00:00,"Riesgo HIGH para PAT-0929: evidencia sostenida durante 4 ventana(s) (12h). Variable con mayor aporte: DBP (contribución=0.55, concordancia=0.14 con 1/7 variables disponibles). risk_score=0.677, confidence_score=0.424.",risa-vigia-0.1.0
SIG-PAT-0929-81b6f48b58,PAT-0929,2026-07-07 15:00:00,0.3382,MEDIUM,0.4242,2026-07-07 03:00:00,2026-07-07 15:00:00,"Riesgo MEDIUM para PAT-0929: evidencia sostenida durante 4 ventana(s) (12h). Variable con mayor aporte: TEMP (contribución=0.20, concordancia=0.00 con 0/7 variables disponibles). risk_score=0.338, confidence_score=0.424.",risa-vigia-0.1.0
SIG-PAT-0929-aca192908b,PAT-0929,2026-07-09 00:00:00,0.6027,HIGH,0.4242,2026-07-08 00:00:00,2026-07-09 00:00:00,"Riesgo HIGH para PAT-0929: evidencia sostenida durante 8 ventana(s) (24h). Variable con mayor aporte: DBP (contribución=0.38, concordancia=0.14 con 1/7 variables disponibles). risk_score=0.603, confidence_score=0.424.",risa-vigia-0.1.0
SIG-PAT-0930-2d22852549,PAT-0930,2026-07-13 18:00:00,0.6856,HIGH,0.4242,2026-07-12 18:00:00,2026-07-13 18:00:00,"Riesgo HIGH para PAT-0930: evidencia sostenida durante 8 ventana(s) (24h). Variable con mayor aporte: TEMP (contribución=0.33, concordancia=0.29 con 2/7 variables disponibles). risk_score=0.686, confidence_score=0.424.",risa-vigia-0.1.0
SIG-PAT-0930-040d6877cb,PAT-0930,2026-07-15 12:00:00,0.5049,MEDIUM,0.4242,2026-07-14 00:00:00,2026-07-15 12:00:00,"Riesgo MEDIUM para PAT-0930: evidencia sostenida durante 12 ventana(s) (36h). Variable con mayor aporte: HR (contribución=0.24, concordancia=0.00 con 0/7 variables disponibles). risk_score=0.505, confidence_score=0.424.",risa-vigia-0.1.0
SIG-PAT-0930-7b225a52f3,PAT-0930,2026-07-16 15:00:00,0.487,MEDIUM,0.7273,2026-07-16 00:00:00,2026-07-16 15:00:00,"Riesgo MEDIUM para PAT-0930: evidencia sostenida durante 5 ventana(s) (15h). Variable con mayor aporte: SBP (contribución=0.27, concordancia=0.12 con 1/8 variables disponibles). risk_score=0.487, confidence_score=0.727.",risa-vigia-0.1.0
SIG-PAT-0930-bdb3b966c9,PAT-0930,2026-07-17 12:00:00,0.367,MEDIUM,0.4242,2026-07-16 21:00:00,2026-07-17 12:00:00,"Riesgo MEDIUM para PAT-0930: evidencia sostenida durante 5 ventana(s) (15h). Variable con mayor aporte: TEMP (contribución=0.20, concordancia=0.00 con 0/7 variables disponibles). risk_score=0.367, confidence_score=0.424.",risa-vigia-0.1.0
SIG-PAT-0930-e0c53e2fae,PAT-0930,2026-07-18 12:00:00,0.499,MEDIUM,0.4242,2026-07-17 21:00:00,2026-07-18 12:00:00,"Riesgo MEDIUM para PAT-0930: evidencia sostenida durante 5 ventana(s) (15h). Variable con mayor aporte: DBP (contribución=0.32, concordancia=0.14 con 1/7 variables disponibles). risk_score=0.499, confidence_score=0.424.",risa-vigia-0.1.0
SIG-PAT-0931-2cdd4f6bea,PAT-0931,2026-07-09 12:00:00,0.7355,HIGH,0.8182,2026-07-07 21:00:00,2026-07-09 12:00:00,"Riesgo HIGH para PAT-0931: evidencia sostenida durante 13 ventana(s) (39h). Variable con mayor aporte: HR (contribución=0.35, concordancia=0.22 con 2/9 variables disponibles). risk_score=0.735, confidence_score=0.818.",risa-vigia-0.1.0
SIG-PAT-0931-9429c7594a,PAT-0931,2026-07-11 09:00:00,0.3513,MEDIUM,0.4242,2026-07-11 00:00:00,2026-07-11 09:00:00,"Riesgo MEDIUM para PAT-0931: evidencia sostenida durante 3 ventana(s) (9h). Variable con mayor aporte: SBP (contribución=0.21, concordancia=0.00 con 0/7 variables disponibles). risk_score=0.351, confidence_score=0.424.",risa-vigia-0.1.0
SIG-PAT-0932-10b3001d7f,PAT-0932,2026-07-26 12:00:00,0.7488,HIGH,0.4242,2026-07-26 00:00:00,2026-07-26 12:00:00,"Riesgo HIGH para PAT-0932: evidencia sostenida durante 4 ventana(s) (12h). Variable con mayor aporte: SBP (contribución=0.43, concordancia=0.29 con 2/7 variables disponibles). risk_score=0.749, confidence_score=0.424.",risa-vigia-0.1.0
SIG-PAT-0934-9210c61494,PAT-0934,2026-07-12 15:00:00,0.6629,HIGH,0.4242,2026-07-10 00:00:00,2026-07-12 15:00:00,"Riesgo HIGH para PAT-0934: evidencia sostenida durante 21 ventana(s) (63h). Variable con mayor aporte: SBP (contribución=0.42, concordancia=0.29 con 2/7 variables disponibles). risk_score=0.663, confidence_score=0.424.",risa-vigia-0.1.0
SIG-PAT-0934-7d2208097f,PAT-0934,2026-07-14 09:00:00,0.6116,HIGH,0.4242,2026-07-13 21:00:00,2026-07-14 09:00:00,"Riesgo HIGH para PAT-0934: evidencia sostenida durante 4 ventana(s) (12h). Variable con mayor aporte: DBP (contribución=0.42, concordancia=0.14 con 1/7 variables disponibles). risk_score=0.612, confidence_score=0.424.",risa-vigia-0.1.0
SIG-PAT-0935-1dd090e416,PAT-0935,2026-07-20 12:00:00,0.6049,HIGH,0.4242,2026-07-19 18:00:00,2026-07-20 12:00:00,"Riesgo HIGH para PAT-0935: evidencia sostenida durante 6 ventana(s) (18h). Variable con mayor aporte: HR (contribución=0.47, concordancia=0.14 con 1/7 variables disponibles). risk_score=0.605, confidence_score=0.424.",risa-vigia-0.1.0
SIG-PAT-0935-7b826b6267,PAT-0935,2026-07-21 18:00:00,0.7395,HIGH,0.4242,2026-07-20 21:00:00,2026-07-21 18:00:00,"Riesgo HIGH para PAT-0935: evidencia sostenida durante 7 ventana(s) (21h). Variable con mayor aporte: HR (contribución=0.47, concordancia=0.29 con 2/7 variables disponibles). risk_score=0.740, confidence_score=0.424.",risa-vigia-0.1.0
SIG-PAT-0935-88c964f98f,PAT-0935,2026-07-22 12:00:00,0.5519,HIGH,0.4136,2026-07-22 00:00:00,2026-07-22 12:00:00,"Riesgo HIGH para PAT-0935: evidencia sostenida durante 4 ventana(s) (12h). Variable con mayor aporte: HR (contribución=0.42, concordancia=0.14 con 1/7 variables disponibles). risk_score=0.552, confidence_score=0.414.",risa-vigia-0.1.0
SIG-PAT-0935-2cd4015713,PAT-0935,2026-07-23 09:00:00,0.6922,HIGH,0.4136,2026-07-23 00:00:00,2026-07-23 09:00:00,"Riesgo HIGH para PAT-0935: evidencia sostenida durante 3 ventana(s) (9h). Variable con mayor aporte: SBP (contribución=0.36, concordancia=0.14 con 1/7 variables disponibles). risk_score=0.692, confidence_score=0.414.",risa-vigia-0.1.0
SIG-PAT-0936-902c2aaeae,PAT-0936,2026-07-18 18:00:00,0.6637,HIGH,0.4242,2026-07-17 12:00:00,2026-07-18 18:00:00,"Riesgo HIGH para PAT-0936: evidencia sostenida durante 10 ventana(s) (30h). Variable con mayor aporte: DBP (contribución=0.45, concordancia=0.14 con 1/7 variables disponibles). risk_score=0.664, confidence_score=0.424.",risa-vigia-0.1.0
SIG-PAT-0936-e6f91c8ae5,PAT-0936,2026-07-19 12:00:00,0.4807,MEDIUM,0.4242,2026-07-18 18:00:00,2026-07-19 12:00:00,"Riesgo MEDIUM para PAT-0936: evidencia sostenida durante 6 ventana(s) (18h). Variable con mayor aporte: DBP (contribución=0.33, concordancia=0.14 con 1/7 variables disponibles). risk_score=0.481, confidence_score=0.424.",risa-vigia-0.1.0
SIG-PAT-0937-14ee397b91,PAT-0937,2026-07-27 18:00:00,0.4806,MEDIUM,0.4242,2026-07-27 00:00:00,2026-07-27 18:00:00,"Riesgo MEDIUM para PAT-0937: evidencia sostenida durante 6 ventana(s) (18h). Variable con mayor aporte: HR (contribución=0.35, concordancia=0.14 con 1/7 variables disponibles). risk_score=0.481, confidence_score=0.424.",risa-vigia-0.1.0
SIG-PAT-0937-9f53d74bc2,PAT-0937,2026-07-29 18:00:00,0.6379,HIGH,0.4242,2026-07-28 00:00:00,2026-07-29 18:00:00,"Riesgo HIGH para PAT-0937: evidencia sostenida durante 14 ventana(s) (42h). Variable con mayor aporte: TEMP (contribución=0.56, concordancia=0.14 con 1/7 variables disponibles). risk_score=0.638, confidence_score=0.424.",risa-vigia-0.1.0
SIG-PAT-0939-18252a6107,PAT-0939,2026-07-11 12:00:00,0.5943,HIGH,0.4134,2026-07-10 21:00:00,2026-07-11 12:00:00,"Riesgo HIGH para PAT-0939: evidencia sostenida durante 5 ventana(s) (15h). Variable con mayor aporte: HR (contribución=0.30, concordancia=0.14 con 1/7 variables disponibles). risk_score=0.594, confidence_score=0.413.",risa-vigia-0.1.0
SIG-PAT-0939-813c8f7a4e,PAT-0939,2026-07-12 12:00:00,0.5507,HIGH,0.4131,2026-07-12 00:00:00,2026-07-12 12:00:00,"Riesgo HIGH para PAT-0939: evidencia sostenida durante 4 ventana(s) (12h). Variable con mayor aporte: SBP (contribución=0.34, concordancia=0.14 con 1/7 variables disponibles). risk_score=0.551, confidence_score=0.413.",risa-vigia-0.1.0
SIG-PAT-0940-6292a3b54f,PAT-0940,2026-07-26 21:00:00,0.6065,HIGH,0.7273,2026-07-25 06:00:00,2026-07-26 21:00:00,"Riesgo HIGH para PAT-0940: evidencia sostenida durante 13 ventana(s) (39h). Variable con mayor aporte: LAB_A (contribución=0.51, concordancia=0.12 con 1/8 variables disponibles). risk_score=0.607, confidence_score=0.727.",risa-vigia-0.1.0
SIG-PAT-0941-2859f821fc,PAT-0941,2026-07-11 15:00:00,0.551,HIGH,0.4242,2026-07-10 21:00:00,2026-07-11 15:00:00,"Riesgo HIGH para PAT-0941: evidencia sostenida durante 6 ventana(s) (18h). Variable con mayor aporte: HR (contribución=0.41, concordancia=0.14 con 1/7 variables disponibles). risk_score=0.551, confidence_score=0.424.",risa-vigia-0.1.0
SIG-PAT-0941-f6f6242622,PAT-0941,2026-07-14 15:00:00,0.4707,MEDIUM,0.7273,2026-07-14 00:00:00,2026-07-14 15:00:00,"Riesgo MEDIUM para PAT-0941: evidencia sostenida durante 5 ventana(s) (15h). Variable con mayor aporte: HR (contribución=0.27, concordancia=0.12 con 1/8 variables disponibles). risk_score=0.471, confidence_score=0.727.",risa-vigia-0.1.0
SIG-PAT-0941-a8ed0a711e,PAT-0941,2026-07-15 15:00:00,0.3415,MEDIUM,0.4242,2026-07-15 03:00:00,2026-07-15 15:00:00,"Riesgo MEDIUM para PAT-0941: evidencia sostenida durante 4 ventana(s) (12h). Variable con mayor aporte: HR (contribución=0.21, concordancia=0.00 con 0/7 variables disponibles). risk_score=0.342, confidence_score=0.424.",risa-vigia-0.1.0
SIG-PAT-0941-8f373fb486,PAT-0941,2026-07-17 12:00:00,0.3882,MEDIUM,0.4242,2026-07-17 00:00:00,2026-07-17 12:00:00,"Riesgo MEDIUM para PAT-0941: evidencia sostenida durante 4 ventana(s) (12h). Variable con mayor aporte: HR (contribución=0.16, concordancia=0.00 con 0/7 variables disponibles). risk_score=0.388, confidence_score=0.424.",risa-vigia-0.1.0
SIG-PAT-0941-7d4d972c20,PAT-0941,2026-07-18 09:00:00,0.3658,MEDIUM,0.4242,2026-07-18 03:00:00,2026-07-18 09:00:00,"Riesgo MEDIUM para PAT-0941: evidencia sostenida durante 2 ventana(s) (6h). Variable con mayor aporte: DBP (contribución=0.22, concordancia=0.00 con 0/7 variables disponibles). risk_score=0.366, confidence_score=0.424.",risa-vigia-0.1.0
SIG-PAT-0942-7caabc2089,PAT-0942,2026-07-23 12:00:00,0.6226,HIGH,0.4242,2026-07-23 00:00:00,2026-07-23 12:00:00,"Riesgo HIGH para PAT-0942: evidencia sostenida durante 4 ventana(s) (12h). Variable con mayor aporte: HR (contribución=0.53, concordancia=0.14 con 1/7 variables disponibles). risk_score=0.623, confidence_score=0.424.",risa-vigia-0.1.0
SIG-PAT-0942-2485f6cd38,PAT-0942,2026-07-24 12:00:00,0.3305,MEDIUM,0.4242,2026-07-24 00:00:00,2026-07-24 12:00:00,"Riesgo MEDIUM para PAT-0942: evidencia sostenida durante 4 ventana(s) (12h). Variable con mayor aporte: HR (contribución=0.24, concordancia=0.00 con 0/7 variables disponibles). risk_score=0.330, confidence_score=0.424.",risa-vigia-0.1.0
SIG-PAT-0942-22cca6c4a0,PAT-0942,2026-07-26 12:00:00,0.6655,HIGH,0.4242,2026-07-25 00:00:00,2026-07-26 12:00:00,"Riesgo HIGH para PAT-0942: evidencia sostenida durante 12 ventana(s) (36h). Variable con mayor aporte: DBP (contribución=0.49, concordancia=0.14 con 1/7 variables disponibles). risk_score=0.666, confidence_score=0.424.",risa-vigia-0.1.0
SIG-PAT-0942-642dd547ee,PAT-0942,2026-07-27 15:00:00,0.3348,MEDIUM,0.4125,2026-07-27 00:00:00,2026-07-27 15:00:00,"Riesgo MEDIUM para PAT-0942: evidencia sostenida durante 5 ventana(s) (15h). Variable con mayor aporte: HR (contribución=0.16, concordancia=0.00 con 0/7 variables disponibles). risk_score=0.335, confidence_score=0.412.",risa-vigia-0.1.0
SIG-PAT-0943-cf714ebeea,PAT-0943,2026-07-14 15:00:00,0.6022,HIGH,0.4242,2026-07-12 18:00:00,2026-07-14 15:00:00,"Riesgo HIGH para PAT-0943: evidencia sostenida durante 15 ventana(s) (45h). Variable con mayor aporte: SBP (contribución=0.44, concordancia=0.14 con 1/7 variables disponibles). risk_score=0.602, confidence_score=0.424.",risa-vigia-0.1.0
SIG-PAT-0943-43ddad940b,PAT-0943,2026-07-15 06:00:00,0.9278,CRITICAL,0.4242,2026-07-14 15:00:00,2026-07-15 06:00:00,"Riesgo CRITICAL para PAT-0943: evidencia sostenida durante 5 ventana(s) (15h). Variable con mayor aporte: SpO2 (contribución=0.70, concordancia=0.29 con 2/7 variables disponibles). risk_score=0.928, confidence_score=0.424.",risa-vigia-0.1.0
SIG-PAT-0944-4611572656,PAT-0944,2026-07-22 18:00:00,0.5544,HIGH,0.4242,2026-07-21 18:00:00,2026-07-22 18:00:00,"Riesgo HIGH para PAT-0944: evidencia sostenida durante 8 ventana(s) (24h). Variable con mayor aporte: SBP (contribución=0.46, concordancia=0.14 con 1/7 variables disponibles). risk_score=0.554, confidence_score=0.424.",risa-vigia-0.1.0
SIG-PAT-0944-6ea2f47b70,PAT-0944,2026-07-25 12:00:00,0.6401,HIGH,0.4242,2026-07-24 00:00:00,2026-07-25 12:00:00,"Riesgo HIGH para PAT-0944: evidencia sostenida durante 12 ventana(s) (36h). Variable con mayor aporte: SBP (contribución=0.45, concordancia=0.14 con 1/7 variables disponibles). risk_score=0.640, confidence_score=0.424.",risa-vigia-0.1.0
SIG-PAT-0944-cf4d78444b,PAT-0944,2026-07-26 15:00:00,0.787,HIGH,0.4242,2026-07-26 00:00:00,2026-07-26 15:00:00,"Riesgo HIGH para PAT-0944: evidencia sostenida durante 5 ventana(s) (15h). Variable con mayor aporte: DBP (contribución=0.43, concordancia=0.29 con 2/7 variables disponibles). risk_score=0.787, confidence_score=0.424.",risa-vigia-0.1.0
SIG-PAT-0945-37c066cc3d,PAT-0945,2026-07-17 21:00:00,0.6828,HIGH,0.4242,2026-07-16 18:00:00,2026-07-17 21:00:00,"Riesgo HIGH para PAT-0945: evidencia sostenida durante 9 ventana(s) (27h). Variable con mayor aporte: HR (contribución=0.51, concordancia=0.14 con 1/7 variables disponibles). risk_score=0.683, confidence_score=0.424.",risa-vigia-0.1.0
SIG-PAT-0945-b5cd516ea3,PAT-0945,2026-07-19 12:00:00,0.3931,MEDIUM,0.4242,2026-07-19 00:00:00,2026-07-19 12:00:00,"Riesgo MEDIUM para PAT-0945: evidencia sostenida durante 4 ventana(s) (12h). Variable con mayor aporte: HR (contribución=0.12, concordancia=0.00 con 0/7 variables disponibles). risk_score=0.393, confidence_score=0.424.",risa-vigia-0.1.0
SIG-PAT-0945-0091bd9245,PAT-0945,2026-07-20 15:00:00,0.4904,MEDIUM,0.4242,2026-07-20 00:00:00,2026-07-20 15:00:00,"Riesgo MEDIUM para PAT-0945: evidencia sostenida durante 5 ventana(s) (15h). Variable con mayor aporte: RR (contribución=0.20, concordancia=0.00 con 0/7 variables disponibles). risk_score=0.490, confidence_score=0.424.",risa-vigia-0.1.0
SIG-PAT-0945-b8f46ea225,PAT-0945,2026-07-21 18:00:00,0.6792,HIGH,0.7273,2026-07-21 00:00:00,2026-07-21 18:00:00,"Riesgo HIGH para PAT-0945: evidencia sostenida durante 6 ventana(s) (18h). Variable con mayor aporte: DBP (contribución=0.33, concordancia=0.25 con 2/8 variables disponibles). risk_score=0.679, confidence_score=0.727.",risa-vigia-0.1.0
SIG-PAT-0946-cbda908513,PAT-0946,2026-07-14 15:00:00,0.4114,MEDIUM,0.4242,2026-07-13 18:00:00,2026-07-14 15:00:00,"Riesgo MEDIUM para PAT-0946: evidencia sostenida durante 7 ventana(s) (21h). Variable con mayor aporte: WEARABLE_HR (contribución=0.14, concordancia=0.00 con 0/7 variables disponibles). risk_score=0.411, confidence_score=0.424.",risa-vigia-0.1.0
SIG-PAT-0946-a7bfa67549,PAT-0946,2026-07-15 12:00:00,0.4815,MEDIUM,0.4242,2026-07-14 15:00:00,2026-07-15 12:00:00,"Riesgo MEDIUM para PAT-0946: evidencia sostenida durante 7 ventana(s) (21h). Variable con mayor aporte: SBP (contribución=0.28, concordancia=0.14 con 1/7 variables disponibles). risk_score=0.481, confidence_score=0.424.",risa-vigia-0.1.0
SIG-PAT-0946-dbeae0ab32,PAT-0946,2026-07-16 12:00:00,0.5866,HIGH,0.4242,2026-07-15 21:00:00,2026-07-16 12:00:00,"Riesgo HIGH para PAT-0946: evidencia sostenida durante 5 ventana(s) (15h). Variable con mayor aporte: SBP (contribución=0.48, concordancia=0.14 con 1/7 variables disponibles). risk_score=0.587, confidence_score=0.424.",risa-vigia-0.1.0
SIG-PAT-0946-75cd287a2d,PAT-0946,2026-07-18 12:00:00,0.5802,HIGH,0.4242,2026-07-18 00:00:00,2026-07-18 12:00:00,"Riesgo HIGH para PAT-0946: evidencia sostenida durante 4 ventana(s) (12h). Variable con mayor aporte: SBP (contribución=0.36, concordancia=0.14 con 1/7 variables disponibles). risk_score=0.580, confidence_score=0.424.",risa-vigia-0.1.0
SIG-PAT-0946-6d883c33eb,PAT-0946,2026-07-19 15:00:00,0.4049,MEDIUM,0.4242,2026-07-19 03:00:00,2026-07-19 15:00:00,"Riesgo MEDIUM para PAT-0946: evidencia sostenida durante 4 ventana(s) (12h). Variable con mayor aporte: SBP (contribución=0.21, concordancia=0.00 con 0/7 variables disponibles). risk_score=0.405, confidence_score=0.424.",risa-vigia-0.1.0
SIG-PAT-0946-c35c2b65a2,PAT-0946,2026-07-21 09:00:00,0.4028,MEDIUM,0.8182,2026-07-20 21:00:00,2026-07-21 09:00:00,"Riesgo MEDIUM para PAT-0946: evidencia sostenida durante 4 ventana(s) (12h). Variable con mayor aporte: LAB_B (contribución=0.21, concordancia=0.11 con 1/9 variables disponibles). risk_score=0.403, confidence_score=0.818.",risa-vigia-0.1.0
SIG-PAT-0947-adfb1e4a84,PAT-0947,2026-07-06 06:00:00,0.7828,HIGH,0.4242,2026-07-03 06:00:00,2026-07-06 06:00:00,"Riesgo HIGH para PAT-0947: evidencia sostenida durante 24 ventana(s) (72h). Variable con mayor aporte: DBP (contribución=0.49, concordancia=0.29 con 2/7 variables disponibles). risk_score=0.783, confidence_score=0.424.",risa-vigia-0.1.0
SIG-PAT-0947-c44c3fb913,PAT-0947,2026-07-09 21:00:00,0.5386,MEDIUM,0.4242,2026-07-09 00:00:00,2026-07-09 21:00:00,"Riesgo MEDIUM para PAT-0947: evidencia sostenida durante 7 ventana(s) (21h). Variable con mayor aporte: DBP (contribución=0.41, concordancia=0.14 con 1/7 variables disponibles). risk_score=0.539, confidence_score=0.424.",risa-vigia-0.1.0
SIG-PAT-0948-51f606d1cc,PAT-0948,2026-07-24 12:00:00,0.5367,MEDIUM,0.4242,2026-07-24 00:00:00,2026-07-24 12:00:00,"Riesgo MEDIUM para PAT-0948: evidencia sostenida durante 4 ventana(s) (12h). Variable con mayor aporte: HR (contribución=0.40, concordancia=0.14 con 1/7 variables disponibles). risk_score=0.537, confidence_score=0.424.",risa-vigia-0.1.0
SIG-PAT-0948-00f2addf2a,PAT-0948,2026-07-26 18:00:00,0.395,MEDIUM,0.4242,2026-07-26 00:00:00,2026-07-26 18:00:00,"Riesgo MEDIUM para PAT-0948: evidencia sostenida durante 6 ventana(s) (18h). Variable con mayor aporte: HR (contribución=0.26, concordancia=0.14 con 1/7 variables disponibles). risk_score=0.395, confidence_score=0.424.",risa-vigia-0.1.0
SIG-PAT-0948-7665fb25b0,PAT-0948,2026-07-27 18:00:00,0.3922,MEDIUM,0.4242,2026-07-27 00:00:00,2026-07-27 18:00:00,"Riesgo MEDIUM para PAT-0948: evidencia sostenida durante 6 ventana(s) (18h). Variable con mayor aporte: SBP (contribución=0.18, concordancia=0.00 con 0/7 variables disponibles). risk_score=0.392, confidence_score=0.424.",risa-vigia-0.1.0
SIG-PAT-0948-11b9897cc2,PAT-0948,2026-07-29 12:00:00,0.436,MEDIUM,0.4242,2026-07-28 21:00:00,2026-07-29 12:00:00,"Riesgo MEDIUM para PAT-0948: evidencia sostenida durante 5 ventana(s) (15h). Variable con mayor aporte: HR (contribución=0.18, concordancia=0.00 con 0/7 variables disponibles). risk_score=0.436, confidence_score=0.424.",risa-vigia-0.1.0
SIG-PAT-0948-b9085f82a0,PAT-0948,2026-07-30 15:00:00,0.7341,HIGH,0.4242,2026-07-30 00:00:00,2026-07-30 15:00:00,"Riesgo HIGH para PAT-0948: evidencia sostenida durante 5 ventana(s) (15h). Variable con mayor aporte: HR (contribución=0.33, concordancia=0.43 con 3/7 variables disponibles). risk_score=0.734, confidence_score=0.424.",risa-vigia-0.1.0
SIG-PAT-0949-ebff60cfd5,PAT-0949,2026-07-19 00:00:00,0.6779,HIGH,0.4242,2026-07-18 03:00:00,2026-07-19 00:00:00,"Riesgo HIGH para PAT-0949: evidencia sostenida durante 7 ventana(s) (21h). Variable con mayor aporte: SBP (contribución=0.52, concordancia=0.14 con 1/7 variables disponibles). risk_score=0.678, confidence_score=0.424.",risa-vigia-0.1.0
SIG-PAT-0949-1a7ad068ae,PAT-0949,2026-07-20 12:00:00,0.6433,HIGH,0.4242,2026-07-19 00:00:00,2026-07-20 12:00:00,"Riesgo HIGH para PAT-0949: evidencia sostenida durante 12 ventana(s) (36h). Variable con mayor aporte: SBP (contribución=0.35, concordancia=0.29 con 2/7 variables disponibles). risk_score=0.643, confidence_score=0.424.",risa-vigia-0.1.0
SIG-PAT-0950-fbc6d14c0d,PAT-0950,2026-07-15 12:00:00,0.5864,HIGH,0.4242,2026-07-14 21:00:00,2026-07-15 12:00:00,"Riesgo HIGH para PAT-0950: evidencia sostenida durante 5 ventana(s) (15h). Variable con mayor aporte: HR (contribución=0.30, concordancia=0.14 con 1/7 variables disponibles). risk_score=0.586, confidence_score=0.424.",risa-vigia-0.1.0
SIG-PAT-0950-a33af5cfaa,PAT-0950,2026-07-18 12:00:00,0.6254,HIGH,0.4242,2026-07-18 00:00:00,2026-07-18 12:00:00,"Riesgo HIGH para PAT-0950: evidencia sostenida durante 4 ventana(s) (12h). Variable con mayor aporte: DBP (contribución=0.48, concordancia=0.14 con 1/7 variables disponibles). risk_score=0.625, confidence_score=0.424.",risa-vigia-0.1.0
SIG-PAT-0951-f2059da9fa,PAT-0951,2026-07-09 12:00:00,0.7358,HIGH,0.4242,2026-07-07 18:00:00,2026-07-09 12:00:00,"Riesgo HIGH para PAT-0951: evidencia sostenida durante 14 ventana(s) (42h). Variable con mayor aporte: HR (contribución=0.47, concordancia=0.29 con 2/7 variables disponibles). risk_score=0.736, confidence_score=0.424.",risa-vigia-0.1.0
SIG-PAT-0951-ebb0ce0374,PAT-0951,2026-07-10 21:00:00,0.9279,CRITICAL,0.4242,2026-07-09 15:00:00,2026-07-10 21:00:00,"Riesgo CRITICAL para PAT-0951: evidencia sostenida durante 10 ventana(s) (30h). Variable con mayor aporte: TEMP (contribución=0.73, concordancia=0.43 con 3/7 variables disponibles). risk_score=0.928, confidence_score=0.424.",risa-vigia-0.1.0
SIG-PAT-0951-0d02cbcb31,PAT-0951,2026-07-11 12:00:00,0.5764,HIGH,0.4242,2026-07-11 00:00:00,2026-07-11 12:00:00,"Riesgo HIGH para PAT-0951: evidencia sostenida durante 4 ventana(s) (12h). Variable con mayor aporte: SBP (contribución=0.37, concordancia=0.14 con 1/7 variables disponibles). risk_score=0.576, confidence_score=0.424.",risa-vigia-0.1.0
SIG-PAT-0952-2f0439c1bc,PAT-0952,2026-07-26 15:00:00,0.6203,HIGH,0.4242,2026-07-26 00:00:00,2026-07-26 15:00:00,"Riesgo HIGH para PAT-0952: evidencia sostenida durante 5 ventana(s) (15h). Variable con mayor aporte: HR (contribución=0.33, concordancia=0.14 con 1/7 variables disponibles). risk_score=0.620, confidence_score=0.424.",risa-vigia-0.1.0
SIG-PAT-0952-a9ec2272eb,PAT-0952,2026-07-27 18:00:00,0.4751,MEDIUM,0.4242,2026-07-27 00:00:00,2026-07-27 18:00:00,"Riesgo MEDIUM para PAT-0952: evidencia sostenida durante 6 ventana(s) (18h). Variable con mayor aporte: HR (contribución=0.26, concordancia=0.14 con 1/7 variables disponibles). risk_score=0.475, confidence_score=0.424.",risa-vigia-0.1.0
SIG-PAT-0952-7cd96a72ac,PAT-0952,2026-07-28 18:00:00,0.5698,HIGH,0.4134,2026-07-28 06:00:00,2026-07-28 18:00:00,"Riesgo HIGH para PAT-0952: evidencia sostenida durante 4 ventana(s) (12h). Variable con mayor aporte: SBP (contribución=0.39, concordancia=0.14 con 1/7 variables disponibles). risk_score=0.570, confidence_score=0.413.",risa-vigia-0.1.0
SIG-PAT-0953-75de71daef,PAT-0953,2026-07-21 12:00:00,0.4188,MEDIUM,0.4242,2026-07-20 18:00:00,2026-07-21 12:00:00,"Riesgo MEDIUM para PAT-0953: evidencia sostenida durante 6 ventana(s) (18h). Variable con mayor aporte: SBP (contribución=0.28, concordancia=0.14 con 1/7 variables disponibles). risk_score=0.419, confidence_score=0.424.",risa-vigia-0.1.0
SIG-PAT-0954-400ba3b88e,PAT-0954,2026-07-16 00:00:00,0.5951,HIGH,0.4242,2026-07-14 21:00:00,2026-07-16 00:00:00,"Riesgo HIGH para PAT-0954: evidencia sostenida durante 9 ventana(s) (27h). Variable con mayor aporte: HR (contribución=0.46, concordancia=0.14 con 1/7 variables disponibles). risk_score=0.595, confidence_score=0.424.",risa-vigia-0.1.0
SIG-PAT-0954-a63884be74,PAT-0954,2026-07-16 12:00:00,0.5325,MEDIUM,0.4242,2026-07-16 00:00:00,2026-07-16 12:00:00,"Riesgo MEDIUM para PAT-0954: evidencia sostenida durante 4 ventana(s) (12h). Variable con mayor aporte: HR (contribución=0.34, concordancia=0.14 con 1/7 variables disponibles). risk_score=0.533, confidence_score=0.424.",risa-vigia-0.1.0
SIG-PAT-0954-f6175e85c9,PAT-0954,2026-07-17 12:00:00,0.4868,MEDIUM,0.4242,2026-07-17 00:00:00,2026-07-17 12:00:00,"Riesgo MEDIUM para PAT-0954: evidencia sostenida durante 4 ventana(s) (12h). Variable con mayor aporte: HR (contribución=0.24, concordancia=0.00 con 0/7 variables disponibles). risk_score=0.487, confidence_score=0.424.",risa-vigia-0.1.0
SIG-PAT-0955-45b42e47b3,PAT-0955,2026-07-12 12:00:00,0.8839,CRITICAL,0.9091,2026-07-10 12:00:00,2026-07-12 12:00:00,"Riesgo CRITICAL para PAT-0955: evidencia sostenida durante 16 ventana(s) (48h). Variable con mayor aporte: SpO2 (contribución=0.50, concordancia=0.30 con 3/10 variables disponibles). risk_score=0.884, confidence_score=0.909.",risa-vigia-0.1.0
SIG-PAT-0955-4bd1840885,PAT-0955,2026-07-14 03:00:00,0.3741,MEDIUM,0.4242,2026-07-13 00:00:00,2026-07-14 03:00:00,"Riesgo MEDIUM para PAT-0955: evidencia sostenida durante 9 ventana(s) (27h). Variable con mayor aporte: SBP (contribución=0.28, concordancia=0.14 con 1/7 variables disponibles). risk_score=0.374, confidence_score=0.424.",risa-vigia-0.1.0
SIG-PAT-0956-e2a2d54086,PAT-0956,2026-07-11 12:00:00,0.428,MEDIUM,0.4242,2026-07-11 00:00:00,2026-07-11 12:00:00,"Riesgo MEDIUM para PAT-0956: evidencia sostenida durante 4 ventana(s) (12h). Variable con mayor aporte: HR (contribución=0.21, concordancia=0.00 con 0/7 variables disponibles). risk_score=0.428, confidence_score=0.424.",risa-vigia-0.1.0
SIG-PAT-0957-b09753c1d1,PAT-0957,2026-07-29 12:00:00,0.6778,HIGH,0.4242,2026-07-27 09:00:00,2026-07-29 12:00:00,"Riesgo HIGH para PAT-0957: evidencia sostenida durante 17 ventana(s) (51h). Variable con mayor aporte: SBP (contribución=0.40, concordancia=0.29 con 2/7 variables disponibles). risk_score=0.678, confidence_score=0.424.",risa-vigia-0.1.0
SIG-PAT-0959-3812ef36b2,PAT-0959,2026-07-12 18:00:00,0.4715,MEDIUM,0.4134,2026-07-12 03:00:00,2026-07-12 18:00:00,"Riesgo MEDIUM para PAT-0959: evidencia sostenida durante 5 ventana(s) (15h). Variable con mayor aporte: HR (contribución=0.17, concordancia=0.00 con 0/7 variables disponibles). risk_score=0.472, confidence_score=0.413.",risa-vigia-0.1.0
SIG-PAT-0959-8a16ff8d94,PAT-0959,2026-07-14 15:00:00,0.3894,MEDIUM,0.4242,2026-07-14 00:00:00,2026-07-14 15:00:00,"Riesgo MEDIUM para PAT-0959: evidencia sostenida durante 5 ventana(s) (15h). Variable con mayor aporte: DBP (contribución=0.18, concordancia=0.00 con 0/7 variables disponibles). risk_score=0.389, confidence_score=0.424.",risa-vigia-0.1.0
SIG-PAT-0959-d0214914af,PAT-0959,2026-07-18 12:00:00,0.5705,HIGH,0.4242,2026-07-18 00:00:00,2026-07-18 12:00:00,"Riesgo HIGH para PAT-0959: evidencia sostenida durante 4 ventana(s) (12h). Variable con mayor aporte: DBP (contribución=0.43, concordancia=0.14 con 1/7 variables disponibles). risk_score=0.571, confidence_score=0.424.",risa-vigia-0.1.0
SIG-PAT-0959-299676f03e,PAT-0959,2026-07-19 12:00:00,0.4186,MEDIUM,0.4242,2026-07-19 00:00:00,2026-07-19 12:00:00,"Riesgo MEDIUM para PAT-0959: evidencia sostenida durante 4 ventana(s) (12h). Variable con mayor aporte: HR (contribución=0.21, concordancia=0.00 con 0/7 variables disponibles). risk_score=0.419, confidence_score=0.424.",risa-vigia-0.1.0
SIG-PAT-0959-cc2b76675d,PAT-0959,2026-07-27 00:00:00,0.8041,CRITICAL,0.7273,2026-07-25 21:00:00,2026-07-27 00:00:00,"Riesgo CRITICAL para PAT-0959: evidencia sostenida durante 9 ventana(s) (27h). Variable con mayor aporte: LAB_C (contribución=0.70, concordancia=0.12 con 1/8 variables disponibles). risk_score=0.804, confidence_score=0.727.",risa-vigia-0.1.0
SIG-PAT-0960-c83e3a11d1,PAT-0960,2026-07-09 18:00:00,0.5147,MEDIUM,0.4242,2026-07-08 09:00:00,2026-07-09 18:00:00,"Riesgo MEDIUM para PAT-0960: evidencia sostenida durante 11 ventana(s) (33h). Variable con mayor aporte: HR (contribución=0.30, concordancia=0.14 con 1/7 variables disponibles). risk_score=0.515, confidence_score=0.424.",risa-vigia-0.1.0
SIG-PAT-0960-d208d3a0c8,PAT-0960,2026-07-10 12:00:00,0.741,HIGH,0.4242,2026-07-10 00:00:00,2026-07-10 12:00:00,"Riesgo HIGH para PAT-0960: evidencia sostenida durante 4 ventana(s) (12h). Variable con mayor aporte: SBP (contribución=0.64, concordancia=0.14 con 1/7 variables disponibles). risk_score=0.741, confidence_score=0.424.",risa-vigia-0.1.0
SIG-PAT-0960-e57f6676da,PAT-0960,2026-07-12 12:00:00,0.7995,HIGH,0.4242,2026-07-11 00:00:00,2026-07-12 12:00:00,"Riesgo HIGH para PAT-0960: evidencia sostenida durante 12 ventana(s) (36h). Variable con mayor aporte: SBP (contribución=0.70, concordancia=0.14 con 1/7 variables disponibles). risk_score=0.800, confidence_score=0.424.",risa-vigia-0.1.0
SIG-PAT-0960-5afc96a53d,PAT-0960,2026-07-13 12:00:00,0.606,HIGH,0.4242,2026-07-12 18:00:00,2026-07-13 12:00:00,"Riesgo HIGH para PAT-0960: evidencia sostenida durante 6 ventana(s) (18h). Variable con mayor aporte: SBP (contribución=0.54, concordancia=0.14 con 1/7 variables disponibles). risk_score=0.606, confidence_score=0.424.",risa-vigia-0.1.0
SIG-PAT-0961-3c271c5703,PAT-0961,2026-07-06 12:00:00,0.76,HIGH,0.4242,2026-07-04 12:00:00,2026-07-06 12:00:00,"Riesgo HIGH para PAT-0961: evidencia sostenida durante 16 ventana(s) (48h). Variable con mayor aporte: SBP (contribución=0.41, concordancia=0.29 con 2/7 variables disponibles). risk_score=0.760, confidence_score=0.424.",risa-vigia-0.1.0
SIG-PAT-0961-42d113408a,PAT-0961,2026-07-08 18:00:00,0.4952,MEDIUM,0.4136,2026-07-07 21:00:00,2026-07-08 18:00:00,"Riesgo MEDIUM para PAT-0961: evidencia sostenida durante 7 ventana(s) (21h). Variable con mayor aporte: DBP (contribución=0.32, concordancia=0.14 con 1/7 variables disponibles). risk_score=0.495, confidence_score=0.414.",risa-vigia-0.1.0
SIG-PAT-0961-dd1ce75ec1,PAT-0961,2026-07-13 12:00:00,0.4484,MEDIUM,0.4242,2026-07-13 00:00:00,2026-07-13 12:00:00,"Riesgo MEDIUM para PAT-0961: evidencia sostenida durante 4 ventana(s) (12h). Variable con mayor aporte: SBP (contribución=0.22, concordancia=0.00 con 0/7 variables disponibles). risk_score=0.448, confidence_score=0.424.",risa-vigia-0.1.0
SIG-PAT-0961-fb92b83be6,PAT-0961,2026-07-14 12:00:00,0.5383,MEDIUM,0.4242,2026-07-14 00:00:00,2026-07-14 12:00:00,"Riesgo MEDIUM para PAT-0961: evidencia sostenida durante 4 ventana(s) (12h). Variable con mayor aporte: SBP (contribución=0.28, concordancia=0.14 con 1/7 variables disponibles). risk_score=0.538, confidence_score=0.424.",risa-vigia-0.1.0
SIG-PAT-0961-157c9fdce3,PAT-0961,2026-07-16 15:00:00,0.6461,HIGH,0.4242,2026-07-16 03:00:00,2026-07-16 15:00:00,"Riesgo HIGH para PAT-0961: evidencia sostenida durante 4 ventana(s) (12h). Variable con mayor aporte: RR (contribución=0.31, concordancia=0.29 con 2/7 variables disponibles). risk_score=0.646, confidence_score=0.424.",risa-vigia-0.1.0
SIG-PAT-0961-193293481f,PAT-0961,2026-07-23 18:00:00,0.3219,MEDIUM,0.4242,2026-07-23 00:00:00,2026-07-23 18:00:00,"Riesgo MEDIUM para PAT-0961: evidencia sostenida durante 6 ventana(s) (18h). Variable con mayor aporte: HR (contribución=0.18, concordancia=0.00 con 0/7 variables disponibles). risk_score=0.322, confidence_score=0.424.",risa-vigia-0.1.0
SIG-PAT-0961-376d1ad930,PAT-0961,2026-07-24 12:00:00,0.5916,HIGH,0.4242,2026-07-24 00:00:00,2026-07-24 12:00:00,"Riesgo HIGH para PAT-0961: evidencia sostenida durante 4 ventana(s) (12h). Variable con mayor aporte: DBP (contribución=0.45, concordancia=0.14 con 1/7 variables disponibles). risk_score=0.592, confidence_score=0.424.",risa-vigia-0.1.0
SIG-PAT-0961-a7148da5cf,PAT-0961,2026-07-26 03:00:00,0.4421,MEDIUM,0.4242,2026-07-25 12:00:00,2026-07-26 03:00:00,"Riesgo MEDIUM para PAT-0961: evidencia sostenida durante 5 ventana(s) (15h). Variable con mayor aporte: SBP (contribución=0.28, concordancia=0.14 con 1/7 variables disponibles). risk_score=0.442, confidence_score=0.424.",risa-vigia-0.1.0
SIG-PAT-0962-01796a143c,PAT-0962,2026-07-03 21:00:00,0.5297,MEDIUM,0.4242,2026-07-02 21:00:00,2026-07-03 21:00:00,"Riesgo MEDIUM para PAT-0962: evidencia sostenida durante 8 ventana(s) (24h). Variable con mayor aporte: DBP (contribución=0.32, concordancia=0.14 con 1/7 variables disponibles). risk_score=0.530, confidence_score=0.424.",risa-vigia-0.1.0
SIG-PAT-0962-e16c49ed72,PAT-0962,2026-07-04 12:00:00,0.5854,HIGH,0.4242,2026-07-04 00:00:00,2026-07-04 12:00:00,"Riesgo HIGH para PAT-0962: evidencia sostenida durante 4 ventana(s) (12h). Variable con mayor aporte: DBP (contribución=0.39, concordancia=0.14 con 1/7 variables disponibles). risk_score=0.585, confidence_score=0.424.",risa-vigia-0.1.0
SIG-PAT-0962-53635ae8f0,PAT-0962,2026-07-06 03:00:00,0.5637,HIGH,0.4242,2026-07-05 21:00:00,2026-07-06 03:00:00,"Riesgo HIGH para PAT-0962: evidencia sostenida durante 2 ventana(s) (6h). Variable con mayor aporte: SBP (contribución=0.32, concordancia=0.14 con 1/7 variables disponibles). risk_score=0.564, confidence_score=0.424.",risa-vigia-0.1.0
SIG-PAT-0963-22d3d1c12d,PAT-0963,2026-07-23 12:00:00,0.4748,MEDIUM,0.4242,2026-07-23 00:00:00,2026-07-23 12:00:00,"Riesgo MEDIUM para PAT-0963: evidencia sostenida durante 4 ventana(s) (12h). Variable con mayor aporte: HR (contribución=0.30, concordancia=0.14 con 1/7 variables disponibles). risk_score=0.475, confidence_score=0.424.",risa-vigia-0.1.0
SIG-PAT-0963-b031f1ca36,PAT-0963,2026-07-26 18:00:00,0.4971,MEDIUM,0.4242,2026-07-25 15:00:00,2026-07-26 18:00:00,"Riesgo MEDIUM para PAT-0963: evidencia sostenida durante 9 ventana(s) (27h). Variable con mayor aporte: RR (contribución=0.24, concordancia=0.00 con 0/7 variables disponibles). risk_score=0.497, confidence_score=0.424.",risa-vigia-0.1.0
SIG-PAT-0964-bb50872d02,PAT-0964,2026-07-09 12:00:00,0.4325,MEDIUM,0.4242,2026-07-08 21:00:00,2026-07-09 12:00:00,"Riesgo MEDIUM para PAT-0964: evidencia sostenida durante 5 ventana(s) (15h). Variable con mayor aporte: HR (contribución=0.20, concordancia=0.00 con 0/7 variables disponibles). risk_score=0.433, confidence_score=0.424.",risa-vigia-0.1.0
SIG-PAT-0964-eb3e436059,PAT-0964,2026-07-13 15:00:00,0.7543,HIGH,0.4242,2026-07-13 00:00:00,2026-07-13 15:00:00,"Riesgo HIGH para PAT-0964: evidencia sostenida durante 5 ventana(s) (15h). Variable con mayor aporte: DBP (contribución=0.44, concordancia=0.29 con 2/7 variables disponibles). risk_score=0.754, confidence_score=0.424.",risa-vigia-0.1.0
SIG-PAT-0965-4a215c2cfe,PAT-0965,2026-07-11 12:00:00,0.5602,HIGH,0.4242,2026-07-10 06:00:00,2026-07-11 12:00:00,"Riesgo HIGH para PAT-0965: evidencia sostenida durante 10 ventana(s) (30h). Variable con mayor aporte: TEMP (contribución=0.47, concordancia=0.14 con 1/7 variables disponibles). risk_score=0.560, confidence_score=0.424.",risa-vigia-0.1.0
SIG-PAT-0965-e37e55a4f4,PAT-0965,2026-07-13 12:00:00,0.8834,CRITICAL,0.4131,2026-07-12 21:00:00,2026-07-13 12:00:00,"Riesgo CRITICAL para PAT-0965: evidencia sostenida durante 5 ventana(s) (15h). Variable con mayor aporte: DBP (contribución=0.85, concordancia=0.14 con 1/7 variables disponibles). risk_score=0.883, confidence_score=0.413.",risa-vigia-0.1.0
SIG-PAT-0965-6227c628b2,PAT-0965,2026-07-16 09:00:00,0.4116,MEDIUM,0.4242,2026-07-16 00:00:00,2026-07-16 09:00:00,"Riesgo MEDIUM para PAT-0965: evidencia sostenida durante 3 ventana(s) (9h). Variable con mayor aporte: HR (contribución=0.21, concordancia=0.00 con 0/7 variables disponibles). risk_score=0.412, confidence_score=0.424.",risa-vigia-0.1.0
SIG-PAT-0966-094c4d520b,PAT-0966,2026-07-02 18:00:00,0.4217,MEDIUM,0.4242,2026-07-02 06:00:00,2026-07-02 18:00:00,"Riesgo MEDIUM para PAT-0966: evidencia sostenida durante 4 ventana(s) (12h). Variable con mayor aporte: TEMP (contribución=0.36, concordancia=0.14 con 1/7 variables disponibles). risk_score=0.422, confidence_score=0.424.",risa-vigia-0.1.0
SIG-PAT-0966-13adad5cf1,PAT-0966,2026-07-03 12:00:00,0.4881,MEDIUM,0.4242,2026-07-03 00:00:00,2026-07-03 12:00:00,"Riesgo MEDIUM para PAT-0966: evidencia sostenida durante 4 ventana(s) (12h). Variable con mayor aporte: HR (contribución=0.38, concordancia=0.14 con 1/7 variables disponibles). risk_score=0.488, confidence_score=0.424.",risa-vigia-0.1.0
SIG-PAT-0966-3281a54e72,PAT-0966,2026-07-04 12:00:00,0.5637,HIGH,0.4242,2026-07-04 00:00:00,2026-07-04 12:00:00,"Riesgo HIGH para PAT-0966: evidencia sostenida durante 4 ventana(s) (12h). Variable con mayor aporte: HR (contribución=0.45, concordancia=0.14 con 1/7 variables disponibles). risk_score=0.564, confidence_score=0.424.",risa-vigia-0.1.0
SIG-PAT-0966-6ec504087e,PAT-0966,2026-07-05 12:00:00,0.3694,MEDIUM,0.4242,2026-07-05 00:00:00,2026-07-05 12:00:00,"Riesgo MEDIUM para PAT-0966: evidencia sostenida durante 4 ventana(s) (12h). Variable con mayor aporte: HR (contribución=0.24, concordancia=0.00 con 0/7 variables disponibles). risk_score=0.369, confidence_score=0.424.",risa-vigia-0.1.0
SIG-PAT-0966-c0e32bfb0a,PAT-0966,2026-07-07 12:00:00,0.3815,MEDIUM,0.4242,2026-07-06 00:00:00,2026-07-07 12:00:00,"Riesgo MEDIUM para PAT-0966: evidencia sostenida durante 12 ventana(s) (36h). Variable con mayor aporte: HR (contribución=0.24, concordancia=0.00 con 0/7 variables disponibles). risk_score=0.381, confidence_score=0.424.",risa-vigia-0.1.0
SIG-PAT-0966-6fdcf34e94,PAT-0966,2026-07-09 18:00:00,0.4138,MEDIUM,0.3636,2026-07-09 00:00:00,2026-07-09 18:00:00,"Riesgo MEDIUM para PAT-0966: evidencia sostenida durante 6 ventana(s) (18h). Variable con mayor aporte: HR (contribución=0.26, concordancia=0.17 con 1/6 variables disponibles). risk_score=0.414, confidence_score=0.364.",risa-vigia-0.1.0
SIG-PAT-0966-7c6df7af03,PAT-0966,2026-07-10 09:00:00,0.3179,MEDIUM,0.4242,2026-07-09 21:00:00,2026-07-10 09:00:00,"Riesgo MEDIUM para PAT-0966: evidencia sostenida durante 4 ventana(s) (12h). Variable con mayor aporte: DBP (contribución=0.12, concordancia=0.00 con 0/7 variables disponibles). risk_score=0.318, confidence_score=0.424.",risa-vigia-0.1.0
SIG-PAT-0967-65c87a1c52,PAT-0967,2026-07-13 18:00:00,0.871,CRITICAL,0.4242,2026-07-11 06:00:00,2026-07-13 18:00:00,"Riesgo CRITICAL para PAT-0967: evidencia sostenida durante 20 ventana(s) (60h). Variable con mayor aporte: TEMP (contribución=0.47, concordancia=0.43 con 3/7 variables disponibles). risk_score=0.871, confidence_score=0.424.",risa-vigia-0.1.0
SIG-PAT-0967-da11ea272e,PAT-0967,2026-07-14 15:00:00,0.7414,HIGH,0.4242,2026-07-13 21:00:00,2026-07-14 15:00:00,"Riesgo HIGH para PAT-0967: evidencia sostenida durante 6 ventana(s) (18h). Variable con mayor aporte: SBP (contribución=0.41, concordancia=0.29 con 2/7 variables disponibles). risk_score=0.741, confidence_score=0.424.",risa-vigia-0.1.0
SIG-PAT-0967-ba57986d2c,PAT-0967,2026-07-15 18:00:00,0.5848,HIGH,0.4242,2026-07-14 21:00:00,2026-07-15 18:00:00,"Riesgo HIGH para PAT-0967: evidencia sostenida durante 7 ventana(s) (21h). Variable con mayor aporte: SBP (contribución=0.48, concordancia=0.14 con 1/7 variables disponibles). risk_score=0.585, confidence_score=0.424.",risa-vigia-0.1.0
SIG-PAT-0967-2439dba788,PAT-0967,2026-07-16 12:00:00,0.4557,MEDIUM,0.4242,2026-07-16 00:00:00,2026-07-16 12:00:00,"Riesgo MEDIUM para PAT-0967: evidencia sostenida durante 4 ventana(s) (12h). Variable con mayor aporte: HR (contribución=0.25, concordancia=0.00 con 0/7 variables disponibles). risk_score=0.456, confidence_score=0.424.",risa-vigia-0.1.0
SIG-PAT-0968-a9b404e3f3,PAT-0968,2026-07-11 12:00:00,0.4324,MEDIUM,0.4242,2026-07-11 00:00:00,2026-07-11 12:00:00,"Riesgo MEDIUM para PAT-0968: evidencia sostenida durante 4 ventana(s) (12h). Variable con mayor aporte: HR (contribución=0.26, concordancia=0.14 con 1/7 variables disponibles). risk_score=0.432, confidence_score=0.424.",risa-vigia-0.1.0
SIG-PAT-0968-5e14f79b0a,PAT-0968,2026-07-15 12:00:00,0.5727,HIGH,0.4242,2026-07-14 21:00:00,2026-07-15 12:00:00,"Riesgo HIGH para PAT-0968: evidencia sostenida durante 5 ventana(s) (15h). Variable con mayor aporte: DBP (contribución=0.37, concordancia=0.14 con 1/7 variables disponibles). risk_score=0.573, confidence_score=0.424.",risa-vigia-0.1.0
SIG-PAT-0969-ebd5148628,PAT-0969,2026-07-12 12:00:00,0.4036,MEDIUM,0.4242,2026-07-11 15:00:00,2026-07-12 12:00:00,"Riesgo MEDIUM para PAT-0969: evidencia sostenida durante 7 ventana(s) (21h). Variable con mayor aporte: TEMP (contribución=0.21, concordancia=0.00 con 0/7 variables disponibles). risk_score=0.404, confidence_score=0.424.",risa-vigia-0.1.0
SIG-PAT-0969-47c359de3d,PAT-0969,2026-07-13 03:00:00,0.5814,HIGH,0.4242,2026-07-12 15:00:00,2026-07-13 03:00:00,"Riesgo HIGH para PAT-0969: evidencia sostenida durante 4 ventana(s) (12h). Variable con mayor aporte: HR (contribución=0.25, concordancia=0.14 con 1/7 variables disponibles). risk_score=0.581, confidence_score=0.424.",risa-vigia-0.1.0
SIG-PAT-0970-ec0841f8f3,PAT-0970,2026-07-28 12:00:00,0.5692,HIGH,0.4242,2026-07-27 15:00:00,2026-07-28 12:00:00,"Riesgo HIGH para PAT-0970: evidencia sostenida durante 7 ventana(s) (21h). Variable con mayor aporte: HR (contribución=0.45, concordancia=0.14 con 1/7 variables disponibles). risk_score=0.569, confidence_score=0.424.",risa-vigia-0.1.0
SIG-PAT-0970-d000540b2a,PAT-0970,2026-07-30 15:00:00,0.4491,MEDIUM,0.7273,2026-07-30 00:00:00,2026-07-30 15:00:00,"Riesgo MEDIUM para PAT-0970: evidencia sostenida durante 5 ventana(s) (15h). Variable con mayor aporte: RR (contribución=0.23, concordancia=0.00 con 0/8 variables disponibles). risk_score=0.449, confidence_score=0.727.",risa-vigia-0.1.0
SIG-PAT-0971-ab452ef2bc,PAT-0971,2026-07-02 12:00:00,0.7722,HIGH,0.4242,2026-07-01 15:00:00,2026-07-02 12:00:00,"Riesgo HIGH para PAT-0971: evidencia sostenida durante 7 ventana(s) (21h). Variable con mayor aporte: HR (contribución=0.46, concordancia=0.29 con 2/7 variables disponibles). risk_score=0.772, confidence_score=0.424.",risa-vigia-0.1.0
SIG-PAT-0971-33d58e73fc,PAT-0971,2026-07-04 18:00:00,0.7472,HIGH,0.4242,2026-07-02 21:00:00,2026-07-04 18:00:00,"Riesgo HIGH para PAT-0971: evidencia sostenida durante 15 ventana(s) (45h). Variable con mayor aporte: SBP (contribución=0.42, concordancia=0.29 con 2/7 variables disponibles). risk_score=0.747, confidence_score=0.424.",risa-vigia-0.1.0
SIG-PAT-0971-80d6f950f7,PAT-0971,2026-07-06 18:00:00,0.6104,HIGH,0.4242,2026-07-06 00:00:00,2026-07-06 18:00:00,"Riesgo HIGH para PAT-0971: evidencia sostenida durante 6 ventana(s) (18h). Variable con mayor aporte: DBP (contribución=0.38, concordancia=0.14 con 1/7 variables disponibles). risk_score=0.610, confidence_score=0.424.",risa-vigia-0.1.0
SIG-PAT-0971-2481cbc221,PAT-0971,2026-07-11 00:00:00,0.4391,MEDIUM,0.4242,2026-07-10 03:00:00,2026-07-11 00:00:00,"Riesgo MEDIUM para PAT-0971: evidencia sostenida durante 7 ventana(s) (21h). Variable con mayor aporte: DBP (contribución=0.35, concordancia=0.14 con 1/7 variables disponibles). risk_score=0.439, confidence_score=0.424.",risa-vigia-0.1.0
SIG-PAT-0971-5debf28b01,PAT-0971,2026-07-11 15:00:00,0.6,HIGH,0.4242,2026-07-11 00:00:00,2026-07-11 15:00:00,"Riesgo HIGH para PAT-0971: evidencia sostenida durante 5 ventana(s) (15h). Variable con mayor aporte: SBP (contribución=0.32, concordancia=0.14 con 1/7 variables disponibles). risk_score=0.600, confidence_score=0.424.",risa-vigia-0.1.0
SIG-PAT-0971-23b03fead0,PAT-0971,2026-07-13 15:00:00,0.5817,HIGH,0.4242,2026-07-13 00:00:00,2026-07-13 15:00:00,"Riesgo HIGH para PAT-0971: evidencia sostenida durante 5 ventana(s) (15h). Variable con mayor aporte: SBP (contribución=0.40, concordancia=0.14 con 1/7 variables disponibles). risk_score=0.582, confidence_score=0.424.",risa-vigia-0.1.0
SIG-PAT-0972-16a8a7ec0d,PAT-0972,2026-07-08 12:00:00,0.6502,HIGH,0.4242,2026-07-07 21:00:00,2026-07-08 12:00:00,"Riesgo HIGH para PAT-0972: evidencia sostenida durante 5 ventana(s) (15h). Variable con mayor aporte: HR (contribución=0.53, concordancia=0.14 con 1/7 variables disponibles). risk_score=0.650, confidence_score=0.424.",risa-vigia-0.1.0
SIG-PAT-0972-70fec14057,PAT-0972,2026-07-10 12:00:00,0.5996,HIGH,0.4242,2026-07-10 00:00:00,2026-07-10 12:00:00,"Riesgo HIGH para PAT-0972: evidencia sostenida durante 4 ventana(s) (12h). Variable con mayor aporte: DBP (contribución=0.38, concordancia=0.14 con 1/7 variables disponibles). risk_score=0.600, confidence_score=0.424.",risa-vigia-0.1.0
SIG-PAT-0972-2bad1789f2,PAT-0972,2026-07-12 12:00:00,0.5325,MEDIUM,0.4242,2026-07-12 00:00:00,2026-07-12 12:00:00,"Riesgo MEDIUM para PAT-0972: evidencia sostenida durante 4 ventana(s) (12h). Variable con mayor aporte: SBP (contribución=0.32, concordancia=0.14 con 1/7 variables disponibles). risk_score=0.533, confidence_score=0.424.",risa-vigia-0.1.0
SIG-PAT-0973-1d9eb8156e,PAT-0973,2026-07-29 06:00:00,0.909,CRITICAL,0.4242,2026-07-27 15:00:00,2026-07-29 06:00:00,"Riesgo CRITICAL para PAT-0973: evidencia sostenida durante 13 ventana(s) (39h). Variable con mayor aporte: SpO2 (contribución=0.61, concordancia=0.43 con 3/7 variables disponibles). risk_score=0.909, confidence_score=0.424.",risa-vigia-0.1.0
SIG-PAT-0974-bce6298c21,PAT-0974,2026-07-15 21:00:00,0.5053,MEDIUM,0.4242,2026-07-15 09:00:00,2026-07-15 21:00:00,"Riesgo MEDIUM para PAT-0974: evidencia sostenida durante 4 ventana(s) (12h). Variable con mayor aporte: HR (contribución=0.23, concordancia=0.14 con 1/7 variables disponibles). risk_score=0.505, confidence_score=0.424.",risa-vigia-0.1.0
SIG-PAT-0974-e83610def3,PAT-0974,2026-07-17 15:00:00,0.5596,HIGH,0.7273,2026-07-17 00:00:00,2026-07-17 15:00:00,"Riesgo HIGH para PAT-0974: evidencia sostenida durante 5 ventana(s) (15h). Variable con mayor aporte: SBP (contribución=0.29, concordancia=0.12 con 1/8 variables disponibles). risk_score=0.560, confidence_score=0.727.",risa-vigia-0.1.0
SIG-PAT-0974-009b4c52b6,PAT-0974,2026-07-21 09:00:00,0.6262,HIGH,0.4242,2026-07-21 03:00:00,2026-07-21 09:00:00,"Riesgo HIGH para PAT-0974: evidencia sostenida durante 2 ventana(s) (6h). Variable con mayor aporte: SBP (contribución=0.50, concordancia=0.14 con 1/7 variables disponibles). risk_score=0.626, confidence_score=0.424.",risa-vigia-0.1.0
SIG-PAT-0975-f752a087cf,PAT-0975,2026-07-12 12:00:00,0.5299,MEDIUM,0.4242,2026-07-12 00:00:00,2026-07-12 12:00:00,"Riesgo MEDIUM para PAT-0975: evidencia sostenida durante 4 ventana(s) (12h). Variable con mayor aporte: HR (contribución=0.44, concordancia=0.14 con 1/7 variables disponibles). risk_score=0.530, confidence_score=0.424.",risa-vigia-0.1.0
SIG-PAT-0975-ba0408fde6,PAT-0975,2026-07-13 18:00:00,0.5069,MEDIUM,0.4242,2026-07-13 00:00:00,2026-07-13 18:00:00,"Riesgo MEDIUM para PAT-0975: evidencia sostenida durante 6 ventana(s) (18h). Variable con mayor aporte: HR (contribución=0.29, concordancia=0.14 con 1/7 variables disponibles). risk_score=0.507, confidence_score=0.424.",risa-vigia-0.1.0
SIG-PAT-0975-15be0d7f75,PAT-0975,2026-07-15 12:00:00,0.5844,HIGH,0.4242,2026-07-15 00:00:00,2026-07-15 12:00:00,"Riesgo HIGH para PAT-0975: evidencia sostenida durante 4 ventana(s) (12h). Variable con mayor aporte: DBP (contribución=0.34, concordancia=0.14 con 1/7 variables disponibles). risk_score=0.584, confidence_score=0.424.",risa-vigia-0.1.0
SIG-PAT-0976-d59104e6d9,PAT-0976,2026-07-14 18:00:00,0.459,MEDIUM,0.4242,2026-07-14 00:00:00,2026-07-14 18:00:00,"Riesgo MEDIUM para PAT-0976: evidencia sostenida durante 6 ventana(s) (18h). Variable con mayor aporte: HR (contribución=0.22, concordancia=0.00 con 0/7 variables disponibles). risk_score=0.459, confidence_score=0.424.",risa-vigia-0.1.0
SIG-PAT-0976-f88e494382,PAT-0976,2026-07-15 21:00:00,0.4437,MEDIUM,0.4242,2026-07-15 00:00:00,2026-07-15 21:00:00,"Riesgo MEDIUM para PAT-0976: evidencia sostenida durante 7 ventana(s) (21h). Variable con mayor aporte: HR (contribución=0.27, concordancia=0.14 con 1/7 variables disponibles). risk_score=0.444, confidence_score=0.424.",risa-vigia-0.1.0
SIG-PAT-0976-298a7960af,PAT-0976,2026-07-16 12:00:00,0.7634,HIGH,0.4242,2026-07-16 00:00:00,2026-07-16 12:00:00,"Riesgo HIGH para PAT-0976: evidencia sostenida durante 4 ventana(s) (12h). Variable con mayor aporte: SBP (contribución=0.65, concordancia=0.14 con 1/7 variables disponibles). risk_score=0.763, confidence_score=0.424.",risa-vigia-0.1.0
SIG-PAT-0976-ad8ec5ae20,PAT-0976,2026-07-17 18:00:00,0.3934,MEDIUM,0.4242,2026-07-17 00:00:00,2026-07-17 18:00:00,"Riesgo MEDIUM para PAT-0976: evidencia sostenida durante 6 ventana(s) (18h). Variable con mayor aporte: HR (contribución=0.19, concordancia=0.00 con 0/7 variables disponibles). risk_score=0.393, confidence_score=0.424.",risa-vigia-0.1.0
SIG-PAT-0977-cfef4053c0,PAT-0977,2026-07-19 12:00:00,0.7776,HIGH,0.4242,2026-07-16 12:00:00,2026-07-19 12:00:00,"Riesgo HIGH para PAT-0977: evidencia sostenida durante 24 ventana(s) (72h). Variable con mayor aporte: SBP (contribución=0.71, concordancia=0.14 con 1/7 variables disponibles). risk_score=0.778, confidence_score=0.424.",risa-vigia-0.1.0
SIG-PAT-0977-c94f0b0748,PAT-0977,2026-07-21 12:00:00,0.4566,MEDIUM,0.4242,2026-07-21 00:00:00,2026-07-21 12:00:00,"Riesgo MEDIUM para PAT-0977: evidencia sostenida durante 4 ventana(s) (12h). Variable con mayor aporte: HR (contribución=0.25, concordancia=0.00 con 0/7 variables disponibles). risk_score=0.457, confidence_score=0.424.",risa-vigia-0.1.0
SIG-PAT-0978-26852701d8,PAT-0978,2026-07-27 12:00:00,0.6695,HIGH,0.4242,2026-07-27 00:00:00,2026-07-27 12:00:00,"Riesgo HIGH para PAT-0978: evidencia sostenida durante 4 ventana(s) (12h). Variable con mayor aporte: HR (contribución=0.50, concordancia=0.14 con 1/7 variables disponibles). risk_score=0.669, confidence_score=0.424.",risa-vigia-0.1.0
SIG-PAT-0978-90e0100706,PAT-0978,2026-07-28 12:00:00,0.4724,MEDIUM,0.4242,2026-07-28 00:00:00,2026-07-28 12:00:00,"Riesgo MEDIUM para PAT-0978: evidencia sostenida durante 4 ventana(s) (12h). Variable con mayor aporte: HR (contribución=0.27, concordancia=0.14 con 1/7 variables disponibles). risk_score=0.472, confidence_score=0.424.",risa-vigia-0.1.0
SIG-PAT-0978-c89f84db4c,PAT-0978,2026-07-30 18:00:00,0.4674,MEDIUM,0.7273,2026-07-30 00:00:00,2026-07-30 18:00:00,"Riesgo MEDIUM para PAT-0978: evidencia sostenida durante 6 ventana(s) (18h). Variable con mayor aporte: DBP (contribución=0.35, concordancia=0.12 con 1/8 variables disponibles). risk_score=0.467, confidence_score=0.727.",risa-vigia-0.1.0
SIG-PAT-0978-1864602b47,PAT-0978,2026-07-31 09:00:00,0.554,HIGH,0.4242,2026-07-31 00:00:00,2026-07-31 09:00:00,"Riesgo HIGH para PAT-0978: evidencia sostenida durante 3 ventana(s) (9h). Variable con mayor aporte: SBP (contribución=0.41, concordancia=0.14 con 1/7 variables disponibles). risk_score=0.554, confidence_score=0.424.",risa-vigia-0.1.0
SIG-PAT-0979-9676dd51bb,PAT-0979,2026-07-08 12:00:00,0.6098,HIGH,0.4242,2026-07-06 09:00:00,2026-07-08 12:00:00,"Riesgo HIGH para PAT-0979: evidencia sostenida durante 17 ventana(s) (51h). Variable con mayor aporte: SBP (contribución=0.32, concordancia=0.14 con 1/7 variables disponibles). risk_score=0.610, confidence_score=0.424.",risa-vigia-0.1.0
SIG-PAT-0980-35bf0ca95b,PAT-0980,2026-07-07 15:00:00,0.9771,CRITICAL,0.3636,2026-07-06 00:00:00,2026-07-07 15:00:00,"Riesgo CRITICAL para PAT-0980: evidencia sostenida durante 13 ventana(s) (39h). Variable con mayor aporte: TEMP (contribución=0.67, concordancia=0.67 con 4/6 variables disponibles). risk_score=0.977, confidence_score=0.364.",risa-vigia-0.1.0
SIG-PAT-0980-97c23d6b96,PAT-0980,2026-07-21 15:00:00,0.6471,HIGH,0.4242,2026-07-21 03:00:00,2026-07-21 15:00:00,"Riesgo HIGH para PAT-0980: evidencia sostenida durante 4 ventana(s) (12h). Variable con mayor aporte: DBP (contribución=0.48, concordancia=0.14 con 1/7 variables disponibles). risk_score=0.647, confidence_score=0.424.",risa-vigia-0.1.0
SIG-PAT-0980-a0283e8bb2,PAT-0980,2026-07-26 12:00:00,0.5167,MEDIUM,0.4242,2026-07-25 21:00:00,2026-07-26 12:00:00,"Riesgo MEDIUM para PAT-0980: evidencia sostenida durante 5 ventana(s) (15h). Variable con mayor aporte: HR (contribución=0.23, concordancia=0.00 con 0/7 variables disponibles). risk_score=0.517, confidence_score=0.424.",risa-vigia-0.1.0
SIG-PAT-0981-c60928ffd6,PAT-0981,2026-07-24 21:00:00,0.6145,HIGH,0.4131,2026-07-24 00:00:00,2026-07-24 21:00:00,"Riesgo HIGH para PAT-0981: evidencia sostenida durante 7 ventana(s) (21h). Variable con mayor aporte: HR (contribución=0.44, concordancia=0.14 con 1/7 variables disponibles). risk_score=0.615, confidence_score=0.413.",risa-vigia-0.1.0
SIG-PAT-0981-139fad1d6d,PAT-0981,2026-07-25 15:00:00,0.426,MEDIUM,0.4242,2026-07-25 00:00:00,2026-07-25 15:00:00,"Riesgo MEDIUM para PAT-0981: evidencia sostenida durante 5 ventana(s) (15h). Variable con mayor aporte: SBP (contribución=0.24, concordancia=0.00 con 0/7 variables disponibles). risk_score=0.426, confidence_score=0.424.",risa-vigia-0.1.0
SIG-PAT-0981-deef69f685,PAT-0981,2026-07-27 15:00:00,0.5506,HIGH,0.4242,2026-07-27 03:00:00,2026-07-27 15:00:00,"Riesgo HIGH para PAT-0981: evidencia sostenida durante 4 ventana(s) (12h). Variable con mayor aporte: SBP (contribución=0.38, concordancia=0.14 con 1/7 variables disponibles). risk_score=0.551, confidence_score=0.424.",risa-vigia-0.1.0
SIG-PAT-0982-aa97689f80,PAT-0982,2026-07-14 12:00:00,0.676,HIGH,0.4242,2026-07-13 18:00:00,2026-07-14 12:00:00,"Riesgo HIGH para PAT-0982: evidencia sostenida durante 6 ventana(s) (18h). Variable con mayor aporte: HR (contribución=0.50, concordancia=0.14 con 1/7 variables disponibles). risk_score=0.676, confidence_score=0.424.",risa-vigia-0.1.0
SIG-PAT-0982-e48f412279,PAT-0982,2026-07-16 12:00:00,0.4787,MEDIUM,0.4242,2026-07-15 21:00:00,2026-07-16 12:00:00,"Riesgo MEDIUM para PAT-0982: evidencia sostenida durante 5 ventana(s) (15h). Variable con mayor aporte: HR (contribución=0.20, concordancia=0.00 con 0/7 variables disponibles). risk_score=0.479, confidence_score=0.424.",risa-vigia-0.1.0
SIG-PAT-0982-904d47c5a8,PAT-0982,2026-07-17 12:00:00,0.6397,HIGH,0.9091,2026-07-16 21:00:00,2026-07-17 12:00:00,"Riesgo HIGH para PAT-0982: evidencia sostenida durante 5 ventana(s) (15h). Variable con mayor aporte: HR (contribución=0.29, concordancia=0.20 con 2/10 variables disponibles). risk_score=0.640, confidence_score=0.909.",risa-vigia-0.1.0
SIG-PAT-0983-c2253e3ddc,PAT-0983,2026-07-23 12:00:00,0.6978,HIGH,0.7273,2026-07-22 21:00:00,2026-07-23 12:00:00,"Riesgo HIGH para PAT-0983: evidencia sostenida durante 5 ventana(s) (15h). Variable con mayor aporte: HR (contribución=0.54, concordancia=0.12 con 1/8 variables disponibles). risk_score=0.698, confidence_score=0.727.",risa-vigia-0.1.0
SIG-PAT-0983-5afd0605b0,PAT-0983,2026-07-24 21:00:00,0.6446,HIGH,0.4242,2026-07-23 21:00:00,2026-07-24 21:00:00,"Riesgo HIGH para PAT-0983: evidencia sostenida durante 8 ventana(s) (24h). Variable con mayor aporte: HR (contribución=0.34, concordancia=0.29 con 2/7 variables disponibles). risk_score=0.645, confidence_score=0.424.",risa-vigia-0.1.0
SIG-PAT-0983-6146705532,PAT-0983,2026-07-25 15:00:00,0.6449,HIGH,0.4134,2026-07-25 03:00:00,2026-07-25 15:00:00,"Riesgo HIGH para PAT-0983: evidencia sostenida durante 4 ventana(s) (12h). Variable con mayor aporte: SBP (contribución=0.55, concordancia=0.14 con 1/7 variables disponibles). risk_score=0.645, confidence_score=0.413.",risa-vigia-0.1.0
SIG-PAT-0983-023dccf77f,PAT-0983,2026-07-26 15:00:00,0.4123,MEDIUM,0.4242,2026-07-26 00:00:00,2026-07-26 15:00:00,"Riesgo MEDIUM para PAT-0983: evidencia sostenida durante 5 ventana(s) (15h). Variable con mayor aporte: HR (contribución=0.27, concordancia=0.14 con 1/7 variables disponibles). risk_score=0.412, confidence_score=0.424.",risa-vigia-0.1.0
SIG-PAT-0983-457b3e15d7,PAT-0983,2026-07-27 09:00:00,0.3552,MEDIUM,0.4242,2026-07-27 00:00:00,2026-07-27 09:00:00,"Riesgo MEDIUM para PAT-0983: evidencia sostenida durante 3 ventana(s) (9h). Variable con mayor aporte: DBP (contribución=0.19, concordancia=0.00 con 0/7 variables disponibles). risk_score=0.355, confidence_score=0.424.",risa-vigia-0.1.0
SIG-PAT-0984-3b261c1cda,PAT-0984,2026-07-24 09:00:00,0.6908,HIGH,0.4134,2026-07-23 15:00:00,2026-07-24 09:00:00,"Riesgo HIGH para PAT-0984: evidencia sostenida durante 6 ventana(s) (18h). Variable con mayor aporte: TEMP (contribución=0.41, concordancia=0.29 con 2/7 variables disponibles). risk_score=0.691, confidence_score=0.413.",risa-vigia-0.1.0
SIG-PAT-0984-0fa8ba9373,PAT-0984,2026-07-25 12:00:00,0.3377,MEDIUM,0.4242,2026-07-25 00:00:00,2026-07-25 12:00:00,"Riesgo MEDIUM para PAT-0984: evidencia sostenida durante 4 ventana(s) (12h). Variable con mayor aporte: HR (contribución=0.13, concordancia=0.00 con 0/7 variables disponibles). risk_score=0.338, confidence_score=0.424.",risa-vigia-0.1.0
SIG-PAT-0985-a8c74ac064,PAT-0985,2026-07-19 15:00:00,0.7783,HIGH,0.4242,2026-07-18 21:00:00,2026-07-19 15:00:00,"Riesgo HIGH para PAT-0985: evidencia sostenida durante 6 ventana(s) (18h). Variable con mayor aporte: HR (contribución=0.46, concordancia=0.29 con 2/7 variables disponibles). risk_score=0.778, confidence_score=0.424.",risa-vigia-0.1.0
SIG-PAT-0985-ef3cd4825a,PAT-0985,2026-07-21 18:00:00,0.6985,HIGH,0.4242,2026-07-19 21:00:00,2026-07-21 18:00:00,"Riesgo HIGH para PAT-0985: evidencia sostenida durante 15 ventana(s) (45h). Variable con mayor aporte: HR (contribución=0.30, concordancia=0.29 con 2/7 variables disponibles). risk_score=0.698, confidence_score=0.424.",risa-vigia-0.1.0
SIG-PAT-0986-9f68f8d531,PAT-0986,2026-07-14 18:00:00,0.6881,HIGH,0.4242,2026-07-12 18:00:00,2026-07-14 18:00:00,"Riesgo HIGH para PAT-0986: evidencia sostenida durante 16 ventana(s) (48h). Variable con mayor aporte: HR (contribución=0.47, concordancia=0.29 con 2/7 variables disponibles). risk_score=0.688, confidence_score=0.424.",risa-vigia-0.1.0
SIG-PAT-0986-c4b4c6aa57,PAT-0986,2026-07-15 15:00:00,0.5144,MEDIUM,0.7273,2026-07-15 00:00:00,2026-07-15 15:00:00,"Riesgo MEDIUM para PAT-0986: evidencia sostenida durante 5 ventana(s) (15h). Variable con mayor aporte: HR (contribución=0.41, concordancia=0.12 con 1/8 variables disponibles). risk_score=0.514, confidence_score=0.727.",risa-vigia-0.1.0
SIG-PAT-0986-02993ca178,PAT-0986,2026-07-16 09:00:00,0.5007,MEDIUM,0.4242,2026-07-15 21:00:00,2026-07-16 09:00:00,"Riesgo MEDIUM para PAT-0986: evidencia sostenida durante 4 ventana(s) (12h). Variable con mayor aporte: HR (contribución=0.29, concordancia=0.14 con 1/7 variables disponibles). risk_score=0.501, confidence_score=0.424.",risa-vigia-0.1.0
SIG-PAT-0987-f4398bf7e4,PAT-0987,2026-07-04 09:00:00,0.608,HIGH,0.4242,2026-07-03 21:00:00,2026-07-04 09:00:00,"Riesgo HIGH para PAT-0987: evidencia sostenida durante 4 ventana(s) (12h). Variable con mayor aporte: HR (contribución=0.56, concordancia=0.14 con 1/7 variables disponibles). risk_score=0.608, confidence_score=0.424.",risa-vigia-0.1.0
SIG-PAT-0987-1bea6e06f5,PAT-0987,2026-07-09 00:00:00,0.587,HIGH,0.4242,2026-07-08 00:00:00,2026-07-09 00:00:00,"Riesgo HIGH para PAT-0987: evidencia sostenida durante 8 ventana(s) (24h). Variable con mayor aporte: DBP (contribución=0.32, concordancia=0.14 con 1/7 variables disponibles). risk_score=0.587, confidence_score=0.424.",risa-vigia-0.1.0
SIG-PAT-0987-a47f3bf1a4,PAT-0987,2026-07-11 18:00:00,0.5413,MEDIUM,0.4242,2026-07-11 06:00:00,2026-07-11 18:00:00,"Riesgo MEDIUM para PAT-0987: evidencia sostenida durante 4 ventana(s) (12h). Variable con mayor aporte: SBP (contribución=0.32, concordancia=0.14 con 1/7 variables disponibles). risk_score=0.541, confidence_score=0.424.",risa-vigia-0.1.0
SIG-PAT-0988-200594f8bb,PAT-0988,2026-07-23 15:00:00,0.5295,MEDIUM,0.4242,2026-07-23 03:00:00,2026-07-23 15:00:00,"Riesgo MEDIUM para PAT-0988: evidencia sostenida durante 4 ventana(s) (12h). Variable con mayor aporte: SBP (contribución=0.28, concordancia=0.14 con 1/7 variables disponibles). risk_score=0.530, confidence_score=0.424.",risa-vigia-0.1.0
SIG-PAT-0988-2e62d85fe3,PAT-0988,2026-07-28 21:00:00,0.8796,CRITICAL,0.4242,2026-07-28 09:00:00,2026-07-28 21:00:00,"Riesgo CRITICAL para PAT-0988: evidencia sostenida durante 4 ventana(s) (12h). Variable con mayor aporte: SpO2 (contribución=0.48, concordancia=0.43 con 3/7 variables disponibles). risk_score=0.880, confidence_score=0.424.",risa-vigia-0.1.0
SIG-PAT-0989-da54427d17,PAT-0989,2026-07-12 00:00:00,0.9421,CRITICAL,0.4242,2026-07-09 12:00:00,2026-07-12 00:00:00,"Riesgo CRITICAL para PAT-0989: evidencia sostenida durante 20 ventana(s) (60h). Variable con mayor aporte: TEMP (contribución=0.68, concordancia=0.43 con 3/7 variables disponibles). risk_score=0.942, confidence_score=0.424.",risa-vigia-0.1.0
SIG-PAT-0989-a1cbe55908,PAT-0989,2026-07-14 12:00:00,0.5025,MEDIUM,0.4242,2026-07-14 00:00:00,2026-07-14 12:00:00,"Riesgo MEDIUM para PAT-0989: evidencia sostenida durante 4 ventana(s) (12h). Variable con mayor aporte: HR (contribución=0.29, concordancia=0.14 con 1/7 variables disponibles). risk_score=0.503, confidence_score=0.424.",risa-vigia-0.1.0
SIG-PAT-0989-4f8ffe3094,PAT-0989,2026-07-15 12:00:00,0.5006,MEDIUM,0.7273,2026-07-15 00:00:00,2026-07-15 12:00:00,"Riesgo MEDIUM para PAT-0989: evidencia sostenida durante 4 ventana(s) (12h). Variable con mayor aporte: HR (contribución=0.31, concordancia=0.12 con 1/8 variables disponibles). risk_score=0.501, confidence_score=0.727.",risa-vigia-0.1.0
SIG-PAT-0989-50483ea883,PAT-0989,2026-07-16 12:00:00,0.4046,MEDIUM,0.4242,2026-07-16 00:00:00,2026-07-16 12:00:00,"Riesgo MEDIUM para PAT-0989: evidencia sostenida durante 4 ventana(s) (12h). Variable con mayor aporte: HR (contribución=0.26, concordancia=0.14 con 1/7 variables disponibles). risk_score=0.405, confidence_score=0.424.",risa-vigia-0.1.0
SIG-PAT-0989-8b57803ce9,PAT-0989,2026-07-17 12:00:00,0.4656,MEDIUM,0.4242,2026-07-17 00:00:00,2026-07-17 12:00:00,"Riesgo MEDIUM para PAT-0989: evidencia sostenida durante 4 ventana(s) (12h). Variable con mayor aporte: HR (contribución=0.36, concordancia=0.14 con 1/7 variables disponibles). risk_score=0.466, confidence_score=0.424.",risa-vigia-0.1.0
SIG-PAT-0990-bbf67f7f09,PAT-0990,2026-07-09 15:00:00,0.6783,HIGH,0.4242,2026-07-08 18:00:00,2026-07-09 15:00:00,"Riesgo HIGH para PAT-0990: evidencia sostenida durante 7 ventana(s) (21h). Variable con mayor aporte: SBP (contribución=0.57, concordancia=0.14 con 1/7 variables disponibles). risk_score=0.678, confidence_score=0.424.",risa-vigia-0.1.0
SIG-PAT-0990-56093f5220,PAT-0990,2026-07-10 21:00:00,0.5615,HIGH,0.4242,2026-07-09 21:00:00,2026-07-10 21:00:00,"Riesgo HIGH para PAT-0990: evidencia sostenida durante 8 ventana(s) (24h). Variable con mayor aporte: SBP (contribución=0.43, concordancia=0.14 con 1/7 variables disponibles). risk_score=0.562, confidence_score=0.424.",risa-vigia-0.1.0
SIG-PAT-0990-e0280068d2,PAT-0990,2026-07-11 12:00:00,0.5641,HIGH,0.4242,2026-07-11 00:00:00,2026-07-11 12:00:00,"Riesgo HIGH para PAT-0990: evidencia sostenida durante 4 ventana(s) (12h). Variable con mayor aporte: DBP (contribución=0.30, concordancia=0.14 con 1/7 variables disponibles). risk_score=0.564, confidence_score=0.424.",risa-vigia-0.1.0
SIG-PAT-0992-7e09d11554,PAT-0992,2026-07-08 21:00:00,0.5188,MEDIUM,0.4242,2026-07-08 06:00:00,2026-07-08 21:00:00,"Riesgo MEDIUM para PAT-0992: evidencia sostenida durante 5 ventana(s) (15h). Variable con mayor aporte: DBP (contribución=0.33, concordancia=0.14 con 1/7 variables disponibles). risk_score=0.519, confidence_score=0.424.",risa-vigia-0.1.0
SIG-PAT-0992-e6f74fe8bd,PAT-0992,2026-07-09 21:00:00,0.6647,HIGH,0.4242,2026-07-09 00:00:00,2026-07-09 21:00:00,"Riesgo HIGH para PAT-0992: evidencia sostenida durante 7 ventana(s) (21h). Variable con mayor aporte: HR (contribución=0.52, concordancia=0.14 con 1/7 variables disponibles). risk_score=0.665, confidence_score=0.424.",risa-vigia-0.1.0
SIG-PAT-0992-c5ce51b648,PAT-0992,2026-07-10 21:00:00,0.9886,CRITICAL,0.4242,2026-07-10 00:00:00,2026-07-10 21:00:00,"Riesgo CRITICAL para PAT-0992: evidencia sostenida durante 7 ventana(s) (21h). Variable con mayor aporte: SpO2 (contribución=0.77, concordancia=0.57 con 4/7 variables disponibles). risk_score=0.989, confidence_score=0.424.",risa-vigia-0.1.0
SIG-PAT-0992-5b24ea4dd4,PAT-0992,2026-07-11 12:00:00,0.5535,HIGH,0.4131,2026-07-11 00:00:00,2026-07-11 12:00:00,"Riesgo HIGH para PAT-0992: evidencia sostenida durante 4 ventana(s) (12h). Variable con mayor aporte: SBP (contribución=0.40, concordancia=0.14 con 1/7 variables disponibles). risk_score=0.554, confidence_score=0.413.",risa-vigia-0.1.0
SIG-PAT-0993-180ef68e0d,PAT-0993,2026-07-12 15:00:00,0.6149,HIGH,0.4242,2026-07-12 00:00:00,2026-07-12 15:00:00,"Riesgo HIGH para PAT-0993: evidencia sostenida durante 5 ventana(s) (15h). Variable con mayor aporte: HR (contribución=0.35, concordancia=0.29 con 2/7 variables disponibles). risk_score=0.615, confidence_score=0.424.",risa-vigia-0.1.0
SIG-PAT-0993-f83ab7bf3a,PAT-0993,2026-07-13 15:00:00,0.6551,HIGH,0.4136,2026-07-12 21:00:00,2026-07-13 15:00:00,"Riesgo HIGH para PAT-0993: evidencia sostenida durante 6 ventana(s) (18h). Variable con mayor aporte: HR (contribución=0.28, concordancia=0.14 con 1/7 variables disponibles). risk_score=0.655, confidence_score=0.414.",risa-vigia-0.1.0
SIG-PAT-0993-47cba10ea0,PAT-0993,2026-07-14 21:00:00,0.5575,HIGH,0.4136,2026-07-13 21:00:00,2026-07-14 21:00:00,"Riesgo HIGH para PAT-0993: evidencia sostenida durante 8 ventana(s) (24h). Variable con mayor aporte: HR (contribución=0.30, concordancia=0.14 con 1/7 variables disponibles). risk_score=0.557, confidence_score=0.414.",risa-vigia-0.1.0
SIG-PAT-0993-039a1314bd,PAT-0993,2026-07-16 09:00:00,0.7697,HIGH,0.4242,2026-07-16 00:00:00,2026-07-16 09:00:00,"Riesgo HIGH para PAT-0993: evidencia sostenida durante 3 ventana(s) (9h). Variable con mayor aporte: SBP (contribución=0.50, concordancia=0.29 con 2/7 variables disponibles). risk_score=0.770, confidence_score=0.424.",risa-vigia-0.1.0
SIG-PAT-0994-be8cecd22e,PAT-0994,2026-07-20 12:00:00,0.3335,MEDIUM,0.4242,2026-07-19 21:00:00,2026-07-20 12:00:00,"Riesgo MEDIUM para PAT-0994: evidencia sostenida durante 5 ventana(s) (15h). Variable con mayor aporte: RR (contribución=0.25, concordancia=0.00 con 0/7 variables disponibles). risk_score=0.333, confidence_score=0.424.",risa-vigia-0.1.0
SIG-PAT-0994-27729a90e4,PAT-0994,2026-07-22 18:00:00,0.5276,MEDIUM,0.4242,2026-07-22 06:00:00,2026-07-22 18:00:00,"Riesgo MEDIUM para PAT-0994: evidencia sostenida durante 4 ventana(s) (12h). Variable con mayor aporte: SBP (contribución=0.27, concordancia=0.14 con 1/7 variables disponibles). risk_score=0.528, confidence_score=0.424.",risa-vigia-0.1.0
SIG-PAT-0994-d02689fd75,PAT-0994,2026-07-24 03:00:00,0.6423,HIGH,0.4242,2026-07-23 21:00:00,2026-07-24 03:00:00,"Riesgo HIGH para PAT-0994: evidencia sostenida durante 2 ventana(s) (6h). Variable con mayor aporte: HR (contribución=0.35, concordancia=0.29 con 2/7 variables disponibles). risk_score=0.642, confidence_score=0.424.",risa-vigia-0.1.0
SIG-PAT-0995-9adb90ac75,PAT-0995,2026-07-22 18:00:00,0.7306,HIGH,0.4242,2026-07-20 18:00:00,2026-07-22 18:00:00,"Riesgo HIGH para PAT-0995: evidencia sostenida durante 16 ventana(s) (48h). Variable con mayor aporte: SBP (contribución=0.39, concordancia=0.29 con 2/7 variables disponibles). risk_score=0.731, confidence_score=0.424.",risa-vigia-0.1.0
SIG-PAT-0996-83bd0dea96,PAT-0996,2026-07-26 15:00:00,0.8243,CRITICAL,0.4242,2026-07-24 21:00:00,2026-07-26 15:00:00,"Riesgo CRITICAL para PAT-0996: evidencia sostenida durante 14 ventana(s) (42h). Variable con mayor aporte: HR (contribución=0.48, concordancia=0.43 con 3/7 variables disponibles). risk_score=0.824, confidence_score=0.424.",risa-vigia-0.1.0
SIG-PAT-0997-b9622d66f4,PAT-0997,2026-07-11 21:00:00,0.7561,HIGH,0.4242,2026-07-10 21:00:00,2026-07-11 21:00:00,"Riesgo HIGH para PAT-0997: evidencia sostenida durante 8 ventana(s) (24h). Variable con mayor aporte: DBP (contribución=0.43, concordancia=0.29 con 2/7 variables disponibles). risk_score=0.756, confidence_score=0.424.",risa-vigia-0.1.0
SIG-PAT-0997-e89b59a0f9,PAT-0997,2026-07-13 15:00:00,0.5119,MEDIUM,0.4242,2026-07-13 00:00:00,2026-07-13 15:00:00,"Riesgo MEDIUM para PAT-0997: evidencia sostenida durante 5 ventana(s) (15h). Variable con mayor aporte: HR (contribución=0.23, concordancia=0.00 con 0/7 variables disponibles). risk_score=0.512, confidence_score=0.424.",risa-vigia-0.1.0
SIG-PAT-0998-3452a3bd65,PAT-0998,2026-07-21 12:00:00,0.5036,MEDIUM,1.0,2026-07-20 18:00:00,2026-07-21 12:00:00,"Riesgo MEDIUM para PAT-0998: evidencia sostenida durante 6 ventana(s) (18h). Variable con mayor aporte: LAB_A (contribución=0.33, concordancia=0.09 con 1/11 variables disponibles). risk_score=0.504, confidence_score=1.000.",risa-vigia-0.1.0
SIG-PAT-0998-85734a4917,PAT-0998,2026-07-22 12:00:00,0.806,CRITICAL,0.4242,2026-07-21 21:00:00,2026-07-22 12:00:00,"Riesgo CRITICAL para PAT-0998: evidencia sostenida durante 5 ventana(s) (15h). Variable con mayor aporte: DBP (contribución=0.74, concordancia=0.14 con 1/7 variables disponibles). risk_score=0.806, confidence_score=0.424.",risa-vigia-0.1.0
SIG-PAT-0998-4ec76d992c,PAT-0998,2026-07-23 09:00:00,0.8764,CRITICAL,0.4131,2026-07-22 21:00:00,2026-07-23 09:00:00,"Riesgo CRITICAL para PAT-0998: evidencia sostenida durante 4 ventana(s) (12h). Variable con mayor aporte: SBP (contribución=0.84, concordancia=0.14 con 1/7 variables disponibles). risk_score=0.876, confidence_score=0.413.",risa-vigia-0.1.0
SIG-PAT-0999-ad76050261,PAT-0999,2026-07-03 18:00:00,0.4638,MEDIUM,0.4242,2026-07-03 06:00:00,2026-07-03 18:00:00,"Riesgo MEDIUM para PAT-0999: evidencia sostenida durante 4 ventana(s) (12h). Variable con mayor aporte: SpO2 (contribución=0.41, concordancia=0.14 con 1/7 variables disponibles). risk_score=0.464, confidence_score=0.424.",risa-vigia-0.1.0
SIG-PAT-0999-1375aacba4,PAT-0999,2026-07-04 12:00:00,0.5142,MEDIUM,0.4131,2026-07-04 00:00:00,2026-07-04 12:00:00,"Riesgo MEDIUM para PAT-0999: evidencia sostenida durante 4 ventana(s) (12h). Variable con mayor aporte: HR (contribución=0.38, concordancia=0.14 con 1/7 variables disponibles). risk_score=0.514, confidence_score=0.413.",risa-vigia-0.1.0
SIG-PAT-0999-9bfc5831bb,PAT-0999,2026-07-05 15:00:00,0.7069,HIGH,0.4242,2026-07-05 00:00:00,2026-07-05 15:00:00,"Riesgo HIGH para PAT-0999: evidencia sostenida durante 5 ventana(s) (15h). Variable con mayor aporte: SBP (contribución=0.44, concordancia=0.29 con 2/7 variables disponibles). risk_score=0.707, confidence_score=0.424.",risa-vigia-0.1.0
SIG-PAT-0999-173bfe1f66,PAT-0999,2026-07-06 12:00:00,0.4278,MEDIUM,0.4242,2026-07-06 00:00:00,2026-07-06 12:00:00,"Riesgo MEDIUM para PAT-0999: evidencia sostenida durante 4 ventana(s) (12h). Variable con mayor aporte: HR (contribución=0.24, concordancia=0.00 con 0/7 variables disponibles). risk_score=0.428, confidence_score=0.424.",risa-vigia-0.1.0
SIG-PAT-0999-99926ffa64,PAT-0999,2026-07-07 15:00:00,0.4918,MEDIUM,0.4242,2026-07-06 21:00:00,2026-07-07 15:00:00,"Riesgo MEDIUM para PAT-0999: evidencia sostenida durante 6 ventana(s) (18h). Variable con mayor aporte: DBP (contribución=0.24, concordancia=0.00 con 0/7 variables disponibles). risk_score=0.492, confidence_score=0.424.",risa-vigia-0.1.0
SIG-PAT-0999-e33b1196c1,PAT-0999,2026-07-11 09:00:00,0.6789,HIGH,0.4242,2026-07-10 00:00:00,2026-07-11 09:00:00,"Riesgo HIGH para PAT-0999: evidencia sostenida durante 11 ventana(s) (33h). Variable con mayor aporte: SBP (contribución=0.41, concordancia=0.29 con 2/7 variables disponibles). risk_score=0.679, confidence_score=0.424.",risa-vigia-0.1.0
SIG-PAT-1000-59581d5c49,PAT-1000,2026-07-07 15:00:00,0.4063,MEDIUM,0.7273,2026-07-07 03:00:00,2026-07-07 15:00:00,"Riesgo MEDIUM para PAT-1000: evidencia sostenida durante 4 ventana(s) (12h). Variable con mayor aporte: LAB_D (contribución=0.23, concordancia=0.12 con 1/8 variables disponibles). risk_score=0.406, confidence_score=0.727.",risa-vigia-0.1.0
